edad,sexo,tratamiento_con_tiroxina,consulta_sobre_tiroxina,medicacion_antitiroidea,enfermo,embarazada,cirugia_tiroidea,tratamiento_I131,consulta_hipotiroidismo,consulta_hipertiroidismo,litio,bocio,tumor,hipopituitarismo,trastorno_psiquiatrico,TSH_medida,TSH,T3_medida,T3,TT4_medida,TT4,T4U_medida,T4U,FTI_medido,FTI,TBG_medida,TBG,fuente,diagnostico,id,clase
29,F,f,f,f,f,f,f,f,t,f,f,f,f,f,f,t,0.3,f,,f,,f,,f,,f,,other,-,840801013,otro
29,F,f,f,f,f,f,f,f,f,f,f,f,f,f,f,t,1.6,t,1.9,t,128,f,,f,,f,,other,-,840801014,otro
41,F,f,f,f,f,f,f,f,f,t,f,f,f,f,f,f,,f,,f,,f,,f,,t,11,other,-,840801042,otro
36,F,f,f,f,f,f,f,f,f,f,f,f,f,f,f,f,,f,,f,,f,,f,,t,26,other,-,840803046,otro
32,F,f,f,f,f,f,f,f,f,f,f,f,f,f,f,f,,f,,f,,f,,f,,t,36,other,S,840803047,otro
60,F,f,f,f,f,f,f,f,f,f,f,f,f,f,f,f,,f,,f,,f,,f,,t,26,other,-,840803048,otro
77,F,f,f,f,f,f,f,f,f,f,f,f,f,f,f,f,,f,,f,,f,,f,,t,21,other,-,840803068,otro
28,F,f,f,f,f,f,f,f,f,f,f,f,f,f,f,t,0.7,t,2.6,t,116,f,,f,,f,,SVI,-,840807019,otro
28,F,f,f,f,f,f,f,f,f,f,f,f,f,f,f,t,1.2,t,1.8,t,76,f,,f,,f,,other,-,840808060,otro
28,F,f,f,f,f,f,f,f,f,f,f,f,f,f,f,t,1.9,t,1.7,t,83,f,,f,,f,,other,-,840808073,otro
54,F,f,f,f,f,f,f,f,f,f,f,f,f,f,f,t,1.9,t,2.3,t,133,f,,f,,f,,other,-,840810016,otro
42,F,f,f,f,f,f,f,f,f,f,f,f,f,f,f,t,1,t,1.8,t,105,f,,f,,f,,other,-,840813022,otro
51,M,t,f,f,f,f,f,f,f,f,f,f,f,f,f,t,0.5,f,,f,,f,,f,,f,,other,-,840813060,otro
51,F,f,f,f,f,f,f,f,f,f,f,f,f,f,f,t,0.7,t,2.4,t,116,f,,f,,f,,other,-,840813068,otro
37,F,f,f,f,f,f,f,f,f,f,f,f,t,f,f,f,,t,2.9,f,,f,,f,,f,,other,-,840814014,otro
16,M,f,f,f,f,f,f,f,f,f,f,f,f,f,f,t,2.6,f,,f,,f,,f,,f,,other,-,840814057,otro
54,F,f,f,f,f,f,f,f,f,f,f,f,f,f,f,t,1,t,2,t,122,f,,f,,f,,SVHC,-,840815016,otro
43,M,f,f,f,f,f,f,f,f,f,f,f,f,f,f,f,,t,2.1,t,116,f,,f,,f,,other,-,840815020,otro
63,F,t,f,f,t,f,f,f,f,f,f,f,f,f,f,t,68,f,,t,48,t,1.02,t,47,f,,other,F,840815067,hipotiroidismo
36,F,f,f,f,f,f,f,f,t,t,f,f,f,f,f,t,1.5,t,2.4,t,90,t,1.06,t,85,f,,other,-,840815068,otro
40,F,f,t,f,f,f,f,f,f,f,f,f,f,f,f,f,,f,,t,79,t,0.94,t,84,f,,other,-,840815069,otro
40,F,f,f,f,f,f,f,f,f,f,f,f,f,f,f,t,1.2,t,2.3,t,104,t,1.08,t,96,f,,other,-,840816001,otro
40,F,f,f,f,f,f,f,f,f,f,f,f,f,f,f,t,5.9,t,2.1,t,88,t,0.84,t,105,f,,other,-,840816002,otro
77,F,f,f,f,f,f,f,f,f,f,f,f,f,f,f,t,0.05,t,2.4,t,107,t,1.13,t,95,f,,other,-,840816003,otro
77,,f,f,f,f,f,f,f,f,f,f,f,f,f,f,t,4,t,2,t,126,f,,f,,f,,SVHC,-,840816004,otro
77,F,f,f,f,f,f,f,f,f,f,f,f,f,f,f,t,0.4,f,,t,113,t,1.07,t,106,f,,other,-,840816005,otro
77,F,f,f,f,f,f,f,f,f,f,f,f,f,f,f,t,0.8,t,2.4,t,150,f,,f,,f,,SVHC,-,840816006,otro
51,F,f,f,f,f,f,f,f,f,f,f,f,f,f,f,t,0.05,t,2.1,t,93,t,0.87,t,106,f,,SVI,-,840816007,otro
75,F,f,f,f,f,f,f,f,f,f,f,f,f,f,f,t,0.05,t,1.6,t,157,t,0.89,t,176,f,,SVI,AK,840816008,hipertiroidismo
56,M,f,f,f,f,f,f,f,f,f,f,f,f,f,f,t,0.2,t,1.6,t,80,t,0.62,t,129,f,,SVI,-,840816009,otro
42,M,f,f,f,f,f,f,f,f,f,f,f,f,f,f,t,3,t,2,t,91,t,0.91,t,100,f,,SVI,-,840816010,otro
85,M,f,f,f,f,f,f,f,f,f,f,f,f,f,f,t,0.05,t,0.1,t,47,t,0.68,t,69,f,,SVI,-,840816011,otro
41,M,f,f,f,f,f,f,f,f,f,f,f,f,f,f,t,0.05,t,1.6,t,39,t,1,t,39,f,,other,R,840816013,otro
71,F,t,f,f,f,f,f,f,f,f,f,f,f,f,f,t,0.05,f,,t,126,t,1.38,t,91,f,,other,I,840816014,otro
67,M,f,f,f,f,f,f,f,f,f,f,f,f,f,f,t,0.2,f,,t,71,t,0.79,t,90,f,,other,-,840816022,otro
67,M,f,f,f,f,f,f,f,f,f,f,f,f,f,f,t,0.05,t,2,t,88,t,0.95,t,93,f,,SVI,-,840816025,otro
51,F,f,f,f,f,f,f,f,f,f,f,f,f,f,f,t,1.2,t,2.1,t,104,t,1.57,t,66,f,,SVI,-,840816028,otro
51,F,f,f,f,f,f,f,f,t,f,f,f,f,f,f,t,0.3,f,,t,111,t,0.92,t,121,f,,other,-,840816029,otro
28,F,f,f,f,f,f,f,f,f,f,f,f,f,f,f,f,,t,2.1,t,86,t,0.92,t,93,f,,other,-,840816046,otro
55,F,t,f,f,f,f,f,f,t,f,f,f,f,f,f,t,9.599999,t,2.4,t,136,t,1.48,t,92,f,,other,M,840816047,otro
32,F,t,f,f,f,f,f,f,f,f,f,f,f,f,f,t,0.05,t,2,t,163,t,0.94,t,173,f,,other,N,840816049,otro
61,F,t,f,f,f,f,f,f,f,f,f,f,f,f,f,t,1.9,t,2.1,t,118,t,1.1,t,93,f,,other,-,840816052,otro
46,M,f,f,f,f,f,f,f,t,f,f,f,f,f,f,f,,t,1.4,t,82,t,0.7,t,117,f,,other,-,840816060,otro
41,F,f,f,f,f,f,f,f,f,f,f,f,f,f,f,t,140,f,,t,33,t,1.07,t,31,f,,other,F,840816061,hipotiroidismo
44,F,t,f,f,f,f,f,f,f,f,f,f,f,f,f,t,0.6,t,1.8,t,134,t,1.13,t,113,f,,other,-,840816063,otro
51,F,f,f,f,t,f,f,f,f,f,f,f,f,f,f,t,1.5,t,1.2,t,60,t,0.89,t,67,f,,SVI,-,840816069,otro
29,M,f,f,f,f,f,f,f,f,f,f,f,f,f,f,t,1.7,t,2.4,t,102,t,1.01,t,101,f,,SVI,-,840816070,otro
41,F,f,f,f,f,f,f,f,f,f,f,f,f,f,f,t,0.05,t,1.5,t,97,t,1.05,t,92,f,,SVI,-,840816071,otro
82,M,f,f,f,f,f,f,f,t,f,f,f,f,f,f,t,0.4,t,1.3,t,115,t,0.91,t,126,f,,SVI,-,840816072,otro
64,F,t,f,f,f,f,f,f,f,t,f,f,f,f,f,t,2.5,t,1.6,t,86,t,0.96,t,90,f,,other,-,840816076,otro
70,F,f,f,f,f,f,f,f,f,t,f,f,f,f,f,t,0.05,t,2.6,t,132,t,1.07,t,123,f,,other,-,840816077,otro
54,F,f,t,f,f,f,f,f,f,f,f,f,f,f,f,f,,f,,t,116,t,0.78,t,149,f,,other,-,840816078,otro
33,F,f,f,f,f,f,f,f,f,t,f,f,f,f,f,t,0.4,t,2,t,114,t,1.01,t,113,f,,other,-,840816093,otro
59,F,t,f,f,f,f,f,t,f,f,f,f,f,f,f,t,6.8,t,2.5,t,94,t,1.4,t,68,f,,other,M,840816095,otro
44,M,f,f,f,f,f,f,f,f,f,f,f,f,f,f,f,,f,,t,90,t,1.05,t,86,f,,other,-,840816097,otro
44,F,f,f,f,f,f,f,f,f,f,f,f,f,f,f,t,0.4,t,1.8,t,94,f,,f,,f,,other,-,840817001,otro
44,M,f,f,f,f,f,f,f,f,f,f,f,f,f,f,t,1,t,2.7,t,118,f,,f,,f,,SVHC,-,840817002,otro
53,F,f,f,f,f,f,f,f,f,f,f,f,f,f,f,t,0.7,t,1.3,t,145,f,,f,,f,,SVI,-,840817003,otro
41,F,f,f,f,f,f,f,f,f,f,f,f,f,f,f,t,0.2,t,1.5,t,106,f,,f,,f,,SVI,-,840817004,otro
52,F,f,f,f,f,f,f,f,f,f,f,f,f,f,f,t,0.2,t,1.9,t,87,t,0.66,t,132,f,,SVI,-,840817006,otro
59,M,f,f,f,f,f,f,f,f,f,f,f,f,f,f,t,2.1,t,1.8,t,104,t,0.86,t,121,f,,other,-,840817008,otro
49,F,f,f,f,f,f,f,f,f,f,f,f,f,f,f,t,1.2,t,2.2,t,80,t,0.76,t,105,f,,SVI,-,840817009,otro
44,F,f,f,f,t,f,f,f,f,f,f,f,f,f,f,t,1.1,t,1.5,t,105,t,0.9,t,117,f,,SVI,-,840817010,otro
44,M,f,f,f,f,f,f,f,f,f,f,f,f,f,f,t,0.8,t,2.5,t,120,f,,f,,f,,SVHC,-,840817012,otro
46,F,f,f,f,f,f,f,f,f,t,f,f,f,f,f,f,,f,,t,121,t,1,t,121,f,,other,-,840817028,otro
35,F,f,f,f,f,f,f,f,f,t,f,f,f,f,f,f,,t,2.2,f,,f,,f,,f,,other,-,840817038,otro
56,F,f,f,f,f,f,f,f,f,f,f,f,f,f,f,t,0.05,t,2.5,t,152,t,1.16,t,131,f,,other,-,840817056,otro
54,F,f,f,f,f,f,f,f,t,f,f,f,f,f,f,t,0.05,t,1.8,t,79,t,0.68,t,116,f,,SVI,-,840817058,otro
54,F,f,f,f,f,f,f,f,f,t,f,f,f,f,f,t,0.7,t,2.1,t,98,f,,f,,f,,other,-,840817059,otro
54,M,f,f,f,f,f,f,f,f,f,f,f,f,f,f,t,0.8,t,2.4,t,109,t,1.12,t,97,f,,other,-,840817060,otro
54,F,f,f,f,f,f,f,f,f,f,f,f,f,f,f,t,0.05,t,1.6,t,114,t,0.92,t,124,f,,SVI,-,840817061,otro
61,M,f,f,f,t,f,f,f,f,f,f,f,f,f,f,t,9.799999,t,1.2,t,114,t,0.84,t,136,f,,other,G,840817062,hipotiroidismo
40,F,t,f,f,f,f,f,f,f,f,f,f,f,f,f,t,0.05,f,,t,139,t,0.98,t,142,f,,other,-,840817064,otro
48,M,t,f,f,f,f,f,f,f,f,f,f,f,f,f,t,3.7,t,2.8,t,106,t,1,t,106,f,,other,-,840817065,otro
64,F,f,f,f,f,f,f,f,f,f,f,f,f,f,f,t,0.4,t,2,t,104,t,1.04,t,100,f,,SVI,-,840820001,otro
27,F,f,f,f,f,f,f,f,f,f,f,f,f,f,f,t,0.05,t,2.8,t,131,t,1.26,t,104,f,,other,-,840820002,otro
69,F,f,f,f,f,f,f,f,f,f,f,f,f,f,f,t,0.1,t,3.2,t,112,f,,f,,f,,SVI,-,840820003,otro
69,F,f,f,f,f,f,f,f,f,f,f,f,f,f,t,t,0.35,t,2.4,t,64,f,,f,,f,,SVHC,-,840820004,otro
60,F,t,f,f,f,f,f,f,t,f,f,f,f,f,f,t,0.35,t,1.8,t,109,t,0.83,t,131,f,,other,-,840820009,otro
27,F,f,f,f,f,f,f,f,f,f,f,f,f,f,f,t,90,t,0.4,t,7.5,t,0.94,t,7.5,f,,other,F,840820014,hipotiroidismo
27,F,f,f,f,f,f,f,f,f,f,f,f,f,f,f,t,1.3,t,2.2,t,104,t,0.97,t,107,f,,SVI,-,840820020,otro
51,F,f,f,f,f,f,f,f,t,f,f,f,f,f,f,t,1.2,t,1.7,t,68,t,0.93,t,73,f,,SVI,-,840820021,otro
76,M,f,f,f,f,f,f,f,f,f,f,f,f,f,f,t,0.5,t,1.6,t,97,t,0.88,t,110,f,,SVI,-,840820022,otro
52,F,t,f,f,f,f,f,f,f,f,f,f,f,f,f,t,0.05,f,,t,133,t,1.02,t,130,f,,other,-,840820027,otro
73,F,t,f,f,f,f,f,f,f,f,f,f,f,f,f,f,,f,,t,99,t,0.95,t,104,f,,other,-,840820047,otro
68,M,t,f,f,f,f,f,f,f,f,f,f,f,f,f,t,2.7,t,1.3,t,64,t,0.7,t,97,f,,other,-,840820052,otro
66,M,t,f,f,f,f,f,f,f,f,f,f,f,f,f,t,1.6,t,2.1,t,92,t,1.04,t,88,f,,SVHC,-,840821009,otro
66,F,f,f,f,f,f,f,f,f,f,f,f,f,f,f,t,2.9,t,1.6,t,115,t,0.9,t,128,f,,SVHC,-,840821010,otro
30,M,f,f,f,f,f,f,f,f,f,f,f,f,f,f,t,1.7,t,1.9,t,120,t,0.98,t,122,f,,other,-,840821011,otro
30,F,f,f,f,f,f,f,f,f,f,f,f,f,f,f,t,0.25,t,1.8,t,95,t,0.87,t,102,f,,SVI,-,840821012,otro
30,M,t,f,f,f,f,f,f,f,f,f,f,f,f,f,t,0.6,t,1.8,t,100,f,,f,,f,,SVHC,-,840821013,otro
28,M,f,f,f,f,f,f,f,f,f,f,f,f,f,f,t,0.2,t,2.4,t,106,f,,f,,f,,other,-,840821014,otro
88,F,f,f,f,f,f,f,f,f,f,f,f,f,f,f,t,0.2,t,0.4,t,98,t,0.73,t,134,f,,other,K,840821016,otro
38,F,f,f,f,f,f,f,f,f,f,f,f,f,f,f,t,0.2,t,2.4,t,184,t,1.13,t,163,f,,SVHC,R,840821017,otro
66,F,t,f,f,f,f,f,f,f,f,f,f,f,f,f,t,2.1,f,,t,81,t,1.29,t,63,f,,other,I,840821022,otro
58,F,f,f,f,f,f,f,t,f,f,f,f,f,f,f,t,5.8,t,1.7,t,86,t,0.91,t,95,f,,other,-,840821023,otro
21,F,f,f,f,f,f,f,f,f,f,f,f,f,f,f,t,0.2,f,,t,95,t,1.04,t,91,f,,other,-,840821024,otro
56,M,t,f,f,f,f,f,f,f,f,f,t,f,f,f,f,,f,,t,87,t,1.3,t,67,f,,other,I,840821042,otro
60,F,t,f,f,f,f,f,f,t,f,f,f,f,f,f,t,0.35,t,1.8,t,109,t,0.83,t,131,f,,other,-,840821043,otro
38,F,f,f,f,f,f,f,f,f,f,f,f,f,f,f,f,,f,,t,86,t,1,t,86,f,,other,-,840821047,otro
38,M,f,f,f,f,f,f,f,f,f,f,f,f,f,f,f,,f,,t,308,t,0.87,t,354,f,,other,A,840821049,hipertiroidismo
49,F,f,f,f,t,f,f,f,f,f,f,f,f,f,f,t,0.6,t,0.8,t,57,t,0.7,t,81,f,,SVI,K,840821054,otro
27,F,f,f,f,f,f,f,f,f,f,f,f,f,f,f,t,0.2,t,1.7,t,98,t,0.96,t,102,f,,SVI,-,840821055,otro
70,F,f,f,f,f,f,f,f,f,f,f,f,f,f,f,t,1.6,t,1,t,82,t,0.75,t,109,f,,SVI,K,840821056,otro
70,F,f,f,f,f,f,f,f,f,f,f,f,f,f,f,f,,f,,f,,f,,f,,t,36,other,S,840821063,otro
45,M,f,f,f,f,f,f,f,f,f,f,f,f,f,f,t,0.8,t,1.7,t,122,t,1.07,t,114,f,,SVHC,-,840822006,otro
83,F,f,f,f,f,f,f,f,f,f,f,f,f,f,f,t,0.8,t,1.1,t,97,t,0.8,t,121,f,,other,K,840822008,otro
28,F,f,f,f,f,f,f,f,f,f,f,f,f,f,f,t,0.2,t,3.7,t,170,t,1.83,t,93,f,,STMW,I,840822023,otro
44,M,f,f,f,f,f,f,f,f,f,f,f,f,f,f,t,1.3,t,1.3,t,71,t,0.88,t,81,f,,SVI,-,840822025,otro
62,M,f,f,f,f,f,f,f,f,f,f,f,f,f,f,t,0.8,t,2.1,t,130,f,,f,,f,,SVI,-,840822026,otro
51,M,f,f,f,f,f,f,f,t,f,f,f,f,f,f,t,1.7,t,2.6,t,126,t,1.03,t,122,f,,other,-,840822027,otro
77,F,f,f,f,f,f,f,f,f,f,f,f,f,f,f,t,2,t,1.4,t,128,t,1.13,t,113,f,,SVI,-,840822028,otro
60,F,f,f,f,f,f,f,f,f,f,f,f,f,f,f,t,0.2,t,1.2,t,51,t,0.61,t,84,f,,other,-,840822029,otro
30,F,f,f,f,f,f,f,f,f,f,f,f,f,f,f,t,0.2,t,1.4,t,105,t,0.79,t,133,f,,SVI,-,840822030,otro
30,F,t,f,f,f,f,f,f,f,f,f,f,f,f,f,t,0.2,t,2,t,163,t,0.96,t,170,f,,other,N,840822031,otro
25,F,f,f,f,f,f,f,f,f,f,f,f,f,f,f,t,0.9,f,,t,105,t,1.06,t,99,f,,other,-,840822033,otro
86,M,f,f,f,f,f,f,f,f,f,f,f,f,f,f,t,0.1,t,1.4,t,94,t,1.01,t,93,f,,SVI,-,840823001,otro
83,F,f,f,f,f,f,f,f,f,f,f,f,f,f,f,t,0.9,t,4.4,t,144,t,1.44,t,100,f,,other,I,840823002,otro
83,M,f,f,f,f,f,f,f,f,f,f,f,f,f,f,t,0.7,t,2.1,t,131,t,1.18,t,111,f,,SVI,-,840823003,otro
75,F,f,f,f,f,f,f,f,f,f,f,f,f,f,t,t,0.4,t,2.3,t,112,t,1.04,t,108,f,,SVHC,-,840823004,otro
75,F,f,f,f,f,f,f,f,f,f,f,f,f,f,f,t,0.2,t,1.8,t,73,t,0.86,t,85,f,,other,-,840823005,otro
72,M,f,f,f,f,f,f,f,f,f,f,f,f,f,f,t,0.1,t,1.3,t,95,t,0.59,t,161,f,,other,R,840823006,otro
72,F,f,f,f,f,f,f,f,f,f,f,f,f,f,f,t,0.1,t,1.4,t,63,t,0.81,t,78,f,,SVI,-,840823007,otro
28,M,f,f,f,f,f,t,f,f,t,f,f,t,f,f,t,3.2,t,2.5,t,78,t,0.89,t,88,f,,other,-,840823008,otro
55,F,f,f,f,f,f,f,f,f,t,f,f,f,f,f,f,,t,1.5,t,129,t,0.87,t,148,f,,other,-,840823010,otro
55,M,f,f,f,f,f,f,f,f,f,f,f,f,f,f,t,1,t,2,t,63,t,0.64,t,98,f,,other,-,840823011,otro
41,F,f,f,f,f,f,f,f,f,f,f,f,f,f,f,f,,f,,t,133,t,1.01,t,132,f,,other,-,840823019,otro
41,F,f,f,f,f,f,f,f,f,f,f,f,f,f,f,t,0.1,t,1.6,t,91,t,0.91,t,100,f,,other,-,840823025,otro
27,F,f,f,f,f,f,f,f,f,t,f,f,f,f,f,f,,t,2.9,t,109,t,1.2,t,91,f,,other,-,840823030,otro
45,F,f,f,f,f,f,f,f,f,f,f,f,f,f,f,f,,t,2.2,f,,f,,f,,f,,other,-,840823032,otro
14,F,f,f,f,f,f,f,f,f,f,f,f,f,f,f,t,0.3,t,1.9,t,88,t,0.83,t,106,f,,other,-,840823038,otro
40,F,f,f,f,f,f,f,t,f,f,f,f,f,f,f,t,0.1,t,3,t,112,t,0.83,t,135,f,,other,I,840823039,otro
28,F,f,f,f,f,f,f,f,f,f,f,t,f,f,f,t,0.8,t,1.9,t,85,t,1.06,t,80,f,,other,-,840823040,otro
68,M,f,f,f,f,f,f,t,f,t,f,f,f,f,f,t,1.1,t,2.7,t,118,t,0.93,t,127,f,,other,-,840823041,otro
40,F,t,f,f,f,f,f,f,f,f,f,f,f,f,f,t,0.5,t,1.9,t,125,t,0.98,t,128,f,,other,-,840823042,otro
15,F,f,f,f,f,f,f,f,f,f,f,f,f,f,f,t,1.2,t,2.6,t,95,t,0.82,t,116,f,,other,-,840823043,otro
68,F,t,f,f,f,f,f,f,f,f,f,f,f,f,f,t,0.1,t,1.8,t,196,t,0.92,t,213,f,,other,N,840823044,otro
61,F,f,f,f,f,f,f,f,t,f,f,f,f,f,f,t,0.5,f,,t,130,t,1.19,t,109,f,,other,-,840823054,otro
63,F,f,f,f,f,f,f,f,f,f,f,f,f,f,f,t,0.1,t,2.3,t,153,t,1.03,t,149,f,,SVI,-,840823055,otro
63,F,f,f,f,f,f,f,f,f,f,f,f,f,f,f,t,1.2,t,1.4,t,90,t,0.82,t,110,f,,SVI,-,840823063,otro
60,F,t,f,f,f,f,f,t,f,t,f,f,f,f,f,t,7.4,t,1.9,t,125,t,0.99,t,126,f,,other,M,840823077,otro
77,F,t,f,f,f,f,f,f,f,f,f,f,f,f,f,t,0.2,f,,t,130,t,0.98,t,133,f,,other,-,840823078,otro
48,M,f,f,f,f,f,f,t,f,f,f,f,f,f,f,t,0.1,f,,t,96,t,0.95,t,101,f,,other,-,840823084,otro
39,M,f,t,f,f,f,f,f,f,f,f,f,f,f,f,f,,f,,t,127,t,1.07,t,119,f,,other,-,840823085,otro
39,F,f,f,f,f,f,f,f,f,f,f,f,f,f,f,t,0.5,t,3.1,t,129,f,,f,,f,,other,I,840823086,otro
42,M,f,f,f,f,f,f,f,t,f,f,f,f,f,f,t,0.2,f,,t,51,t,0.78,t,65,f,,other,-,840823087,otro
15,M,f,f,f,f,f,f,f,f,f,f,f,f,f,f,t,0.5,f,,t,108,t,0.97,t,111,f,,other,-,840823089,otro
41,F,f,f,f,f,f,f,f,f,f,f,f,f,f,f,t,0.5,t,1.8,t,78,t,0.88,t,89,f,,other,-,840823090,otro
62,F,f,f,f,f,f,f,f,f,f,f,f,f,f,f,t,1.8,t,1.8,t,105,t,0.88,t,119,f,,SVI,-,840823091,otro
26,F,f,f,f,f,f,f,f,f,f,f,f,f,f,f,t,0.6,t,3.6,t,150,t,1.56,t,96,f,,SVI,I,840823092,otro
63,F,f,f,f,f,f,f,f,f,f,f,f,f,f,f,t,0.05,t,2.5,t,152,t,1.06,t,143,f,,SVI,-,840823093,otro
58,F,f,f,f,f,f,f,f,f,f,f,f,f,f,f,f,,t,7.6,t,250,t,0.79,t,316,f,,other,A,840824001,hipertiroidismo
55,F,t,f,f,f,f,f,f,f,f,f,f,f,f,f,t,0.05,f,,t,141,t,0.91,t,155,f,,other,-,840824002,otro
77,F,f,f,f,f,f,f,f,t,f,f,f,t,f,f,t,0.2,t,1.5,t,110,t,1.05,t,105,f,,other,-,840824009,otro
43,M,f,f,f,f,f,f,f,f,f,f,f,f,f,f,t,0.2,t,1.8,t,101,f,,f,,f,,SVHC,-,840824010,otro
73,F,t,f,f,f,f,f,f,f,f,f,f,f,f,f,t,0.05,t,2.3,t,210,t,1.22,t,172,f,,other,N,840824011,otro
20,F,f,f,f,f,f,f,f,f,t,f,f,f,f,f,t,1.2,t,1.5,t,63,t,0.71,t,89,f,,STMW,-,840824015,otro
61,F,f,f,f,f,f,f,f,f,f,f,f,f,f,f,t,5,t,2.6,t,140,t,1.32,t,106,f,,other,-,840824043,otro
49,M,f,f,f,f,f,f,f,f,f,f,f,f,f,f,f,,f,,t,99,t,1.01,t,98,f,,other,-,840824046,otro
80,F,f,f,f,f,f,f,f,f,f,f,f,f,f,f,t,0.05,t,1.3,t,132,t,0.88,t,150,f,,other,-,840827001,otro
90,F,f,f,f,f,f,f,f,f,f,f,f,f,f,f,t,0.9,t,1.6,t,102,t,0.99,t,103,f,,SVI,-,840827002,otro
72,F,f,f,f,f,f,f,f,f,f,f,f,f,f,f,t,0.9,t,1.4,t,98,t,0.82,t,120,f,,SVI,-,840827003,otro
72,F,f,f,f,f,f,f,f,f,f,f,f,f,f,f,t,0.3,t,2.2,t,81,t,0.95,t,85,f,,other,-,840827004,otro
55,M,f,f,f,f,f,f,f,f,f,f,f,f,f,f,t,0.2,t,1.5,t,74,t,0.67,t,110,f,,other,-,840827005,otro
29,M,f,f,f,f,f,f,f,f,f,f,f,f,f,f,t,0.5,t,2.3,t,105,t,0.86,t,122,f,,other,-,840827006,otro
23,M,f,f,f,f,f,f,f,f,f,f,f,f,f,f,t,0.2,t,2.2,t,80,f,,f,,f,,other,-,840827007,otro
15,M,f,f,f,f,f,f,f,f,t,f,f,f,f,f,f,,f,,t,188,t,0.73,t,258,f,,other,A,840827008,hipertiroidismo
40,F,f,f,f,f,f,f,f,f,f,f,f,f,f,f,t,70,t,0.4,t,3.9,t,0.83,t,5,t,28,other,F,840827019,hipotiroidismo
18,M,t,f,f,f,f,f,f,t,f,f,f,f,f,f,t,6.5,t,2.3,t,117,t,0.96,t,122,f,,other,M,840827023,otro
18,,f,f,f,f,t,f,f,f,f,f,f,f,f,f,t,11.599999,t,2,t,87,t,0.32,t,272,f,,other,R,840827025,otro
18,,f,f,f,f,f,f,f,f,f,f,f,f,f,f,t,4.2,t,0.9,t,84,t,0.32,t,263,f,,other,KJ,840827028,otro
30,F,f,f,f,f,f,f,f,f,f,f,f,f,f,f,t,0.7,t,1.3,t,91,t,0.82,t,111,f,,SVI,-,840827035,otro
63,F,t,f,f,f,f,f,f,t,f,f,f,f,f,f,t,0.3,t,1.3,t,130,t,1.05,t,124,f,,SVI,-,840827036,otro
13,M,f,f,f,f,f,f,f,f,f,f,f,f,f,f,t,4.2,t,3,t,134,t,1.11,t,121,f,,other,-,840827041,otro
35,F,f,f,f,f,f,f,f,f,f,f,f,f,f,f,t,0.25,t,2.5,t,97,f,,f,,f,,other,-,840827053,otro
78,M,f,f,f,f,f,f,f,f,f,f,f,f,f,f,t,0.25,t,2,t,110,t,0.89,t,124,f,,SVI,-,840827054,otro
76,F,f,f,f,f,f,f,f,f,f,f,f,f,f,f,t,0.25,t,1.7,t,138,t,0.83,t,166,f,,SVI,R,840827055,otro
24,M,f,f,f,f,f,f,f,f,f,f,f,f,f,f,t,1.3,t,2.5,t,111,f,,f,,f,,SVI,-,840827060,otro
37,F,f,f,f,f,f,t,f,f,f,f,f,f,f,f,t,0.25,t,2,t,144,t,0.83,t,173,f,,other,L,840827062,otro
20,F,f,t,f,f,f,f,f,f,f,f,f,f,f,f,f,,f,,t,119,t,0.86,t,138,f,,other,-,840827065,otro
27,F,t,f,f,f,f,t,f,t,f,f,f,f,f,f,t,88,t,0.9,t,79,t,0.92,t,86,f,,other,MK,840828001,otro
62,M,f,f,f,f,f,f,f,f,f,f,f,f,f,f,t,0.9,t,2.3,t,90,t,0.84,t,107,f,,SVI,-,840828002,otro
24,M,f,f,f,f,f,f,f,f,f,f,f,f,f,f,t,0.9,t,1.9,t,105,f,,f,,f,,other,-,840828003,otro
68,F,f,f,f,f,f,f,f,f,f,f,f,f,f,f,f,,f,,t,87,t,0.85,t,102,f,,other,-,840828024,otro
38,F,f,f,f,f,f,f,f,f,f,f,t,f,f,f,f,,f,,t,98,t,0.86,t,114,f,,other,-,840828031,otro
60,M,f,f,f,f,f,f,f,f,f,f,f,f,f,f,t,0.25,t,2.2,t,121,t,1.02,t,119,f,,SVI,-,840828033,otro
49,F,f,f,f,t,f,f,f,f,f,f,f,f,f,f,t,2.2,t,0.8,t,27,t,0.52,t,52,f,,SVI,-,840828034,otro
63,M,f,f,f,f,f,f,f,f,f,f,f,f,f,f,t,1.2,t,2.2,t,119,t,0.96,t,124,f,,SVI,-,840828035,otro
58,F,f,f,f,f,f,f,f,f,f,f,f,f,f,f,t,0.25,t,2.1,t,89,t,0.75,t,119,f,,SVI,-,840828036,otro
58,M,f,f,f,f,f,f,f,f,f,f,f,f,f,f,t,0.7,t,1.8,t,125,t,1.15,t,109,f,,SVI,-,840828037,otro
58,M,f,f,f,f,f,f,f,f,f,f,f,f,f,f,t,0.6,t,2,t,110,t,0.95,t,116,f,,SVI,-,840828039,otro
35,F,f,f,f,f,f,f,f,f,f,f,f,f,f,f,t,0.25,t,2.3,t,112,t,1.21,t,93,f,,SVI,-,840828040,otro
35,M,f,f,f,f,f,f,f,f,f,f,f,f,f,f,t,0.25,t,1.6,t,68,f,,f,,f,,other,-,840828042,otro
59,F,t,f,f,f,f,f,f,f,f,f,f,f,f,f,t,0.25,f,,t,157,t,0.96,t,164,f,,other,L,840828046,otro
71,F,t,f,f,f,f,f,f,f,f,f,f,f,f,f,t,0.25,t,1.7,t,119,t,0.91,t,131,f,,SVHD,-,840829005,otro
81,M,f,f,f,f,f,f,f,f,f,f,f,f,f,f,t,0.25,t,2,t,83,t,0.83,t,100,f,,other,-,840829012,otro
92,F,f,f,f,f,f,f,f,f,f,f,f,f,f,f,t,0.8,t,1.7,t,134,t,1.11,t,121,f,,other,-,840829013,otro
92,M,f,f,f,f,f,f,f,f,f,f,f,f,f,f,t,1.6,t,2.2,t,68,t,0.79,t,89,f,,SVI,-,840829014,otro
53,F,f,f,f,f,f,f,f,f,f,f,f,f,f,f,t,0.25,t,2.4,t,104,f,,f,,f,,other,-,840829015,otro
57,M,f,f,f,f,f,f,f,f,t,f,f,f,f,f,t,0.25,t,4.2,t,236,t,0.7,t,337,f,,SVI,A,840829021,hipertiroidismo
57,F,f,f,f,f,f,f,f,f,f,f,f,f,f,f,t,1.7,t,2.3,t,91,t,0.97,t,94,f,,SVI,-,840829035,otro
57,F,f,f,f,f,f,f,f,f,f,f,f,f,f,f,t,0.1,t,1.4,t,97,t,0.99,t,98,f,,SVI,-,840829036,otro
28,M,f,f,f,t,f,f,f,f,f,f,f,f,f,f,t,0.1,t,2.5,t,113,t,0.96,t,118,f,,SVI,-,840829037,otro
74,M,f,f,f,f,f,f,f,f,f,f,f,f,f,f,t,0.1,t,1.9,t,88,t,0.81,t,109,f,,SVI,-,840829038,otro
74,M,f,f,f,f,f,f,f,f,f,f,f,f,f,f,t,1.9,t,2.1,t,85,t,1.01,t,84,f,,SVI,-,840829039,otro
74,M,f,f,f,f,f,f,f,f,f,f,f,f,f,f,t,0.1,t,1.8,t,82,t,0.61,t,134,f,,SVI,-,840829040,otro
75,F,f,f,f,f,f,f,f,f,t,f,f,f,f,f,t,1.1,t,1.3,t,88,t,0.77,t,114,f,,SVI,-,840829041,otro
54,M,f,f,f,f,f,f,f,f,f,f,f,f,f,f,t,0.05,f,,t,120,t,0.66,t,182,f,,other,-,840829042,otro
41,F,f,f,f,f,f,f,f,f,f,f,f,f,f,f,t,0.1,t,1.9,t,81,t,0.86,t,94,f,,other,-,840829043,otro
41,F,f,f,f,t,f,f,f,f,f,f,f,f,f,f,t,0.1,t,2.2,t,113,t,1.07,t,106,f,,SVI,-,840829044,otro
62,F,t,f,f,f,f,f,f,f,t,f,f,t,f,f,f,,f,,f,,f,,f,,t,36,other,S,840829052,otro
33,M,f,f,f,f,f,f,f,f,f,f,f,f,f,f,f,,f,,f,,f,,f,,t,23,other,-,840829056,otro
33,F,f,f,f,f,f,f,f,f,f,f,f,f,f,f,t,0.1,t,1.7,t,104,t,0.8,t,130,f,,SVHC,-,840830002,otro
33,M,f,f,f,f,f,t,f,f,f,f,f,f,f,f,t,53,t,1,t,32,t,0.78,t,41,f,,SVI,Q,840830003,otro
33,F,f,f,f,f,f,f,f,f,f,f,f,f,f,f,t,0.5,t,2.1,t,55,t,0.79,t,70,f,,other,-,840830004,otro
45,F,f,f,f,f,f,f,f,f,f,f,f,f,f,f,t,2,t,2.3,t,111,t,1.03,t,108,f,,SVI,-,840830008,otro
62,M,f,f,f,f,f,f,f,f,f,f,f,f,f,f,t,0.3,t,2.7,t,84,t,0.69,t,122,f,,other,-,840830031,otro
62,F,f,f,f,f,f,f,f,f,f,f,f,f,f,f,t,0.05,t,2.3,t,144,t,0.97,t,148,f,,SVI,-,840830034,otro
24,F,t,f,f,f,f,f,f,f,f,f,f,f,f,f,t,16.5,f,,t,106,t,1.51,t,70,f,,other,M,840830045,otro
9,M,t,f,f,f,f,f,f,t,f,f,f,f,f,f,t,0.05,t,2.6,t,145,t,0.98,t,148,f,,other,-,840830052,otro
44,F,f,f,f,f,f,f,f,t,t,f,f,f,f,f,t,8.4,t,1.8,t,108,t,1.01,t,107,f,,other,G,840830053,hipotiroidismo
28,F,t,f,f,f,f,t,f,f,t,f,f,f,f,f,t,3.7,t,2.3,t,136,t,1.33,t,103,f,,other,-,840830055,otro
28,F,f,f,f,f,f,f,f,f,f,f,f,f,f,f,f,,f,,t,145,t,1.01,t,144,t,26,other,-,840830063,otro
28,M,f,f,t,f,f,f,f,f,f,f,f,f,f,f,t,4.1,t,2.2,t,81,t,1,t,81,f,,other,-,840830064,otro
41,M,f,f,f,f,f,f,f,f,f,f,f,f,f,f,t,0.8,t,2.1,t,72,t,0.89,t,81,f,,other,-,840831006,otro
64,F,f,f,f,f,f,f,f,f,f,f,f,f,f,f,t,0.05,t,1.4,t,96,t,1.03,t,93,f,,other,-,840831007,otro
25,F,f,f,f,f,f,f,f,f,f,f,f,f,f,f,t,0.8,t,2.3,t,118,t,0.97,t,122,f,,SVI,-,840831037,otro
60,M,f,f,f,f,f,f,f,f,f,f,f,f,f,f,t,0.05,t,2,t,130,t,1.01,t,129,f,,SVI,-,840831047,otro
73,M,f,f,f,f,f,f,f,f,f,f,f,f,f,f,t,1.7,t,1.3,t,44,t,0.55,t,80,f,,other,J,840831049,otro
71,F,f,f,t,f,f,f,f,f,t,f,f,f,f,f,t,1,t,2.1,t,158,t,1.16,t,136,f,,other,-,840831054,otro
40,F,f,f,f,f,f,f,f,f,f,f,t,f,f,f,t,1.3,f,,t,73,t,0.87,t,84,f,,other,-,840831055,otro
72,F,t,f,f,f,f,f,f,f,f,f,f,f,f,f,t,0.05,f,,t,96,t,0.91,t,105,f,,other,-,840831058,otro
36,F,f,f,f,f,f,f,f,f,f,f,f,f,f,f,t,3.3,f,,t,81,t,1.01,t,80,f,,other,-,840831059,otro
40,M,f,f,f,f,f,f,f,f,f,f,f,f,f,f,t,0.4,t,1.8,t,69,t,0.99,t,68,f,,other,-,840903001,otro
47,M,f,f,f,f,f,f,f,f,f,f,f,f,f,f,t,80,t,0.4,t,9,t,0.85,t,10,f,,other,F,840903002,hipotiroidismo
47,M,f,f,f,f,f,f,f,f,f,f,f,f,f,f,t,176,t,0.5,t,6,t,1.45,t,4,f,,other,F,840903003,hipotiroidismo
70,F,f,f,f,f,f,f,f,f,f,f,f,f,f,f,t,0.8,t,1.8,t,81,t,0.85,t,95,f,,other,-,840903004,otro
17,M,f,f,f,f,f,f,f,f,f,f,f,f,f,f,t,1.5,t,2.4,t,87,t,0.96,t,91,f,,SVHC,-,840903005,otro
25,M,f,f,f,f,f,f,f,f,f,f,f,f,f,f,t,0.05,t,2.1,t,87,t,0.85,t,102,f,,SVI,-,840903006,otro
72,M,f,f,f,f,f,f,f,f,f,f,f,f,f,f,t,30,t,0.6,t,15,t,1.48,t,10,f,,SVI,F,840903007,hipotiroidismo
70,M,f,f,f,f,f,f,f,f,f,f,f,f,f,t,t,1.2,t,2.1,t,96,t,1,t,96,f,,SVHC,-,840903008,otro
76,F,f,f,f,f,f,f,f,f,f,f,f,f,f,t,t,0.05,t,2.6,t,149,t,1.24,t,120,f,,SVHC,-,840903009,otro
71,F,f,f,f,f,f,f,f,f,f,f,f,f,f,f,t,0.6,t,3.1,t,144,t,1.79,t,80,f,,other,I,840903010,otro
28,F,f,f,f,f,f,f,f,f,f,f,f,f,f,f,t,1.2,t,1.5,t,84,t,0.93,t,90,f,,other,-,840903053,otro
60,F,t,f,f,f,f,f,f,f,f,f,f,f,f,f,t,0.05,f,,t,108,t,0.92,t,117,f,,other,-,840903054,otro
72,M,f,f,f,f,f,f,f,f,f,f,f,f,f,f,t,11,t,0.3,t,13,t,1,t,13,f,,other,F,840903058,hipotiroidismo
24,F,f,f,f,f,f,f,f,f,f,f,f,f,f,f,t,0.7,f,,t,97,t,1.12,t,87,f,,other,-,840903065,otro
11,M,f,f,f,f,f,f,f,f,f,f,f,f,f,f,t,4,t,0.7,t,95,t,0.68,t,140,f,,SVI,K,840903068,otro
11,F,f,f,f,f,f,f,f,f,t,f,f,t,f,f,t,0.1,t,1.8,t,61,t,0.82,t,74,f,,SVI,-,840903071,otro
50,F,f,f,f,f,f,f,f,f,f,f,f,f,f,f,t,3.3,t,1.4,t,79,t,0.72,t,110,f,,SVI,-,840903072,otro
50,,f,f,f,f,f,f,f,f,f,f,f,f,f,f,t,0.1,t,1,t,78,t,0.78,t,100,f,,SVI,K,840903073,otro
50,F,f,f,f,f,f,f,f,f,f,f,f,f,f,f,t,0.1,t,1.6,t,105,t,0.93,t,113,f,,SVI,-,840903074,otro
57,M,f,f,f,f,f,f,f,f,f,f,f,f,f,f,t,0.4,f,,t,114,t,1.05,t,109,f,,other,-,840903075,otro
53,F,t,f,f,f,f,f,f,f,f,f,f,f,f,f,t,0.1,t,2.4,t,182,t,1.2,t,152,f,,other,-,840903083,otro
27,F,f,f,f,f,t,t,f,f,f,f,f,f,f,f,t,6,t,3.8,t,149,t,1.73,t,86,f,,other,I,840903084,otro
55,F,f,f,f,f,f,f,f,f,f,f,f,f,f,f,t,0.1,t,1.9,t,125,t,0.95,t,132,f,,other,-,840903085,otro
74,F,f,f,f,f,f,f,f,f,f,f,f,f,f,t,t,0.1,t,1.5,t,73,t,0.95,t,77,f,,SVHC,-,840904003,otro
72,M,f,f,f,f,f,f,f,f,f,f,f,f,f,f,t,71,t,0.5,t,4,t,1.27,t,3,f,,SVI,F,840904005,hipotiroidismo
72,F,f,f,f,f,f,f,f,f,f,f,f,f,f,f,t,0.6,t,1.9,t,83,t,1.01,t,82,f,,SVHC,-,840904006,otro
56,F,t,f,f,f,f,t,f,f,f,f,f,f,f,f,t,0.1,t,2.2,t,86,t,0.88,t,98,f,,other,-,840904007,otro
32,F,t,f,f,f,t,f,f,f,f,f,f,t,f,f,t,0.1,t,3.2,t,178,t,1.68,t,106,f,,other,C|I,840904009,otro
27,M,f,f,f,f,f,f,f,t,t,f,f,f,f,f,t,9.099999,t,1.7,t,135,t,0.93,t,145,f,,other,G,840904017,hipotiroidismo
57,F,f,f,f,f,f,f,f,f,f,f,f,t,f,f,t,0.1,f,,t,109,t,1.12,t,97,f,,other,-,840904027,otro
26,F,f,f,t,f,f,f,f,f,f,f,f,f,f,f,t,1.2,t,1.4,t,79,t,0.93,t,85,f,,other,-,840904028,otro
50,F,f,f,f,f,f,f,f,f,f,f,f,t,f,f,t,10.7,f,,t,70,t,1.1,t,64,f,,other,F,840904029,hipotiroidismo
28,M,f,f,f,f,f,f,f,f,f,f,f,f,f,f,t,1.9,t,1.8,t,78,t,1.01,t,77,f,,other,-,840904034,otro
75,F,f,f,f,f,f,f,f,f,f,f,f,f,f,f,t,4.9,t,1.4,t,71,t,0.9,t,79,f,,SVHC,-,840904037,otro
36,M,f,f,f,f,f,f,f,f,f,f,f,f,f,f,t,0.2,t,1.9,t,99,f,,f,,f,,other,-,840904042,otro
28,F,t,f,f,f,f,f,f,t,f,f,f,f,f,f,t,0.1,t,2.2,t,131,t,0.89,t,147,f,,other,-,840904045,otro
47,F,f,f,f,f,f,f,f,f,f,f,f,f,f,f,t,0.1,t,1.7,t,96,t,1.09,t,88,f,,SVI,-,840904046,otro
33,F,f,f,f,f,f,f,f,f,f,f,f,f,f,f,t,0.1,t,2.6,t,151,t,1.43,t,106,f,,SVI,-,840904047,otro
35,F,f,f,f,f,f,f,f,f,f,f,f,f,f,f,t,1.7,t,1.6,t,100,t,0.96,t,104,f,,SVI,-,840904048,otro
35,F,f,f,f,f,f,f,f,f,f,f,f,f,f,f,t,3.4,t,1,t,89,t,0.82,t,109,f,,other,-,840904049,otro
60,M,f,f,f,f,f,f,f,f,f,f,f,f,f,f,t,0.9,t,1.3,t,113,t,0.85,t,133,f,,other,-,840905002,otro
60,F,f,f,f,f,f,t,f,f,f,f,f,f,f,f,t,0.1,t,1.9,t,151,t,1.03,t,147,f,,other,-,840905003,otro
60,M,f,f,f,f,f,f,f,f,f,f,f,f,f,f,t,1.3,t,1.6,t,71,t,0.76,t,93,f,,SVI,-,840905004,otro
45,M,f,f,f,f,f,f,f,f,t,f,f,f,f,f,t,1.3,t,2.6,t,56,t,1.03,t,54,f,,other,-,840905005,otro
61,M,f,f,f,f,f,f,f,f,f,f,f,f,f,f,t,0.1,t,1.9,t,118,t,0.96,t,123,f,,SVI,-,840905019,otro
63,M,f,f,f,t,f,f,f,f,f,f,f,f,f,f,t,0.1,t,1.6,t,73,t,0.85,t,86,f,,other,-,840905025,otro
76,M,f,f,f,f,f,f,f,f,t,f,f,f,f,f,t,1.83,t,1.4,t,117,t,1.01,t,116,f,,SVHC,-,840905027,otro
33,F,f,f,f,f,f,f,f,f,f,f,f,f,f,f,t,4.6,t,1.2,t,59,t,0.87,t,68,f,,SVHC,-,840905029,otro
75,F,f,f,f,f,f,f,f,f,f,f,f,f,f,f,t,0.1,t,1.4,t,104,t,0.94,t,111,f,,SVI,-,840905030,otro
34,M,f,f,f,f,f,f,f,f,f,f,f,f,f,f,t,1.4,t,1.9,t,83,t,0.69,t,120,f,,SVI,-,840905032,otro
83,M,f,f,f,f,f,f,f,f,f,f,f,f,f,f,t,0.2,t,1.7,t,79,t,0.8,t,99,f,,SVI,-,840905037,otro
54,M,f,f,f,t,f,f,f,f,f,f,f,f,f,f,t,1.1,t,0.9,t,86,t,0.85,t,101,f,,other,K,840905038,otro
25,M,f,f,f,f,f,f,f,f,f,f,f,f,f,f,t,1.2,t,2,t,98,t,0.91,t,108,f,,other,-,840905041,otro
16,M,f,f,f,f,f,f,f,f,f,f,f,f,f,f,t,1.2,f,,t,84,t,0.82,t,102,f,,other,-,840905046,otro
70,F,f,f,f,f,f,f,f,f,f,f,f,f,f,f,t,0.2,t,1.7,t,213,t,1,t,213,f,,other,AK,840906002,hipertiroidismo
8,M,f,f,f,f,f,f,f,f,f,f,f,f,f,f,t,0.7,t,2.4,t,117,t,1.2,t,98,f,,other,-,840906003,otro
73,M,f,f,f,f,f,f,f,f,f,f,f,f,f,f,t,1.8,t,0.8,t,63,t,0.76,t,83,f,,SVI,K,840906005,otro
73,M,f,f,f,f,f,f,f,f,f,f,f,f,f,f,t,0.1,t,2.6,t,77,t,0.86,t,90,f,,other,-,840906006,otro
41,F,f,f,t,f,f,f,f,f,f,f,f,f,f,f,t,4.2,t,1.9,t,88,t,0.84,t,105,f,,other,-,840906007,otro
41,,f,f,f,f,f,f,f,f,f,f,f,f,f,f,t,14,t,2.7,t,222,t,0.35,t,634,f,,other,R,840906011,otro
41,,f,f,f,f,f,f,f,f,f,f,f,f,f,f,t,3.5,t,1.9,t,195,t,0.3,t,650,f,,other,R,840906012,otro
43,M,f,f,f,f,f,f,t,f,f,f,f,f,f,f,t,1.1,t,1.7,t,98,t,0.71,t,138,f,,other,-,840906015,otro
79,F,f,f,f,f,f,f,f,f,f,f,f,f,f,f,t,0.2,t,2,t,110,t,1.01,t,109,f,,SVI,-,840906016,otro
79,M,t,f,f,f,f,f,f,t,f,f,f,f,f,f,t,7.4,t,2.2,t,84,t,0.92,t,91,f,,other,M,840906018,otro
77,F,f,f,f,f,f,f,f,f,f,f,f,f,f,f,t,46,t,0.5,t,14,t,1.19,t,12,f,,SVI,F,840906021,hipotiroidismo
77,F,f,f,f,f,f,f,f,f,f,f,f,f,f,f,t,1.7,t,2.3,t,91,t,1.1,t,83,f,,other,-,840906022,otro
31,F,f,f,f,f,f,f,f,f,f,f,f,f,f,f,t,0.8,f,,t,69,t,0.83,t,83,f,,other,-,840906024,otro
27,F,f,f,f,f,f,f,f,t,t,f,f,f,f,f,t,18,f,,t,61,t,1.01,t,61,f,,other,F,840906026,hipotiroidismo
66,F,t,f,f,f,f,f,f,t,f,f,f,f,f,f,t,0.2,t,2.1,t,139,t,1.1,t,126,f,,other,-,840906027,otro
65,F,f,f,f,f,f,f,f,f,f,f,f,f,f,f,t,170,t,0.3,t,12,t,1.05,t,11,f,,other,F,840906029,hipotiroidismo
48,F,f,t,f,f,f,f,f,f,f,f,f,f,f,f,t,0.2,f,,t,115,t,1,t,115,f,,other,-,840906034,otro
48,F,t,t,f,f,f,f,f,f,f,f,f,f,f,f,t,19.199999,f,,t,84,t,0.96,t,88,f,,other,M,840906044,otro
58,F,f,f,t,f,f,f,f,f,f,f,f,f,f,f,t,7.5,t,1.4,t,40,t,1.13,t,35,f,,other,O,840906049,otro
53,M,f,f,f,f,f,f,f,f,f,f,f,f,f,f,t,0.2,t,2.5,t,135,t,1.28,t,105,f,,other,-,840906050,otro
55,F,f,f,f,f,f,f,t,f,f,f,f,f,f,f,t,1.8,t,1.5,t,99,t,0.95,t,104,f,,other,-,840906051,otro
55,M,f,f,f,f,f,f,f,f,f,f,f,f,f,f,t,4.2,t,2,t,67,t,0.82,t,82,f,,other,-,840906057,otro
55,F,f,f,f,f,f,f,f,f,f,f,f,f,f,f,t,0.9,t,1.8,t,89,t,0.93,t,96,f,,other,-,840906059,otro
55,M,f,f,f,f,f,f,f,f,f,f,f,f,f,f,t,0.6,t,2.2,t,127,t,1.18,t,108,f,,SVI,-,840906060,otro
84,F,f,f,f,f,f,f,f,f,f,f,f,f,f,f,t,0.2,t,1.2,t,105,t,0.98,t,107,f,,SVI,-,840906063,otro
65,F,f,f,f,f,f,f,f,f,f,f,f,f,f,f,t,145,t,0.2,t,16,t,0.94,t,17,f,,SVI,F,840906064,hipotiroidismo
54,F,f,f,f,f,f,t,f,f,f,f,f,f,f,f,t,1,f,,t,60,t,0.68,t,88,f,,other,-,840906071,otro
56,M,t,f,f,f,f,f,f,f,f,f,f,f,f,f,f,,f,,t,33,t,0.2,t,165,f,,other,LJ,840906077,otro
56,F,f,t,f,f,f,f,f,f,f,f,f,f,f,f,t,0.1,t,2.4,t,167,t,1.41,t,118,f,,other,L,840906081,otro
21,M,f,f,f,f,f,t,t,f,f,f,f,f,f,f,f,,f,,f,,f,,f,,t,18,other,-,840906089,otro
12,M,f,f,f,f,f,f,f,f,f,f,f,f,f,f,f,,t,2.4,t,97,t,0.97,t,100,f,,other,-,840906095,otro
59,M,t,f,f,f,f,f,f,f,f,f,f,f,f,f,t,0.1,t,2,t,152,t,0.91,t,167,f,,other,L,840907001,otro
18,F,f,f,f,f,f,f,f,f,f,f,f,t,f,f,t,0.1,t,2.9,t,148,t,0.97,t,153,f,,other,I,840907002,otro
10,M,f,f,f,f,f,f,f,f,f,f,f,f,f,f,t,1.5,t,2.2,t,82,t,0.77,t,106,f,,other,-,840907012,otro
82,F,t,f,f,f,f,f,f,f,f,f,f,f,f,f,t,0.1,t,1.4,t,147,t,1.12,t,131,f,,other,-,840907028,otro
30,F,f,f,f,t,f,f,f,f,f,f,f,f,f,f,t,0.1,t,1.4,t,112,t,0.85,t,132,f,,SVI,-,840907050,otro
67,F,f,f,f,f,f,f,f,f,f,f,f,f,f,f,t,1.1,t,2,t,78,t,0.86,t,91,f,,SVI,-,840907052,otro
77,F,f,f,f,f,f,f,f,f,f,f,f,f,f,f,t,0.05,t,1.5,t,123,f,,f,,f,,other,-,840907053,otro
68,F,f,f,f,f,f,f,f,f,f,f,f,f,f,f,t,0.4,t,1.7,t,91,t,0.98,t,93,f,,SVI,-,840907054,otro
78,F,f,f,f,f,f,f,f,f,f,f,f,f,f,f,t,1.7,t,1.8,t,101,t,0.92,t,110,f,,SVI,-,840907055,otro
60,M,f,f,f,f,f,f,f,f,f,f,f,f,f,f,t,0.1,t,2,t,130,t,0.94,t,138,f,,SVI,-,840907056,otro
35,F,f,f,f,f,f,f,f,f,f,f,f,f,f,f,t,0.1,t,1.2,t,50,t,0.78,t,64,f,,SVI,K,840907057,otro
67,F,f,f,f,f,f,f,t,t,f,f,f,f,f,f,t,0.1,t,2.2,t,93,t,1.13,t,82,f,,other,-,840907060,otro
36,M,f,f,f,f,f,f,f,f,f,f,f,f,f,f,f,,t,1.4,t,65,t,0.81,t,80,f,,other,-,840907075,otro
88,F,f,f,f,f,f,f,f,f,t,f,f,f,f,f,t,7.9,t,1.9,t,47,t,1.07,t,44,f,,other,F,840910006,hipotiroidismo
76,M,f,f,f,f,f,f,f,f,f,f,f,f,f,f,t,2.2,t,2.4,t,113,t,1.07,t,106,f,,other,-,840910007,otro
73,F,f,f,f,f,f,f,f,f,f,f,f,f,f,f,t,1.3,t,1.6,t,81,t,0.86,t,94,f,,SVI,-,840910008,otro
73,M,f,f,f,f,f,f,f,f,f,f,f,f,f,f,t,0.1,t,2.1,t,90,t,0.93,t,97,f,,other,-,840910009,otro
73,F,f,f,f,f,f,f,f,f,f,f,f,f,f,f,t,19,t,2.3,t,66,t,1.09,t,61,f,,SVHC,F,840910011,hipotiroidismo
73,F,f,f,f,f,f,f,f,t,f,f,f,f,f,f,t,1.5,t,2.2,t,105,t,1.14,t,92,f,,SVI,-,840910012,otro
19,M,f,f,f,f,f,f,f,f,f,f,f,f,f,f,t,1.4,t,1.6,t,55,t,0.53,t,104,f,,other,J,840910013,otro
42,F,f,f,f,f,f,f,f,f,f,f,f,f,f,f,t,48,f,,t,7.6,t,1.02,t,7.5,f,,other,F,840910023,hipotiroidismo
72,M,f,f,f,f,f,f,f,f,f,f,f,f,f,f,t,25,t,0.3,t,4.1,t,1.2,t,3.4,f,,other,F,840910024,hipotiroidismo
11,M,f,f,f,f,f,f,f,f,f,f,f,f,f,f,t,0.1,f,,t,90,t,1.07,t,84,f,,other,-,840910037,otro
78,F,f,f,f,f,f,f,f,t,f,f,f,f,f,f,t,1.4,f,,t,64,t,1.19,t,54,f,,other,-,840910038,otro
78,M,f,f,f,f,f,f,f,f,f,f,f,f,f,f,t,1.1,t,1.9,t,49,t,0.89,t,55,f,,other,R,840910044,otro
78,M,f,f,f,f,f,f,f,f,f,f,f,f,f,f,t,0.1,t,0.7,t,72,t,0.61,t,118,f,,SVI,K,840910045,otro
29,F,f,f,f,f,f,t,f,f,f,f,f,f,f,f,t,7.3,t,1.5,t,90,t,1.48,t,61,f,,SVI,-,840910046,otro
29,F,f,f,f,f,f,f,f,f,f,f,f,f,f,t,t,0.9,t,1.7,t,73,t,1,t,73,f,,SVHC,-,840910047,otro
16,F,f,f,f,f,f,f,f,t,t,f,f,f,f,f,t,0.1,f,,t,101,t,1.1,t,92,f,,other,-,840910049,otro
70,F,f,f,f,f,f,f,f,f,f,f,f,f,f,f,t,0.1,t,1.2,t,75,t,1.06,t,71,f,,other,-,840910050,otro
58,F,f,f,f,f,f,f,f,f,t,f,f,f,f,f,t,0.3,t,4.1,t,202,t,0.8,t,253,f,,other,A,840910056,hipertiroidismo
27,F,f,f,f,f,f,f,f,f,f,f,f,f,f,f,t,0.3,f,,t,90,t,0.98,t,92,f,,other,-,840910057,otro
77,F,f,f,f,f,f,f,f,f,f,f,f,f,f,f,t,0.3,f,,t,116,t,1,t,116,f,,other,-,840910060,otro
77,F,f,f,f,f,f,f,t,f,f,f,f,f,f,f,t,6.7,f,,t,114,t,1.52,t,75,f,,other,G,840910069,hipotiroidismo
43,M,f,f,f,f,f,f,f,t,f,f,f,f,f,f,t,153,f,,t,3,t,1.23,t,2.5,f,,other,F,840911005,hipotiroidismo
22,F,f,f,f,f,t,f,f,f,f,f,f,f,f,f,f,,f,,t,149,t,1.38,t,108,f,,WEST,I,840911016,otro
62,F,f,f,f,f,f,f,f,f,t,f,f,f,f,f,t,0.3,t,6.6,t,169,t,0.86,t,197,f,,other,A,840911020,hipertiroidismo
43,F,t,f,f,f,f,f,f,f,f,f,f,f,f,f,t,0.3,f,,t,200,t,1.1,t,182,f,,other,N,840911029,otro
24,M,t,f,f,t,f,f,f,f,f,f,f,f,f,f,t,0.3,t,1.5,t,101,t,0.86,t,117,f,,SVI,-,840911036,otro
69,F,f,f,f,f,f,f,f,f,f,f,f,f,f,f,t,2.6,t,1.8,t,126,t,1.02,t,124,f,,SVI,-,840911037,otro
65,F,f,f,f,f,f,f,f,f,f,f,f,f,f,f,t,35,t,1.2,t,24,t,0.99,t,24,f,,SVI,F,840911038,hipotiroidismo
65,F,f,f,f,f,f,f,f,t,f,f,f,f,f,f,t,0.3,t,2.5,t,105,f,,f,,f,,other,-,840911039,otro
65,F,f,f,f,f,f,f,f,f,f,f,f,f,f,f,t,3.8,t,1,t,88,t,0.78,t,113,f,,SVI,K,840911040,otro
65,F,f,f,f,f,f,f,f,f,f,f,f,f,f,f,t,0.8,t,1.8,t,70,t,0.74,t,95,f,,SVI,-,840911041,otro
84,F,f,f,f,f,f,f,f,f,f,f,f,f,f,f,t,1.1,t,2.8,t,105,t,1.01,t,104,f,,other,-,840911042,otro
16,M,f,f,f,f,f,f,f,f,f,f,f,f,f,f,t,0.3,f,,t,128,t,1.06,t,121,f,,other,-,840911045,otro
32,F,f,f,f,f,f,f,f,f,f,f,f,f,f,f,t,0.3,f,,t,87,t,0.89,t,98,f,,other,-,840911047,otro
30,F,t,f,f,f,f,f,f,f,f,f,f,f,f,f,t,0.3,t,1.7,t,139,t,0.89,t,156,f,,other,L,840911059,otro
30,F,f,f,f,f,f,f,f,f,f,f,f,f,f,f,t,0.3,t,2.1,t,90,t,0.96,t,94,f,,other,-,840911060,otro
34,M,f,f,f,f,f,f,f,f,f,f,f,f,f,f,t,0.3,t,4.7,t,242,t,1.02,t,237,f,,other,A,840912001,hipertiroidismo
86,F,f,f,f,f,f,f,f,f,f,f,f,f,f,f,t,0.3,t,1.7,t,162,t,0.8,t,203,f,,other,AK,840912002,hipertiroidismo
66,F,f,f,f,t,f,f,f,f,f,f,f,f,f,f,t,0.8,t,1.7,t,103,t,0.95,t,108,f,,other,-,840912004,otro
24,F,f,f,f,f,t,f,f,f,f,f,f,t,f,f,t,0.3,t,2.6,t,151,t,1.53,t,99,f,,STMW,-,840912005,otro
49,F,f,f,f,f,f,t,f,f,f,f,f,f,f,f,t,5.9,t,2.2,t,112,t,1,t,112,f,,STMW,-,840913002,otro
31,F,f,f,f,f,f,f,f,f,t,f,f,f,f,f,t,1.8,t,3.7,t,109,t,1.62,t,67,f,,STMW,I,840913004,otro
47,F,f,f,f,f,f,f,f,f,f,f,t,f,f,f,t,1.4,t,2.1,t,82,t,1.02,t,80,f,,SVI,-,840913006,otro
47,M,f,f,t,f,f,f,f,f,t,f,f,f,f,f,f,,f,,t,104,t,0.84,t,124,f,,other,-,840913009,otro
68,M,f,f,f,f,f,f,f,f,f,f,f,f,f,f,t,1,t,1.6,t,78,t,0.82,t,95,f,,SVI,-,840913015,otro
68,F,f,f,f,f,f,f,f,f,f,f,f,f,f,f,t,4,t,2.2,t,108,t,1.03,t,105,f,,other,-,840913016,otro
69,M,f,f,f,f,f,f,f,f,f,f,f,f,f,f,t,2.3,t,2.4,t,94,t,1.03,t,91,f,,other,-,840913017,otro
70,F,f,f,f,t,f,f,f,f,f,f,f,f,f,f,t,0.2,t,1.4,t,143,t,1.07,t,134,f,,SVI,-,840913018,otro
70,F,f,f,f,f,f,f,f,f,f,f,f,f,f,f,t,1,t,2,t,98,t,1.03,t,95,f,,other,-,840913019,otro
69,F,f,f,f,f,f,f,f,f,f,f,f,f,f,f,t,0.8,t,0.9,t,90,t,0.61,t,148,f,,other,-,840913020,otro
79,F,f,f,f,f,f,f,f,f,f,f,f,f,f,f,t,0.7,t,1.6,t,117,t,0.82,t,143,f,,other,-,840913021,otro
63,F,t,f,f,f,f,f,f,f,f,f,f,f,f,f,t,0.1,t,1.6,t,99,t,0.93,t,106,f,,other,-,840913032,otro
51,M,f,f,f,f,f,f,t,f,t,f,f,f,f,f,t,0.2,t,2.3,t,93,t,0.66,t,141,f,,other,-,840913033,otro
70,F,t,f,f,f,f,f,f,f,f,f,f,f,f,f,t,3,t,1.8,t,95,t,1,t,95,f,,other,-,840913034,otro
25,F,f,t,f,f,f,f,f,f,f,f,f,f,f,f,t,9.2,f,,t,64,t,0.96,t,67,f,,other,G,840913038,hipotiroidismo
68,F,f,f,f,f,f,f,f,f,f,f,f,t,f,f,t,0.2,t,2,t,112,t,1.05,t,107,f,,other,-,840913040,otro
18,F,f,f,f,f,f,f,f,f,f,f,f,f,f,f,t,4.6,t,2.5,t,104,t,1.19,t,87,f,,other,-,840913041,otro
76,M,f,f,f,f,f,f,f,f,f,f,f,f,f,f,t,1.6,t,1.8,t,107,t,1.02,t,105,f,,other,-,840913042,otro
78,F,f,f,f,f,f,f,f,f,f,f,f,f,f,f,f,,t,1.7,f,,f,,f,,f,,other,-,840913043,otro
57,F,t,f,f,f,f,f,f,f,f,f,f,f,f,f,t,12,f,,t,99,t,1.15,t,86,f,,other,M,840913045,otro
57,F,f,f,f,t,f,f,f,f,f,f,f,f,f,f,t,2.7,t,2,t,82,t,1.05,t,78,f,,other,-,840913047,otro
64,F,f,f,f,f,f,f,t,f,f,f,f,f,f,f,t,0.9,t,2.5,t,123,t,1.16,t,107,f,,other,-,840913051,otro
42,M,f,f,f,f,f,f,f,f,f,f,f,f,f,f,f,,f,,t,84,t,0.94,t,89,f,,other,-,840913052,otro
51,F,f,f,f,f,f,f,f,f,f,f,f,f,f,f,t,5.5,t,4.4,t,4,t,1.11,t,3.5,f,,other,-,840913053,otro
65,M,t,f,f,f,f,f,f,f,f,f,f,f,f,f,t,0.1,t,2.2,t,186,t,0.98,t,190,f,,other,N,840913059,otro
20,F,f,f,f,f,f,f,f,t,f,f,f,f,f,f,t,0.1,t,1.9,t,110,t,0.92,t,120,f,,other,-,840913061,otro
66,F,f,f,f,f,f,f,f,f,f,f,f,f,f,f,t,0.1,t,1.6,t,124,t,0.92,t,135,f,,other,-,840913063,otro
72,F,f,t,f,f,f,f,f,t,f,f,f,f,f,f,t,4.2,t,1.1,t,74,t,0.81,t,91,f,,other,K,840913068,otro
30,F,t,f,f,f,f,f,f,t,f,f,f,f,f,f,f,,t,2,t,61,t,1.66,t,37,f,,STMW,I,840914002,otro
58,F,f,f,f,f,f,f,f,f,f,f,f,f,f,f,t,1.3,f,,t,104,t,1.21,t,86,f,,other,-,840914012,otro
58,F,f,f,f,f,f,f,f,f,f,f,f,f,f,f,t,30,t,0.3,t,13,t,0.97,t,13,f,,SVHC,F,840914013,hipotiroidismo
71,F,f,f,f,f,f,f,f,f,f,f,f,f,f,t,t,0.1,t,1.9,t,94,t,0.97,t,97,f,,SVHC,-,840914014,otro
51,M,f,f,f,f,f,f,f,f,f,f,f,f,f,f,t,1.3,t,2,t,75,t,0.7,t,107,f,,SVI,-,840914015,otro
48,M,f,f,f,f,f,f,f,f,f,f,f,f,f,f,t,0.1,t,1.6,t,111,t,1.1,t,101,f,,SVI,-,840914017,otro
80,F,f,f,f,f,f,f,f,f,f,f,f,f,f,f,t,2.6,t,1.6,t,92,t,0.87,t,106,f,,other,-,840914018,otro
80,F,f,f,f,f,f,f,f,f,f,f,f,f,f,f,t,0.9,t,1,t,58,t,0.87,t,67,f,,SVHC,K,840914019,otro
66,F,f,f,f,f,f,f,f,f,f,f,f,t,f,f,t,0.1,f,,t,73,t,0.81,t,90,f,,other,-,840914043,otro
21,M,f,f,f,f,f,f,f,f,t,f,f,f,f,f,t,0.1,t,1.9,t,94,t,0.88,t,107,f,,other,-,840914044,otro
53,F,f,f,f,f,f,f,f,f,t,f,f,f,f,f,t,15.299999,t,1.5,t,44,t,0.98,t,45,f,,other,F,840914045,hipotiroidismo
75,M,f,f,f,f,f,f,f,f,f,f,f,f,f,t,t,0.15,t,2.1,t,87,t,0.89,t,98,f,,SVHC,-,840914046,otro
23,M,f,f,f,f,f,f,f,f,f,f,f,f,f,f,t,0.1,t,2.2,t,103,t,0.96,t,107,f,,SVI,-,840914049,otro
23,F,f,f,f,f,f,f,f,f,f,f,f,f,f,f,t,0.15,t,2,t,91,f,,f,,f,,other,-,840914050,otro
51,M,f,f,f,f,f,f,f,f,f,f,f,f,f,f,t,0.1,t,1.8,t,77,t,0.4,t,193,f,,SVI,R,840914051,otro
29,F,f,f,f,f,f,f,f,f,f,f,f,f,f,f,f,,f,,f,,f,,f,,t,36,other,S,840914072,otro
47,F,f,f,f,f,f,f,f,f,f,f,f,f,f,t,t,0.1,t,2.4,t,109,t,1.07,t,102,f,,SVHC,-,840917002,otro
24,F,f,f,f,f,f,f,f,f,f,f,f,f,f,f,t,0.1,t,1.7,t,74,t,0.98,t,111,f,,other,-,840917003,otro
55,F,f,f,f,f,f,f,f,f,f,f,f,f,f,f,t,0.1,t,1.2,t,51,t,0.89,t,57,f,,other,H|K,840917004,otro
72,M,f,f,f,f,f,f,f,f,f,f,f,f,f,f,t,10.299999,t,1.3,t,35,t,0.77,t,76,f,,other,-,840917005,otro
49,F,f,f,f,f,f,f,f,f,f,f,f,f,f,f,t,0.7,t,2.4,t,101,t,1.12,t,90,f,,SVHC,-,840917007,otro
54,F,f,f,f,f,f,f,f,t,f,f,f,f,f,f,t,3,t,2.5,t,144,t,1.44,t,100,f,,other,-,840917009,otro
62,F,t,f,f,f,f,f,f,f,f,f,f,f,f,f,t,1.1,f,,t,150,t,0.94,t,160,f,,other,-,840917012,otro
67,F,t,f,f,f,f,f,f,f,f,f,f,f,f,f,t,0.1,t,2.3,t,134,t,0.93,t,144,f,,STMW,-,840917018,otro
62,F,f,f,f,f,f,f,f,f,f,f,f,f,f,f,f,,f,,f,,f,,f,,t,21,other,-,840917031,otro
20,F,t,f,f,f,f,f,f,f,f,f,f,f,f,f,t,0.1,f,,t,121,t,0.91,t,133,f,,other,-,840917037,otro
24,F,f,f,f,f,f,f,f,f,f,f,f,f,f,f,t,430,t,0.4,t,6,t,1.04,t,6,f,,other,F,840917038,hipotiroidismo
72,F,t,f,f,f,f,f,f,f,f,f,f,f,f,f,t,0.1,f,,t,180,t,0.9,t,200,f,,other,N,840917039,otro
72,F,f,f,f,f,f,f,f,f,f,f,f,f,f,f,t,0.1,t,8.599999,t,359,t,0.74,t,485,f,,other,A,840917043,hipertiroidismo
57,F,f,f,f,f,f,f,f,f,f,f,f,f,f,f,t,4.1,t,2.2,t,115,t,0.96,t,120,f,,SVI,-,840917045,otro
57,F,f,f,f,f,f,f,f,f,f,f,f,f,f,f,t,0.6,t,2.1,t,123,t,0.97,t,127,f,,SVI,-,840917046,otro
65,F,f,f,f,f,f,f,f,f,f,f,f,f,f,f,t,213,t,0.9,t,43,t,0.95,t,45,f,,SVI,F,840917047,hipotiroidismo
58,M,f,f,f,f,f,f,f,f,f,f,f,f,f,f,f,,t,1.2,t,77,t,0.84,t,92,f,,other,-,840917051,otro
71,M,f,f,f,f,f,f,f,f,f,f,f,f,f,f,t,0.5,t,0.7,t,71,t,0.78,t,91,f,,other,K,840917053,otro
24,M,f,f,f,f,f,f,f,f,f,f,f,f,f,f,t,37,f,,t,47,t,0.95,t,49,f,,other,F,840917054,hipotiroidismo
43,M,f,f,f,f,f,f,f,t,f,f,f,f,f,f,t,216,f,,t,4,t,1.28,t,3,f,,other,F,840918002,hipotiroidismo
39,F,f,f,f,f,f,f,f,f,f,f,f,f,f,f,t,2.3,t,2.1,t,94,t,1.06,t,89,f,,other,-,840918004,otro
50,F,t,f,f,f,f,f,f,f,f,f,f,f,f,f,t,26,f,,t,104,t,1.13,t,92,f,,other,M,840918044,otro
72,F,t,f,f,f,f,f,f,f,f,f,f,f,f,f,t,4,f,,t,124,t,1.16,t,107,f,,other,-,840918046,otro
72,F,t,f,f,f,f,f,f,f,f,f,f,f,f,f,t,0.1,f,,t,134,t,0.85,t,158,f,,other,L,840918047,otro
38,F,f,f,f,f,f,f,f,f,f,f,f,f,f,f,t,0.7,t,2,t,105,t,1,t,105,f,,SVI,-,840918049,otro
62,M,f,f,f,f,f,f,f,f,f,f,f,f,f,f,t,0.8,t,1.5,t,106,t,1.03,t,103,f,,SVI,-,840918050,otro
74,F,f,f,f,f,f,f,f,f,f,f,f,f,f,f,t,4.3,t,2.1,t,77,t,0.99,t,78,f,,SVI,-,840918051,otro
36,F,t,f,f,f,f,f,f,f,f,f,f,f,f,f,t,0.1,f,,t,128,t,0.87,t,147,f,,other,-,840918058,otro
71,M,f,f,f,f,f,f,f,f,f,f,f,f,f,f,f,,t,2.3,t,108,t,1.09,t,99,f,,other,-,840918059,otro
71,,f,f,f,f,f,t,f,f,f,f,f,f,f,f,t,1.7,t,2.2,t,95,t,1.1,t,86,f,,SVI,-,840918060,otro
42,F,f,f,f,f,f,f,f,f,f,f,f,t,f,f,t,0.1,t,2.4,t,116,t,1.05,t,110,f,,SVI,-,840918061,otro
72,F,f,f,f,f,f,f,f,f,f,f,f,f,f,f,t,0.1,t,1.6,t,106,t,1.86,t,123,f,,SVI,-,840918062,otro
42,F,f,f,f,f,f,f,f,f,f,f,f,f,f,f,t,0.3,t,2,t,90,t,0.98,t,92,f,,other,-,840918073,otro
60,F,t,f,f,f,f,f,f,f,f,f,f,f,f,f,t,0.1,t,3.3,t,225,t,1.14,t,197,f,,other,N,840918077,otro
30,F,t,f,f,f,f,f,f,t,f,f,f,f,f,f,f,,f,,f,,f,,f,,t,33,other,S,840918089,otro
30,F,f,f,f,f,f,f,f,f,f,f,f,f,f,f,t,0.1,t,1.5,t,101,f,,f,,f,,SVI,-,840919002,otro
48,M,f,f,f,f,f,f,f,f,f,f,f,f,f,f,t,0.1,t,2,t,86,f,,f,,f,,SVI,-,840919003,otro
71,M,f,f,f,f,f,f,f,f,f,f,f,f,f,f,t,0.6,t,1.6,t,99,t,1.02,t,97,f,,SVI,-,840919004,otro
60,F,f,f,f,f,f,f,f,f,f,f,f,f,f,f,t,0.1,t,1.4,t,59,t,0.64,t,92,f,,SVI,-,840919005,otro
51,F,f,f,f,f,f,f,f,f,f,f,f,f,f,f,t,0.1,t,1.7,t,137,t,1,t,137,f,,SVI,-,840919023,otro
73,F,f,f,f,f,f,f,f,f,f,f,f,f,f,f,t,1.9,t,2.8,t,104,t,1.23,t,85,f,,SVI,-,840919024,otro
1,M,f,f,f,f,f,f,f,f,f,f,f,f,f,f,t,0.1,t,1.2,t,65,t,0.89,t,73,f,,SVI,-,840919025,otro
30,F,f,f,f,f,f,f,f,f,f,f,f,f,f,f,t,0.1,t,2.4,t,124,t,1.23,t,101,f,,other,-,840919026,otro
52,F,f,f,f,f,f,f,t,f,f,f,f,f,f,f,t,2.4,t,1.9,t,85,t,1.14,t,75,f,,other,-,840919054,otro
59,F,f,f,f,f,f,f,f,f,t,f,f,f,f,f,t,47,t,1.9,t,79,t,1.13,t,70,f,,other,G,840919069,hipotiroidismo
59,F,f,f,f,f,f,f,f,f,f,f,f,f,f,f,t,2.1,t,2.2,t,98,t,1.07,t,92,f,,other,-,840920001,otro
78,M,f,f,f,f,f,f,f,f,f,f,f,f,f,f,t,1.6,t,1.7,t,87,t,0.95,t,92,f,,SVHC,-,840920002,otro
22,F,f,f,f,f,f,f,f,f,f,f,f,f,f,f,t,1.6,t,2.4,t,83,t,0.93,t,89,f,,SVHC,-,840920004,otro
79,M,f,f,f,f,f,f,f,f,f,f,f,f,f,f,t,0.9,t,2.9,t,119,t,1.59,t,75,f,,SVI,I,840920006,otro
33,F,f,f,f,f,f,f,f,f,f,f,f,f,f,f,t,0.25,t,2.2,t,124,f,,f,,f,,other,-,840920007,otro
25,F,f,f,f,f,f,f,f,f,f,f,f,f,f,f,t,4,t,1.2,t,80,t,0.81,t,99,f,,other,-,840920008,otro
25,M,f,f,t,f,f,f,f,f,t,f,f,f,f,f,t,0.25,t,2.6,t,95,t,0.9,t,106,f,,other,-,840920012,otro
70,M,t,f,f,f,f,f,f,f,f,f,f,f,f,f,t,0.25,t,1.7,t,150,t,0.94,t,160,f,,other,L,840920014,otro
46,F,f,f,f,f,f,f,f,f,f,f,f,f,f,f,f,,t,1.7,t,74,t,0.9,t,82,f,,other,-,840920016,otro
46,,f,f,f,f,f,f,f,f,f,f,f,f,f,f,t,8.2,t,3.8,t,124,t,0.29,t,428,f,,other,D,840920020,hipertiroidismo
46,,f,f,f,f,f,f,f,f,f,f,f,f,f,f,t,14.4,t,1.2,t,153,t,0.34,t,450,f,,other,R,840920021,otro
27,F,t,f,f,f,f,f,f,f,f,f,f,f,f,f,t,0.25,t,2.8,t,166,t,1.43,t,116,f,,other,-,840920028,otro
33,F,t,f,f,f,f,f,f,t,f,f,f,f,f,f,f,,f,,t,104,t,1.01,t,103,f,,other,-,840920034,otro
60,F,f,f,f,f,f,f,f,f,f,f,f,f,f,f,t,0.25,t,2.7,t,112,t,1.2,t,93,f,,other,-,840920041,otro
64,M,f,f,f,f,f,f,f,f,f,f,f,f,f,f,t,0.8,t,2.1,t,82,t,0.96,t,85,f,,other,-,840920043,otro
64,F,f,f,f,f,f,f,f,f,f,f,f,f,f,f,t,0.25,t,1.1,t,109,t,0.88,t,124,f,,SVHC,K,840920044,otro
32,F,f,f,f,f,f,f,f,f,f,f,f,f,f,t,t,17.4,t,1.9,t,90,t,1.21,t,74,f,,SVHC,G,840920045,hipotiroidismo
31,F,f,f,f,f,f,f,f,f,f,f,f,f,f,f,t,0.25,t,2,t,101,t,0.8,t,126,f,,SVI,-,840920046,otro
66,M,f,f,f,f,f,f,f,f,f,f,f,f,f,f,t,3.2,t,2.2,t,93,t,0.92,t,101,f,,SVI,-,840920047,otro
61,F,t,f,f,f,f,f,f,f,f,f,f,f,f,f,t,0.25,f,,t,169,t,1.17,t,144,f,,other,-,840920052,otro
61,F,t,f,f,f,f,f,f,f,f,f,f,f,f,f,t,0.25,t,2.3,t,150,t,0.86,t,174,f,,other,L,840920053,otro
49,F,f,f,f,f,f,f,f,f,f,f,f,f,f,f,t,2.7,t,2,t,90,f,,f,,f,,other,-,840920058,otro
24,F,f,f,f,f,f,f,f,f,f,f,f,f,f,f,f,,f,,f,,f,,f,,t,20,other,-,840920061,otro
23,F,f,f,f,f,f,f,f,f,f,f,f,f,f,f,f,,f,,f,,f,,f,,t,19,other,-,840920063,otro
60,M,f,f,f,f,f,f,f,f,f,f,f,f,f,f,t,0.6,t,1.8,t,77,t,0.75,t,103,f,,other,-,840920072,otro
45,F,t,f,f,f,f,f,f,f,f,f,f,f,f,f,t,0.1,t,2.1,t,166,t,0.88,t,189,f,,other,N,840920074,otro
59,F,t,f,f,f,f,f,f,f,f,f,f,f,f,f,t,0.1,t,2.8,t,196,t,0.97,t,202,f,,other,N,840920075,otro
50,F,f,f,f,f,f,t,f,f,f,f,f,f,f,f,t,0.8,t,2.6,t,141,t,1.44,t,98,f,,other,-,840920078,otro
25,F,f,f,f,f,f,f,f,f,t,f,f,f,f,f,t,6.7,f,,t,114,t,1.19,t,96,f,,other,G,840920079,hipotiroidismo
58,F,t,f,f,f,f,f,f,f,f,f,f,f,f,f,t,0.1,f,,t,132,t,0.97,t,136,f,,other,-,840920080,otro
40,F,f,f,f,f,f,f,f,f,f,f,f,f,f,f,f,,f,,t,101,t,0.96,t,105,t,20,other,-,840920093,otro
40,F,f,t,f,f,f,t,f,t,f,f,f,f,f,f,t,0.1,t,2,t,153,t,0.96,t,159,f,,other,L,840920097,otro
58,F,f,t,f,f,f,t,f,f,f,f,f,f,f,f,t,0.1,t,2,t,129,t,0.95,t,136,f,,other,-,840920098,otro
24,F,f,f,f,f,f,f,f,f,f,f,f,f,f,f,f,,f,,t,82,t,0.95,t,86,f,,other,-,840920100,otro
34,F,f,f,f,f,f,f,f,f,f,f,f,f,f,f,f,,t,7.6,t,302,f,,f,,f,,STMW,A,840921002,hipertiroidismo
43,F,f,f,f,f,f,f,f,t,f,f,f,f,f,f,t,0.1,f,,t,61,t,0.74,t,82,f,,other,-,840921006,otro
53,M,f,f,f,f,f,f,f,f,f,f,f,f,f,f,t,0.7,t,1.8,t,75,t,0.98,t,77,f,,SVI,-,840921007,otro
65,F,f,f,f,f,f,f,f,f,f,f,f,f,f,f,t,100,t,0.9,t,62,t,0.94,t,66,f,,SVI,GK,840921008,hipotiroidismo
57,F,t,f,f,f,f,f,f,f,f,f,f,f,f,f,t,8.4,t,1.7,t,108,t,0.85,t,127,f,,other,M,840921024,otro
45,F,t,f,f,f,f,t,f,f,f,f,f,f,f,f,t,0.1,t,2.3,t,206,t,1.05,t,196,f,,other,N,840921025,otro
41,F,f,f,f,f,f,f,f,f,f,f,f,f,f,f,t,1.4,t,1.3,t,65,t,0.72,t,90,f,,SVI,-,840921033,otro
54,F,f,f,f,f,f,f,f,f,f,f,f,f,f,f,t,0.9,t,2.2,t,115,t,1.04,t,111,f,,SVI,-,840921034,otro
65,F,f,f,f,f,f,f,f,f,f,f,f,f,f,f,t,2,t,1.5,t,86,f,,f,,f,,SVI,-,840921035,otro
64,M,f,f,f,f,f,f,f,f,f,f,f,f,f,f,t,0.1,t,2.4,t,77,t,0.98,t,79,f,,SVI,-,840921036,otro
58,F,f,f,f,f,f,f,f,t,f,f,f,f,f,f,t,0.1,f,,t,101,t,0.98,t,103,f,,other,-,840921037,otro
84,F,f,f,f,f,f,f,f,f,f,f,f,f,f,f,t,0.1,t,1.2,t,71,t,0.9,t,79,f,,SVI,-,840921038,otro
63,M,f,f,f,f,f,f,f,f,f,f,f,f,f,f,t,0.1,t,1.8,t,121,t,0.99,t,122,f,,SVI,-,840921039,otro
23,M,f,f,f,f,f,f,f,f,f,f,t,f,f,f,t,0.4,t,2.3,t,98,t,1.04,t,94,f,,SVI,-,840921040,otro
23,M,f,f,f,f,f,f,f,f,f,f,f,f,f,f,t,13.2,t,0.8,t,66,t,0.98,t,67,f,,SVI,GK,840921041,hipotiroidismo
39,F,f,f,f,f,f,f,f,t,f,f,f,f,f,f,t,0.3,f,,t,116,t,1.07,t,108,f,,other,-,840921062,otro
36,F,f,f,f,f,f,f,f,f,f,f,f,f,f,f,t,0.1,t,2.6,t,98,f,,f,,f,,other,-,840924002,otro
37,M,f,f,f,f,f,f,f,f,f,f,f,f,f,f,t,0.1,t,2.4,t,109,t,0.9,t,121,f,,other,-,840924010,otro
54,F,t,f,f,f,f,f,f,f,f,f,f,f,f,f,t,0.1,f,,t,134,t,1.24,t,108,f,,other,-,840924013,otro
35,F,f,f,f,f,f,f,f,f,f,f,f,f,f,f,t,14,t,0.2,t,4,t,0.98,t,4,f,,other,F,840924016,hipotiroidismo
47,F,f,f,f,f,f,f,f,f,f,f,f,f,f,f,t,0.5,t,1.4,t,81,t,0.94,t,86,f,,SVI,-,840924023,otro
74,F,f,f,f,f,f,f,f,f,f,f,f,f,f,f,t,1,t,2,t,104,t,0.98,t,106,f,,SVI,-,840924026,otro
63,F,f,f,f,f,f,f,f,f,f,f,f,f,f,f,t,0.1,t,1.6,t,132,t,1.07,t,123,f,,SVI,-,840924028,otro
30,F,t,f,f,f,f,f,f,f,f,f,f,f,f,f,t,41,t,3,t,109,t,1.79,t,61,f,,STMW,MI,840924035,otro
25,F,t,f,f,f,t,f,f,f,f,f,f,f,f,f,t,0.8,t,2.8,t,143,t,1.66,t,86,f,,STMW,-,840924036,otro
21,F,f,f,f,f,t,f,f,f,t,f,f,f,f,f,t,0.4,t,3.7,t,162,t,1.76,t,92,f,,STMW,I,840924037,otro
20,F,t,f,f,f,f,f,f,f,f,f,f,t,f,f,t,0.1,t,2.6,t,150,t,1.11,t,135,f,,STMW,-,840924038,otro
34,F,t,f,f,f,f,f,f,f,f,f,f,t,f,f,t,0.1,t,3.2,t,149,t,0.97,t,154,f,,STMW,C|I,840924039,otro
72,F,t,f,f,f,f,f,f,f,f,f,f,f,f,f,t,3.1,t,1.7,t,98,t,0.96,t,102,f,,other,-,840924044,otro
72,F,f,f,f,f,f,f,f,f,f,f,f,f,f,f,t,0.6,t,2,t,84,t,0.76,t,111,f,,other,-,840924047,otro
73,F,f,f,f,f,f,f,f,t,f,f,f,f,f,f,t,2.1,f,,t,110,t,1.11,t,99,f,,other,-,840925002,otro
72,M,f,f,f,f,f,f,f,f,f,f,f,f,f,f,t,5.5,t,0.9,t,83,t,0.92,t,90,f,,SVI,K,840925003,otro
70,M,f,f,f,f,f,f,f,f,f,f,f,f,f,f,t,1.3,t,2.3,t,118,t,1.06,t,111,f,,other,-,840925004,otro
52,F,f,f,f,f,f,f,f,t,f,f,f,f,f,f,t,2.7,f,,t,125,t,1.3,t,96,f,,other,I,840925006,otro
27,M,f,f,f,f,f,f,f,f,f,f,f,f,f,f,t,0.15,t,1.9,t,103,t,0.74,t,139,f,,SVHC,-,840925007,otro
38,F,f,f,t,f,f,f,f,f,f,f,f,f,f,f,t,22,t,2.3,t,40,t,1.17,t,34,f,,other,O,840925016,otro
72,M,f,f,f,f,f,f,f,f,f,f,f,f,f,f,t,0.7,t,1,t,52,t,0.79,t,66,f,,other,K,840925023,otro
57,F,f,f,f,f,f,f,f,f,f,f,f,f,f,t,t,0.15,t,2,t,102,t,0.99,t,103,f,,SVHC,-,840925034,otro
55,F,f,f,f,t,f,f,f,f,f,f,f,f,f,f,t,1.9,t,1.2,t,79,t,0.87,t,91,f,,SVI,-,840925036,otro
68,M,f,f,f,f,f,f,f,f,f,f,f,f,f,f,t,2.2,t,1.5,t,118,t,1.07,t,110,f,,SVI,-,840925038,otro
25,F,f,f,f,f,f,f,f,f,f,f,t,f,f,f,t,1.1,t,2.1,t,86,t,0.96,t,90,f,,SVI,-,840925040,otro
25,F,f,f,f,f,f,f,f,f,f,f,f,f,f,f,t,3.2,t,1.9,t,99,t,1.02,t,97,f,,SVI,-,840925042,otro
66,M,f,f,f,f,f,f,f,t,f,f,f,f,f,f,t,0.7,t,1.5,t,69,t,0.67,t,103,f,,other,-,840925046,otro
34,M,f,f,f,f,f,f,f,f,f,f,f,f,f,f,f,,t,2.3,t,139,f,,f,,f,,other,-,840925054,otro
58,F,f,f,t,f,f,f,f,f,f,f,f,f,f,f,t,0.15,t,3,t,148,t,0.91,t,163,f,,other,A,840925056,hipertiroidismo
34,F,f,t,f,f,f,f,f,f,f,f,f,f,f,f,f,,f,,t,103,t,0.96,t,107,f,,other,-,840925057,otro
22,F,f,f,f,f,f,f,f,f,f,f,t,f,f,f,f,,f,,t,89,t,0.82,t,109,f,,other,-,840925061,otro
56,F,f,f,f,f,f,f,f,t,f,f,f,f,f,f,t,1.1,f,,t,89,t,0.87,t,102,f,,other,-,840926002,otro
34,F,f,f,f,f,f,f,f,f,f,f,f,f,f,f,t,1.2,t,1.9,t,88,t,0.84,t,105,f,,STMW,-,840926013,otro
26,F,f,f,f,f,f,f,f,f,t,f,f,f,f,f,t,1.4,t,2.1,t,195,t,0.88,t,222,f,,other,R,840926016,otro
56,F,f,f,f,f,f,f,f,f,f,f,f,f,f,f,f,,f,,t,126,t,1.09,t,116,f,,SVI,-,840926041,otro
67,F,f,f,f,f,f,f,f,f,f,f,f,f,f,f,t,5.5,t,1.5,t,78,t,1.02,t,76,f,,SVI,-,840926043,otro
67,M,f,f,f,f,f,f,f,f,f,f,f,f,f,f,t,0.15,t,2.1,t,155,t,0.91,t,170,f,,SVI,R,840926044,otro
31,F,f,f,f,f,f,f,f,f,f,f,f,f,f,f,t,0.5,t,1.7,t,96,t,0.8,t,120,f,,SVI,-,840926045,otro
31,F,f,f,f,f,f,f,f,f,f,f,f,f,f,f,t,2,t,1.9,t,70,f,,f,,f,,SVI,-,840926046,otro
56,F,f,f,f,t,f,f,f,f,f,f,f,f,f,f,t,0.7,t,0.8,t,85,t,1.12,t,76,f,,SVI,K,840926047,otro
62,M,f,f,f,t,f,f,f,f,f,f,f,f,f,f,t,1.8,t,1,t,55,t,0.86,t,64,f,,SVI,-,840926060,otro
55,F,f,f,f,f,f,f,f,f,f,f,f,f,f,f,f,,f,,f,,f,,f,,t,30,other,-,840926063,otro
55,F,f,f,f,f,f,f,f,f,f,f,f,f,f,f,t,2.1,t,2.4,t,104,t,0.7,t,149,f,,other,-,840927003,otro
55,M,f,f,f,f,f,f,f,f,f,f,f,f,f,t,t,0.6,t,2.4,t,92,t,0.76,t,121,f,,SVHC,-,840927004,otro
48,F,t,f,f,f,f,f,f,f,f,f,f,f,f,f,t,0.1,f,,t,119,t,0.82,t,145,f,,other,-,840927006,otro
59,M,t,f,f,f,f,f,f,f,f,f,f,f,f,f,t,1.3,t,3,t,120,t,1.14,t,105,f,,other,-,840927013,otro
30,F,t,f,f,f,t,f,f,f,f,f,f,f,f,f,t,45,t,2.8,t,123,t,1.73,t,71,f,,STMW,M,840927018,otro
58,F,t,f,f,f,f,f,f,f,f,f,f,f,f,f,t,0.1,t,3,t,184,t,1,t,184,f,,other,N,840927020,otro
65,F,t,f,f,f,f,f,f,f,f,f,f,f,f,f,t,0.1,t,2.4,t,132,t,1.15,t,115,f,,other,-,840927021,otro
71,F,t,f,f,f,f,f,f,f,f,f,f,f,f,f,t,0.1,t,2.2,t,142,t,1.05,t,135,f,,other,-,840927023,otro
62,M,t,t,f,f,f,f,f,f,f,f,f,f,f,f,f,,f,,t,108,t,0.84,t,129,f,,other,-,840927026,otro
58,M,f,f,f,f,f,f,f,f,f,f,f,f,f,f,t,0.1,t,2.2,t,113,t,0.83,t,136,f,,other,-,840927032,otro
51,F,f,f,f,t,f,f,f,f,f,f,f,f,f,f,t,1.5,t,2.1,t,75,t,0.89,t,84,f,,other,-,840927033,otro
51,F,f,f,f,f,f,f,f,f,f,f,f,f,f,f,t,2.2,t,1.8,t,68,f,,f,,f,,other,-,840927034,otro
77,M,f,f,f,f,f,f,f,f,f,f,f,f,f,f,t,0.15,f,,t,101,t,0.88,t,115,f,,other,-,840927035,otro
49,F,t,f,f,f,f,f,f,f,f,f,f,f,f,f,t,0.5,t,2.5,t,124,t,1.09,t,114,f,,other,-,840927036,otro
25,F,f,f,f,f,f,f,f,f,f,f,f,f,f,f,f,,f,,t,101,t,1.11,t,93,f,,other,-,840927037,otro
64,F,t,f,f,f,f,f,f,f,f,f,f,f,f,f,t,0.1,t,2.4,t,119,t,0.91,t,131,f,,other,-,840927044,otro
79,F,t,f,f,f,f,f,f,f,f,f,f,f,f,f,t,3,f,,t,92,t,0.95,t,97,f,,other,-,840927052,otro
41,M,t,f,f,f,f,f,f,f,f,f,f,f,f,f,f,,f,,t,35,t,0.95,t,37,t,19,other,-,840927054,otro
61,F,f,f,f,f,f,f,f,f,f,f,f,f,f,f,t,0.6,t,1.7,t,113,t,0.86,t,131,f,,SVI,-,840927057,otro
79,F,f,f,f,f,f,f,f,f,f,f,f,f,f,f,t,1.5,t,1.9,t,119,t,0.98,t,121,f,,SVI,-,840927058,otro
34,M,f,f,f,f,f,f,f,f,f,f,f,f,f,f,t,0.1,t,2.7,t,104,t,0.94,t,111,f,,SVI,-,840927065,otro
22,F,f,f,f,f,f,f,f,f,f,f,f,f,f,f,t,0.1,t,2.6,t,167,t,1.32,t,127,f,,SVI,I,840927066,otro
69,M,f,f,f,f,f,f,f,f,f,f,f,f,f,f,t,0.5,t,2.2,t,105,t,0.98,t,107,f,,SVI,-,840927067,otro
69,F,f,f,f,f,f,f,f,f,f,f,f,f,f,f,t,1,t,1.1,t,102,t,0.9,t,113,f,,SVI,K,840927068,otro
42,F,f,f,f,t,f,f,f,f,f,f,f,f,f,f,t,1.1,t,0.7,t,61,t,0.74,t,82,f,,SVI,K,840927069,otro
71,F,f,f,f,f,f,f,f,f,f,f,f,f,f,f,t,0.05,t,1.5,t,95,t,0.86,t,110,f,,SVHC,-,840927071,otro
77,M,f,f,f,f,f,f,f,f,f,f,f,f,f,f,t,0.7,t,1.8,t,108,t,1.13,t,96,f,,SVI,-,840927073,otro
73,F,f,f,f,t,f,f,f,f,f,f,f,f,f,f,t,4.5,t,0.7,t,98,t,0.55,t,178,f,,SVI,KJ,840927074,otro
55,F,f,f,f,f,f,f,f,f,f,f,f,f,f,f,t,0.7,t,2.1,t,142,t,1.03,t,138,f,,SVI,-,840927075,otro
58,F,f,f,f,f,f,f,t,f,f,f,f,f,f,f,t,0.1,t,2.3,t,155,t,1.08,t,144,f,,other,-,840927077,otro
18,F,f,f,f,f,f,f,f,f,f,f,f,f,f,f,f,,f,,t,113,t,1.02,t,105,f,,other,-,840927080,otro
57,M,f,f,f,f,f,f,f,f,f,f,f,f,f,f,f,,f,,f,,f,,f,,t,20,other,-,840927081,otro
72,F,t,f,f,f,f,f,f,f,f,f,f,f,f,f,t,0.1,t,1.6,t,123,t,0.92,t,134,f,,other,-,840927084,otro
38,,f,f,f,f,f,f,f,f,f,f,f,f,f,f,t,0.6,t,2.2,t,82,t,0.7,t,117,f,,other,-,840927093,otro
41,M,f,f,f,f,f,f,t,f,f,f,f,f,f,f,t,0.1,f,,t,100,t,0.75,t,133,f,,other,-,840927098,otro
53,F,f,f,f,f,f,f,f,f,t,f,f,f,f,f,f,,f,,f,,f,,f,,t,33,other,S,840927100,otro
20,F,f,f,f,f,f,f,f,f,f,f,f,f,f,f,t,1.3,t,2.6,t,119,t,1.08,t,110,f,,SVHD,-,840928004,otro
20,F,f,f,f,f,f,f,f,f,f,f,f,f,f,f,t,0.4,t,2.5,t,110,f,,f,,f,,other,-,840928008,otro
76,F,f,f,f,f,f,f,f,f,f,f,f,f,f,f,t,0.4,t,1.1,t,103,t,0.96,t,106,f,,SVI,K,840928013,otro
69,F,f,f,f,f,f,f,f,f,f,f,f,f,f,f,t,24,t,1.1,t,85,t,0.73,t,116,f,,SVI,GK,840928028,hipotiroidismo
33,M,f,f,f,f,f,f,f,f,f,f,f,f,f,f,t,0.5,t,1.4,t,97,t,1.04,t,93,f,,SVI,-,840928029,otro
59,F,f,f,f,f,f,f,f,f,f,f,f,f,f,f,t,1,t,1.7,t,52,t,0.7,t,74,f,,SVI,-,840928030,otro
51,F,f,f,f,f,f,f,f,f,f,f,f,f,f,f,t,0.3,t,1.5,t,79,t,0.9,t,88,f,,SVI,-,840928031,otro
75,F,f,f,f,f,f,f,f,f,f,f,f,f,f,f,t,2.1,t,1.9,t,70,t,0.94,t,96,f,,SVI,-,840928032,otro
75,F,f,f,f,f,f,f,f,f,f,f,f,f,f,f,t,1.9,t,2.8,t,95,t,1.01,t,94,f,,other,-,841002001,otro
34,M,f,f,f,f,f,f,f,f,t,f,f,f,f,f,t,0.05,t,7.6,t,261,t,1.01,t,258,f,,other,A,841002002,hipertiroidismo
57,F,f,f,f,f,f,f,f,f,t,f,f,f,f,f,t,6.7,t,1.8,t,91,t,0.94,t,97,f,,other,G,841002005,hipotiroidismo
79,F,f,f,f,f,f,f,f,f,f,f,f,f,f,f,t,1.3,t,2,t,114,t,0.78,t,146,f,,SVHC,-,841002006,otro
79,M,f,f,f,f,f,f,f,f,f,f,f,f,f,f,t,0.05,t,2.1,t,124,t,0.62,t,200,f,,other,R,841002007,otro
64,F,f,f,f,f,f,f,f,f,f,f,f,f,f,f,t,2.6,t,1.3,t,118,t,0.74,t,159,f,,other,R,841002008,otro
53,M,f,f,f,f,f,f,f,f,f,f,f,f,f,f,t,1.3,t,1.8,t,128,t,0.87,t,147,f,,SVI,-,841002010,otro
69,M,f,f,f,t,f,f,f,f,f,f,f,f,f,f,t,0.4,t,1.9,t,106,t,0.92,t,115,f,,SVI,-,841002011,otro
73,M,f,f,f,f,f,f,f,f,f,f,f,f,f,f,t,0.2,t,1.8,t,176,t,1.29,t,136,f,,SVI,I,841002012,otro
27,F,t,f,f,f,f,f,f,f,f,f,f,f,f,f,t,5.5,t,2.6,t,145,t,1.16,t,125,f,,other,-,841002018,otro
27,F,f,f,f,f,f,f,f,f,t,f,f,f,f,f,t,1.7,t,2.4,t,104,t,1.12,t,93,f,,other,-,841002024,otro
32,F,f,f,f,f,f,f,f,f,f,f,f,t,f,f,t,2.2,t,2.1,t,76,t,0.86,t,88,f,,other,-,841002028,otro
35,F,f,f,f,f,f,f,f,f,f,f,f,f,f,f,t,35,t,0.3,t,4,f,,f,,f,,other,F,841002030,hipotiroidismo
38,F,f,f,f,f,f,f,f,f,f,f,f,f,f,f,t,0.3,t,2,t,125,t,0.92,t,136,f,,other,-,841002034,otro
34,M,t,t,f,f,f,f,f,f,f,f,t,f,f,f,f,,t,2.7,t,93,t,1.1,t,85,f,,other,-,841002036,otro
45,F,f,f,f,f,f,f,f,f,t,f,f,f,f,t,f,,f,,f,,f,,f,,t,30,other,-,841002037,otro
41,F,f,f,f,f,f,f,f,f,t,f,f,f,f,f,t,1.8,t,2.3,t,84,t,0.95,t,88,f,,other,-,841002042,otro
41,F,f,f,f,f,f,f,f,f,f,f,f,f,f,f,f,,f,,t,44,t,0.9,t,49,f,,other,-,841002043,otro
41,F,f,f,f,f,f,f,f,f,f,f,f,f,f,f,t,0.8,t,1.6,t,75,t,0.66,t,114,f,,SVI,-,841002048,otro
67,M,f,f,f,f,f,f,f,f,f,f,f,f,f,f,t,0.9,t,1.9,t,95,t,0.95,t,100,f,,SVI,-,841002049,otro
67,F,f,f,f,f,f,f,f,f,f,f,f,f,f,f,t,1.3,t,1.8,t,85,t,0.57,t,149,f,,SVI,-,841002052,otro
32,F,f,f,f,f,f,f,f,f,t,f,f,f,f,f,f,,t,2.3,t,111,t,0.98,t,113,f,,other,-,841002053,otro
21,M,t,t,f,f,f,f,f,f,f,f,f,f,f,f,f,,f,,t,107,t,0.82,t,130,f,,other,-,841002054,otro
76,F,f,f,f,f,f,f,f,f,f,f,f,f,f,f,t,4.5,t,1.6,t,105,t,0.96,t,109,f,,other,-,841003003,otro
2,,f,f,f,f,f,f,f,f,f,f,f,f,f,f,t,1.5,f,,f,,f,,f,,f,,STMW,-,841003010,otro
62,M,f,f,f,f,f,f,f,f,f,f,f,f,f,f,t,65,t,0.7,t,22,t,1.03,t,21,f,,other,F,841003018,hipotiroidismo
45,M,f,f,f,f,f,f,f,f,f,f,f,f,f,f,t,1.8,t,2,t,96,t,0.99,t,97,f,,other,-,841003030,otro
33,F,t,f,f,f,f,f,f,t,f,f,f,f,f,f,t,1,t,1.8,t,83,t,0.77,t,108,f,,other,-,841003031,otro
72,M,f,f,f,f,f,f,f,f,f,f,f,f,f,f,t,1.6,t,2.1,t,81,t,0.79,t,103,f,,SVI,-,841003032,otro
72,F,f,f,f,f,f,f,f,f,f,f,f,f,f,f,t,0.5,t,1.8,t,126,t,1.1,t,115,f,,other,-,841003033,otro
45,F,f,f,f,f,f,f,f,f,f,f,f,f,f,f,t,1.4,t,1.6,t,99,t,0.98,t,101,f,,other,-,841003035,otro
45,F,f,f,f,f,f,f,f,f,f,f,f,f,f,f,t,1.9,t,2,t,82,f,,f,,f,,other,-,841003036,otro
54,M,f,f,f,f,f,f,f,f,f,f,f,f,f,f,t,1.4,t,1.9,t,78,t,0.95,t,82,f,,other,-,841003037,otro
54,M,f,f,f,f,f,f,f,f,f,f,f,f,f,f,t,0.9,t,2.1,t,119,t,1.13,t,105,f,,other,-,841003038,otro
26,F,t,f,f,f,f,f,f,f,f,f,f,f,f,f,t,1.8,t,2.2,t,116,t,0.99,t,117,f,,other,-,841003047,otro
26,,f,f,f,f,f,f,f,f,f,f,f,f,f,f,t,6,t,2.9,t,260,f,,f,,f,,other,I,841003048,otro
26,,f,f,f,f,f,f,f,f,f,f,f,f,f,f,t,1.9,t,1.6,t,113,f,,f,,f,,other,-,841003049,otro
55,F,f,f,f,f,f,f,f,f,f,f,f,t,f,f,f,,f,,t,91,t,0.96,t,95,f,,other,-,841003057,otro
24,M,f,f,f,f,f,f,f,f,f,f,f,f,f,f,t,0.9,t,1.7,t,86,t,0.93,t,92,f,,SVHC,-,841004002,otro
24,M,f,f,f,f,f,f,f,f,f,f,f,f,f,f,t,2.1,t,1.9,t,77,t,0.99,t,78,f,,other,-,841004003,otro
53,F,f,f,f,f,f,f,f,f,f,f,f,f,f,f,t,2,t,2.3,t,79,t,0.96,t,82,f,,SVHC,-,841004004,otro
37,F,f,f,f,f,f,f,f,f,f,f,f,f,f,f,t,3,t,2.3,t,84,t,0.84,t,100,f,,SVHC,-,841004005,otro
37,F,f,f,f,f,f,f,f,t,f,f,f,f,f,f,t,6.5,t,1.1,t,152,t,0.97,t,157,f,,SVHC,R,841004007,otro
39,F,t,f,f,f,f,f,f,f,f,f,f,f,f,f,t,2.5,t,2.6,t,159,t,1.19,t,134,f,,other,-,841004012,otro
59,F,f,f,f,f,f,f,f,f,f,f,t,f,f,f,f,,t,2.1,t,79,t,0.63,t,125,f,,other,-,841004013,otro
18,,f,f,f,f,f,f,f,t,t,f,f,f,f,f,f,,t,2.4,t,92,t,1.18,t,78,f,,other,-,841004014,otro
27,F,f,f,f,f,f,f,f,f,f,f,f,f,f,f,t,30,t,3.3,t,80,t,1.71,t,41,f,,other,-,841004015,otro
68,M,f,f,f,f,f,f,t,f,f,f,f,f,f,f,t,0.15,t,2.8,t,86,t,1.05,t,82,f,,other,-,841004016,otro
57,F,f,f,f,f,f,f,f,f,f,f,f,f,f,f,t,0.8,t,2.4,t,120,t,1.07,t,112,f,,other,-,841004021,otro
48,F,f,f,f,f,f,f,f,f,f,f,f,f,f,f,f,,f,,t,115,t,0.78,t,147,f,,other,-,841004032,otro
59,F,f,f,f,f,f,f,f,f,f,f,f,f,f,f,t,1,f,,t,96,t,1.02,t,94,f,,other,-,841004035,otro
31,F,f,f,f,f,f,f,f,f,f,f,f,f,f,f,f,,f,,t,54,t,1.06,t,51,t,29,other,-,841004036,otro
45,F,f,f,f,f,f,f,f,f,f,f,f,f,f,f,f,,f,,f,,f,,f,,t,24,other,-,841004039,otro
33,F,f,f,t,f,f,t,f,f,t,f,f,f,f,f,f,,f,,t,139,t,1.07,t,130,f,,other,-,841004040,otro
38,F,f,f,f,f,f,f,f,f,t,f,f,f,f,f,t,0.9,t,2.4,t,101,t,0.96,t,105,f,,other,-,841004047,otro
80,F,f,f,f,f,f,f,f,f,t,f,f,f,f,f,t,0.5,t,2.5,t,101,t,1.01,t,100,f,,other,-,841004059,otro
58,F,f,f,f,f,f,f,f,f,f,f,f,f,f,f,t,2.5,t,2.6,t,120,t,1.15,t,104,f,,SVI,-,841004060,otro
28,F,f,f,f,f,f,f,f,f,f,f,f,f,f,f,t,1.5,f,,t,151,t,1.45,t,104,f,,other,-,841004061,otro
62,F,f,f,t,f,f,f,f,f,f,f,f,f,f,f,t,0.1,t,2.9,t,132,t,0.95,t,139,f,,other,-,841004062,otro
62,,f,f,f,f,f,f,f,f,f,f,f,f,f,f,f,,f,,t,260,t,0.31,t,839,f,,other,A,841004063,hipertiroidismo
62,,f,f,f,f,f,f,f,f,f,f,f,f,f,f,f,,f,,t,113,t,0.34,t,332,f,,other,A,841004064,hipertiroidismo
43,F,f,f,f,f,f,f,f,f,t,f,f,f,f,f,t,2.7,t,1.7,t,103,t,1.1,t,94,f,,other,-,841004076,otro
43,M,t,f,f,f,f,f,f,t,f,f,f,f,f,f,t,100,f,,t,93,t,0.87,t,107,f,,other,M,841004077,otro
28,F,f,f,f,f,t,f,f,f,f,f,t,f,f,f,t,0.9,t,2.3,t,124,t,1.26,t,98,f,,other,-,841004082,otro
28,F,f,f,f,f,f,f,f,f,f,f,f,f,f,f,t,0.1,t,1.7,t,116,t,0.77,t,151,f,,other,-,841005003,otro
43,M,f,f,f,f,f,f,f,f,f,f,f,f,f,f,t,1.9,t,2.3,t,73,t,1.03,t,71,f,,other,-,841005004,otro
57,M,f,f,f,f,f,t,f,f,f,f,f,f,f,f,t,4.4,t,1.7,t,89,t,1.05,t,85,f,,SVI,-,841005009,otro
57,F,f,f,f,f,f,f,f,f,f,f,f,f,f,f,t,2.3,t,2,t,104,f,,f,,f,,other,-,841005010,otro
42,M,f,f,f,f,f,f,f,f,f,f,f,f,f,t,t,0.8,t,2.4,t,106,t,1.05,t,101,f,,SVHC,-,841005011,otro
42,,f,f,f,f,f,f,f,f,f,f,f,f,f,f,t,2.9,t,2,t,118,t,1.04,t,113,f,,SVI,-,841005012,otro
53,F,f,f,f,f,f,f,f,f,f,f,f,f,f,f,t,1.8,f,,t,86,t,0.49,t,176,f,,other,-,841005014,otro
80,F,f,f,f,f,f,f,f,f,f,f,f,f,f,f,t,0.7,t,1.7,t,119,t,0.87,t,137,f,,SVI,-,841005046,otro
80,F,f,f,f,f,f,f,f,f,f,f,f,f,f,f,t,0.7,t,2,t,76,f,,f,,f,,other,-,841005047,otro
53,F,f,f,f,f,f,f,f,f,f,f,f,f,f,f,t,0.1,t,1.1,t,287,t,0.94,t,305,f,,SVI,R,841005049,otro
24,F,f,f,f,f,f,f,f,f,f,f,t,f,f,f,t,0.7,t,2.1,t,145,t,1.31,t,111,f,,other,-,841005055,otro
69,F,f,f,f,f,f,f,t,f,f,f,f,f,f,f,t,0.5,f,,t,107,t,1.05,t,102,f,,other,-,841005056,otro
55,F,f,f,f,f,f,f,f,f,f,f,f,f,f,f,t,1.4,t,2,t,83,t,1.01,t,82,f,,other,-,841008001,otro
47,F,f,f,f,f,f,f,f,f,f,f,f,f,f,f,t,1.4,t,1.8,t,110,t,0.93,t,118,f,,other,-,841008002,otro
64,M,f,f,f,f,f,f,f,f,f,f,f,f,f,f,t,1.6,t,1.6,t,67,t,0.9,t,74,f,,SVHC,-,841008004,otro
67,M,f,f,f,f,f,f,f,f,f,f,f,f,f,f,t,1.5,t,2.1,t,99,t,0.99,t,100,f,,SVI,-,841008005,otro
62,M,t,f,f,f,f,f,f,f,f,f,f,f,f,f,t,100,t,0.9,t,55,t,0.74,t,74,f,,other,MK,841008009,otro
28,F,f,f,f,f,t,f,f,f,f,f,f,t,f,f,t,0.1,t,2.1,t,101,t,1.34,t,75,f,,STMW,-,841008011,otro
64,F,f,f,t,f,f,f,f,f,f,f,f,f,f,f,t,2.6,t,2,t,103,t,1.01,t,102,f,,other,-,841008018,otro
65,F,f,f,f,f,f,f,f,t,f,f,f,f,f,f,t,0.4,f,,t,135,t,1.28,t,105,f,,other,I,841008020,otro
72,F,f,f,f,f,f,f,f,f,t,f,f,f,f,f,t,0.1,t,4.3,t,230,t,0.77,t,299,f,,other,A,841008034,hipertiroidismo
39,F,f,f,f,f,f,f,f,f,f,f,f,f,f,f,t,0.7,t,2.1,t,120,t,1.08,t,111,f,,other,-,841008037,otro
46,F,t,f,f,f,f,f,f,f,f,f,f,f,f,f,t,0.1,t,1.9,t,133,t,0.5,t,266,f,,other,-,841008045,otro
21,F,f,f,f,f,f,f,f,f,f,f,f,f,f,f,t,0.9,t,1.4,t,97,t,0.85,t,114,f,,other,-,841008047,otro
69,F,f,f,f,f,f,f,f,f,f,f,f,f,f,f,t,1.3,t,2.1,t,93,t,1.03,t,90,f,,SVI,-,841009002,otro
68,M,f,f,f,f,f,f,f,f,f,f,f,f,f,f,t,0.6,t,1.3,t,86,t,0.93,t,92,f,,SVI,-,841009005,otro
76,F,f,f,f,f,f,f,f,f,f,f,f,f,f,t,t,0.4,t,1.6,t,176,t,1.33,t,132,f,,SVHC,I,841009009,otro
36,M,f,f,f,f,f,f,f,f,f,f,f,f,f,t,t,0.6,t,1.2,t,91,t,0.75,t,121,f,,SVHC,-,841009011,otro
69,F,f,f,f,f,f,f,f,t,f,f,f,f,f,f,t,0.1,t,1.6,t,125,t,0.97,t,129,f,,SVI,-,841009012,otro
72,F,f,f,f,f,f,f,f,f,f,f,f,f,f,f,t,1.6,t,1.4,t,136,t,0.93,t,146,f,,other,-,841009016,otro
17,F,f,f,f,f,f,f,f,f,f,f,f,f,f,f,t,1.1,t,2.1,t,121,t,1.17,t,103,f,,STMW,-,841009021,otro
60,F,t,f,f,f,f,f,f,f,f,f,f,f,f,f,t,0.7,f,,t,128,t,0.9,t,109,f,,other,-,841009022,otro
71,F,f,f,f,f,f,f,f,f,f,f,f,f,f,f,t,0.8,t,1.7,t,122,t,0.99,t,123,f,,other,-,841009029,otro
27,F,f,f,t,f,f,f,f,f,f,f,f,f,f,f,t,56,t,2,t,36,t,1.11,t,32,f,,other,O,841009031,otro
67,F,f,f,f,f,f,f,f,f,t,f,f,t,f,f,f,,f,,t,55,t,1.04,t,53,t,23,other,-,841009042,otro
60,F,f,f,f,f,f,f,f,f,f,f,f,f,f,f,f,,f,,t,172,t,1.12,t,154,t,23,other,-,841009045,otro
56,F,t,f,f,f,f,f,f,f,t,f,f,f,f,f,f,,f,,t,296,t,0.8,t,370,t,9.299999,other,N,841009046,otro
73,M,t,f,f,f,f,f,f,t,f,f,f,f,f,f,t,0.1,t,1,t,104,t,0.76,t,137,f,,other,K,841009050,otro
73,F,f,f,f,f,f,f,f,f,f,f,f,f,f,f,t,2,t,1.5,t,80,t,0.83,t,96,f,,SVI,-,841009062,otro
28,F,f,f,f,f,f,f,f,f,f,f,f,f,f,f,t,0.1,t,0.9,t,103,t,0.84,t,123,f,,SVI,K,841009063,otro
88,F,f,f,f,f,f,f,f,f,f,f,f,f,f,f,t,5.5,t,1.4,t,96,t,0.86,t,112,f,,SVI,-,841009064,otro
65,M,f,f,f,f,f,f,f,f,f,f,f,f,f,f,t,1.2,t,1.2,t,123,t,0.92,t,134,f,,SVI,-,841009065,otro
74,F,f,f,f,f,f,f,f,f,f,f,f,f,f,f,t,5,t,0.9,t,95,t,0.78,t,122,f,,SVI,K,841009067,otro
55,F,f,f,f,f,f,f,f,f,f,f,f,f,f,f,t,1.5,t,0.6,t,55,t,0.55,t,100,f,,other,J,841009070,otro
55,,f,f,f,f,f,f,f,f,f,f,f,f,f,f,t,24,t,0.6,t,21,t,0.97,t,22,f,,other,F,841009071,hipotiroidismo
55,,f,f,f,f,f,f,f,f,f,f,f,f,f,f,t,11.4,t,2.1,t,96,t,0.88,t,109,f,,other,G,841009072,hipotiroidismo
41,F,t,f,f,f,f,f,f,f,f,f,f,f,f,f,t,100,f,,t,89,t,1.02,t,87,f,,other,M,841009079,otro
64,F,f,f,f,f,f,f,f,t,f,f,f,f,f,f,t,0.9,f,,t,115,t,0.97,t,119,f,,other,-,841009080,otro
71,F,f,f,f,f,f,f,f,t,f,f,f,f,f,f,t,3.1,t,1.6,t,87,t,0.98,t,89,f,,other,-,841009096,otro
64,F,f,f,f,f,f,f,f,f,f,f,f,f,f,f,t,5.2,t,1,t,133,t,0.79,t,168,f,,SVHC,-,841009099,otro
64,M,f,f,f,f,f,f,f,t,f,f,f,f,f,f,t,1.2,f,,t,100,t,1.09,t,92,f,,other,-,841009100,otro
32,F,f,f,f,f,f,f,f,f,f,f,f,f,f,f,t,0.3,t,3.6,t,154,t,1.75,t,88,f,,STMW,I,841010001,otro
84,F,f,f,f,f,f,f,f,f,f,f,f,f,f,f,t,3.3,t,1.5,t,106,t,1.05,t,101,f,,other,-,841010005,otro
39,M,f,t,f,f,f,f,f,f,f,f,f,f,f,f,f,,f,,t,63,t,0.89,t,71,f,,other,-,841010007,otro
24,F,f,f,f,f,f,f,f,t,t,f,f,f,f,f,f,,f,,t,119,t,1.17,t,102,f,,other,-,841010015,otro
24,F,f,f,f,f,f,f,f,f,f,f,f,f,f,f,t,0.9,t,0.5,t,98,t,0.81,t,121,f,,SVI,K,841010017,otro
56,M,f,f,f,f,f,f,f,f,f,f,f,f,f,f,t,0.6,t,1.8,t,81,t,0.92,t,88,f,,SVI,-,841010020,otro
52,F,f,f,f,f,f,f,f,f,f,f,f,f,f,f,t,1.5,t,0.7,t,90,t,1.07,t,84,f,,SVI,K,841010021,otro
55,F,f,t,f,f,f,f,f,f,f,f,f,f,f,f,f,,f,,t,147,t,1.07,t,137,f,,other,-,841010025,otro
48,M,f,f,f,f,f,f,f,f,f,f,f,f,f,f,t,0.7,t,1.4,t,91,f,,f,,f,,other,-,841010028,otro
48,F,f,f,f,f,f,f,f,f,f,f,f,f,f,f,t,0.4,t,1.5,t,63,t,1.05,t,60,f,,other,-,841010029,otro
76,M,f,f,f,f,f,f,f,f,f,f,f,f,f,f,t,2.1,t,0.4,t,88,t,0.86,t,102,f,,SVI,K,841010030,otro
60,M,f,f,f,f,f,f,f,f,f,f,f,f,f,f,t,1.4,t,1.4,t,90,t,0.7,t,126,f,,SVI,-,841010031,otro
81,M,f,f,f,f,f,f,f,f,f,f,f,f,f,f,t,0.1,t,1.2,t,107,t,1.1,t,97,f,,SVI,-,841010032,otro
33,M,f,f,f,f,f,f,f,f,f,f,f,f,f,t,t,0.1,t,1.8,t,93,t,0.97,t,96,f,,SVHC,-,841010033,otro
77,M,f,f,f,f,f,f,f,f,f,f,f,f,f,f,t,3.3,t,0.9,t,108,t,0.91,t,119,f,,other,K,841010034,otro
43,M,f,f,f,f,f,f,t,f,f,f,f,f,f,f,t,0.1,t,1.6,t,114,t,0.61,t,187,f,,other,R,841011002,otro
32,F,f,f,f,f,f,f,f,f,f,f,f,f,f,f,t,0.1,t,2.1,t,183,t,0.93,t,197,f,,SVI,AK,841011004,hipertiroidismo
43,M,f,f,f,f,f,f,f,f,f,f,f,f,f,f,t,1.3,t,1.6,t,89,t,0.93,t,96,f,,SVHC,-,841011005,otro
66,M,f,f,f,f,f,f,f,f,f,f,f,f,f,f,t,11,t,1.4,t,68,t,0.97,t,70,f,,other,G,841011007,hipotiroidismo
46,M,f,f,f,f,f,f,f,f,f,f,f,f,f,f,t,0.9,t,1.6,t,62,t,0.97,t,64,f,,SVHC,-,841011008,otro
58,M,f,f,f,f,f,f,f,f,f,f,f,f,f,f,t,1.1,t,1.8,t,106,t,1.01,t,105,f,,SVHC,-,841011009,otro
61,F,f,f,f,f,f,f,f,t,f,f,f,f,f,f,t,2.4,t,1,t,132,t,1.05,t,126,f,,other,-,841011010,otro
23,F,f,f,f,f,f,f,f,f,f,f,f,f,f,f,t,0.8,t,1.7,t,107,f,,f,,f,,STMW,-,841011015,otro
27,F,t,f,f,f,f,f,f,t,t,f,f,f,f,f,t,5.6,t,2,t,134,t,1.41,t,95,f,,other,-,841011018,otro
60,F,t,f,f,f,f,f,t,t,f,f,f,f,f,f,t,0.9,t,1.4,t,138,t,0.92,t,150,f,,other,-,841011019,otro
41,F,f,f,f,f,f,f,f,t,f,f,f,f,f,f,t,0.4,f,,f,,f,,f,,f,,other,-,841011021,otro
58,F,t,t,f,f,f,f,f,f,f,f,f,f,f,f,t,0.1,t,2.2,t,157,t,0.92,t,171,f,,other,N,841011026,otro
44,F,f,t,f,f,f,f,f,f,f,f,f,f,f,f,t,0.3,t,1.5,t,94,t,1.07,t,88,f,,other,-,841011027,otro
61,F,t,t,f,f,f,f,f,f,f,f,f,f,f,f,t,0.1,t,1.9,t,198,t,0.9,t,220,f,,other,N,841011028,otro
32,F,f,f,f,f,f,f,f,t,t,f,f,f,f,f,t,0.9,t,1.2,t,80,t,0.87,t,92,f,,other,-,841011031,otro
23,M,f,f,f,f,f,f,f,f,f,f,f,t,f,f,t,0.6,t,2.1,t,105,t,1.05,t,100,f,,other,-,841011042,otro
23,F,f,f,f,t,f,f,f,f,f,f,f,f,f,f,t,0.5,t,1,t,83,t,0.77,t,108,f,,SVI,K,841011062,otro
27,F,f,f,f,f,f,f,f,f,f,f,f,f,f,f,t,3.3,t,1.2,t,87,t,1.28,t,68,f,,SVI,-,841011063,otro
47,M,f,f,f,f,f,f,f,f,f,f,f,f,f,f,t,1.3,t,2,t,120,t,0.95,t,126,f,,SVI,-,841011064,otro
66,M,f,f,f,f,f,f,f,f,f,f,f,f,f,f,t,0.3,t,1.8,t,101,t,1.13,t,89,f,,SVI,-,841011065,otro
59,M,f,f,f,f,f,f,f,f,f,f,f,f,f,t,t,0.8,t,1.2,t,84,t,0.93,t,90,f,,SVHC,-,841011066,otro
63,F,f,f,f,f,f,f,f,f,f,f,f,f,f,f,t,2.5,t,1.6,t,70,t,0.87,t,80,f,,SVI,-,841011067,otro
66,F,f,f,f,f,f,f,f,t,f,f,f,f,f,f,t,3.7,t,0.3,t,88,t,0.83,t,106,f,,SVI,K,841011070,otro
71,F,f,f,f,f,f,f,f,f,f,f,f,f,f,f,t,0.6,t,1.1,t,101,t,1.02,t,99,f,,other,K,841011079,otro
71,M,t,t,f,f,f,f,f,f,f,f,f,f,f,f,t,0.2,t,0.9,t,96,t,0.81,t,119,f,,other,-,841011095,otro
39,F,f,f,f,f,f,f,f,f,f,f,f,f,f,f,t,0.2,t,1,t,127,t,1,t,127,f,,other,-,841012001,otro
28,F,t,f,f,f,f,f,f,f,f,f,f,f,f,f,f,,f,,t,166,t,0.98,t,169,f,,other,L,841012003,otro
30,F,t,t,f,f,f,f,f,f,f,f,f,f,t,f,t,0.2,t,1.2,t,128,t,0.82,t,156,f,,other,L,841012004,otro
62,M,f,f,f,f,f,f,f,f,f,f,f,f,f,f,f,,f,,t,145,t,1.36,t,107,f,,other,I,841012013,otro
38,M,f,f,f,f,f,f,f,f,f,f,f,f,f,f,t,0.25,t,1.8,t,113,t,0.99,t,114,f,,other,-,841012014,otro
59,F,f,f,f,f,f,t,f,t,f,f,f,f,f,f,t,0.2,t,1.2,t,119,t,1.1,t,108,f,,other,-,841012026,otro
66,M,f,f,f,f,f,f,f,t,f,f,f,f,f,f,t,8.299999,t,1.1,t,82,t,0.98,t,84,f,,SVI,GK,841012041,hipotiroidismo
43,M,f,f,f,f,f,f,f,f,f,f,f,f,f,f,t,0.2,t,0.7,t,104,t,0.92,t,113,f,,SVI,K,841012042,otro
57,F,f,f,f,f,f,f,f,f,f,f,f,f,f,f,t,1.8,t,1.6,t,90,t,1.04,t,87,f,,other,-,841012046,otro
57,F,f,f,f,t,f,f,f,f,f,f,f,f,f,f,t,0.2,t,2.1,t,174,t,0.75,t,232,f,,other,AK,841012061,hipertiroidismo
61,M,f,f,f,f,f,f,f,f,f,f,f,f,f,f,t,0.2,t,2.2,t,208,t,0.82,t,254,f,,SVI,AK,841012064,hipertiroidismo
66,F,f,f,f,f,f,f,f,f,f,f,f,f,f,f,t,0.7,t,1.1,t,115,t,0.84,t,137,f,,SVI,K,841012065,otro
47,F,t,f,f,f,f,f,f,f,f,f,f,f,f,f,t,0.2,f,,t,245,t,0.71,t,345,f,,other,N,841012069,otro
63,M,t,f,f,f,f,f,f,f,f,f,f,f,f,f,t,1.4,f,,t,76,t,0.78,t,97,f,,other,-,841012070,otro
63,M,f,f,f,f,f,f,f,f,f,f,f,f,f,f,t,0.7,t,1.2,t,101,t,0.88,t,115,f,,other,-,841015004,otro
44,F,f,f,f,f,f,f,f,f,f,f,f,f,f,f,t,3.3,t,1.2,t,87,f,,f,,f,,other,-,841015006,otro
62,F,f,f,f,f,f,f,f,f,f,f,f,f,f,f,t,0.2,t,1.5,t,112,t,1.14,t,98,f,,other,-,841015007,otro
62,F,f,f,f,f,f,f,f,f,t,f,f,f,f,f,t,0.2,t,1.4,t,107,t,0.88,t,122,f,,other,-,841015010,otro
24,M,f,f,f,f,f,f,f,f,f,f,f,f,f,f,t,400,t,0.2,t,4,t,1,t,4,f,,other,F,841015014,hipotiroidismo
65,M,t,f,f,f,f,f,f,f,f,f,f,f,f,f,t,0.2,f,,t,118,t,0.86,t,137,f,,other,-,841015025,otro
35,F,f,f,f,f,f,f,f,f,f,f,f,f,f,f,t,1,f,,t,90,t,0.99,t,91,f,,other,-,841015026,otro
35,F,f,f,f,f,f,f,f,f,f,f,f,f,f,f,t,0.2,t,2.1,t,151,t,1.02,t,148,f,,other,-,841015027,otro
35,F,t,f,f,f,f,f,f,f,f,f,f,t,f,f,t,0.2,f,,t,184,t,0.95,t,194,f,,other,N,841015029,otro
17,M,f,f,f,f,f,f,f,f,f,f,f,f,f,f,t,2.1,f,,t,119,t,1.23,t,97,f,,other,-,841015035,otro
74,F,f,f,f,f,f,f,f,f,f,f,f,f,f,f,t,0.4,t,2.2,t,128,t,1.29,t,99,f,,other,-,841015038,otro
30,F,f,f,f,f,f,f,f,f,f,f,t,f,f,f,t,1,t,1.2,t,85,t,0.93,t,91,f,,other,-,841015039,otro
30,F,f,f,f,f,f,f,f,f,f,f,f,f,f,f,t,0.4,t,1.9,t,142,t,1.02,t,139,f,,SVI,-,841015048,otro
81,F,f,f,f,f,f,f,f,f,f,f,f,f,f,f,t,1.2,t,0.8,t,109,t,0.9,t,121,f,,SVI,K,841015049,otro
55,M,f,f,f,f,f,f,f,f,f,f,f,f,f,f,t,1.6,t,0.9,t,79,t,0.9,t,88,f,,SVI,K,841015050,otro
62,M,f,f,f,f,f,f,f,f,f,f,f,f,f,f,t,0.4,t,0.8,t,110,t,1.06,t,104,f,,SVI,K,841015051,otro
71,M,f,f,f,f,f,f,f,f,f,f,f,f,f,f,t,1.2,t,0.4,t,108,t,0.95,t,114,f,,SVI,K,841015053,otro
22,M,f,f,t,f,f,f,f,f,t,f,f,f,f,f,t,1.5,t,1.3,t,85,t,1.02,t,82,f,,other,-,841015056,otro
22,M,f,f,f,f,f,f,f,f,f,f,f,f,f,f,t,4.4,t,0.9,t,81,t,0.78,t,104,f,,SVI,K,841016004,otro
70,M,f,f,f,f,f,f,f,f,f,f,f,f,f,f,t,0.8,t,0.3,t,90,t,0.9,t,100,f,,other,-,841016005,otro
33,F,t,f,f,f,f,f,f,f,f,f,f,f,f,f,t,0.4,f,,t,217,t,1.22,t,178,f,,other,N,841016010,otro
52,F,f,f,f,f,f,f,f,f,f,f,f,f,f,f,f,,f,,t,11,t,1.12,t,10,f,,other,-,841016019,otro
52,M,f,f,f,t,f,f,f,f,f,f,f,f,f,f,t,1.1,t,1.5,t,136,t,1.08,t,126,f,,SVI,-,841016027,otro
72,F,f,f,f,f,f,f,f,f,f,f,f,f,f,f,t,1.4,t,1.3,t,117,t,1.12,t,104,f,,SVI,-,841016029,otro
29,M,f,f,f,f,f,f,f,f,f,f,f,f,f,f,t,1.3,t,1.1,t,83,t,0.92,t,90,f,,SVI,K,841016030,otro
97,F,f,f,f,f,f,f,f,f,f,f,f,f,f,f,t,3.2,t,1.3,t,84,t,0.97,t,87,f,,SVI,-,841016031,otro
51,M,f,f,f,f,f,f,f,f,f,f,f,f,f,f,t,1.6,t,0.9,t,94,t,0.94,t,100,f,,SVI,K,841016032,otro
62,F,t,f,f,f,f,f,f,f,f,f,f,f,f,f,t,0.4,t,1.4,t,207,t,1.14,t,182,f,,SVI,N,841016033,otro
62,M,f,f,f,f,f,f,f,f,f,f,f,f,f,f,t,80,t,0.4,t,42,t,0.8,t,53,f,,SVI,F,841016035,hipotiroidismo
62,F,t,f,f,f,f,f,f,t,f,f,f,f,f,f,t,260,t,0.05,t,4,t,1.27,t,3,f,,SVI,F,841016036,hipotiroidismo
56,M,f,f,f,f,f,f,f,f,f,f,f,f,f,f,t,0.4,t,1.3,t,89,t,0.83,t,107,f,,SVI,-,841016037,otro
75,F,f,f,f,f,f,f,f,f,f,f,f,f,f,f,t,0.4,t,1.1,t,136,t,1.02,t,133,f,,SVI,K,841016038,otro
75,F,f,f,f,f,f,f,f,f,f,f,f,f,f,f,t,1.5,t,2.3,t,136,t,1.11,t,123,f,,other,-,841016039,otro
75,M,f,f,f,f,f,f,f,f,f,f,f,f,f,f,t,1,t,1.6,t,101,t,0.9,t,112,f,,other,-,841016040,otro
75,F,f,f,f,f,f,f,f,f,f,f,f,f,f,t,t,1,t,2,t,136,t,1.18,t,115,f,,SVHC,-,841016041,otro
54,F,f,f,f,f,f,f,f,f,f,f,f,f,f,f,t,0.4,f,,t,112,t,0.79,t,142,f,,SVI,-,841016042,otro
63,M,f,f,f,f,f,f,f,f,f,f,f,f,f,f,f,,f,,t,135,t,0.64,t,211,f,,other,A,841016046,hipertiroidismo
6,M,t,f,f,f,f,f,f,f,f,f,f,f,f,f,t,4.9,f,,t,139,t,0.99,t,140,f,,other,-,841016050,otro
46,F,f,f,f,f,f,f,f,f,f,f,f,f,f,f,f,,f,,t,138,t,0.98,t,141,f,,other,-,841016052,otro
80,F,t,f,f,f,f,t,f,f,f,f,f,f,f,f,t,0.4,t,0.8,t,137,t,0.81,t,169,f,,other,L,841016055,otro
64,F,f,f,f,t,f,f,f,f,f,f,f,t,f,f,t,0.4,t,1.3,t,149,t,1.27,t,117,f,,other,-,841017001,otro
71,M,f,f,f,f,f,f,f,f,f,f,f,f,f,f,t,0.4,t,1.1,t,137,t,1.11,t,123,f,,other,K,841017002,otro
71,M,f,f,f,f,f,f,f,f,f,f,f,f,f,f,t,2.7,t,1.7,t,113,t,1.06,t,107,f,,SVHC,-,841017011,otro
34,F,f,f,f,f,f,f,f,f,f,f,f,f,f,f,t,3,t,1.7,t,98,t,0.98,t,100,f,,SVHC,-,841017012,otro
30,F,f,f,f,f,f,f,f,f,f,f,f,f,f,f,t,0.4,f,,t,141,t,1.2,t,118,f,,SVHC,-,841017013,otro
65,F,f,f,f,f,f,f,f,f,f,f,f,f,f,f,t,0.4,t,1.2,t,103,t,0.98,t,105,f,,other,-,841017014,otro
29,F,f,f,f,f,f,f,f,f,f,f,f,f,f,f,f,,f,,f,,f,,f,,t,21,other,-,841017033,otro
45,F,f,f,f,f,f,f,f,f,f,f,f,f,f,f,t,0.4,t,1.6,t,107,t,1.12,t,96,f,,other,-,841017034,otro
20,F,f,f,f,f,f,f,f,f,f,f,t,f,f,f,t,2,t,2.1,t,116,t,1.19,t,97,f,,SVI,-,841017043,otro
20,F,t,f,f,f,f,f,f,f,f,f,f,f,f,f,t,0.05,f,,t,228,t,1.05,t,217,f,,SVI,N,841017044,otro
66,M,f,f,f,f,f,f,f,f,f,f,f,f,f,f,t,5.4,t,0.3,t,70,t,0.98,t,71,f,,SVI,K,841017045,otro
64,M,f,f,f,f,f,f,f,f,f,f,f,f,f,f,t,1,t,0.9,t,109,t,0.95,t,115,f,,SVI,K,841017047,otro
72,F,f,f,f,f,f,f,f,f,f,f,f,f,f,f,t,0.3,t,1.3,t,118,t,1.16,t,102,f,,SVI,-,841017048,otro
72,F,f,f,f,f,f,f,f,f,f,f,f,f,f,f,t,0.05,t,0.4,t,93,t,0.78,t,119,f,,other,-,841017049,otro
47,M,f,f,f,f,f,f,f,f,f,f,f,f,f,f,t,0.4,t,1,t,46,t,0.81,t,57,f,,SVI,K,841017051,otro
47,F,f,f,f,f,f,f,f,f,f,f,f,f,f,f,t,1.2,t,1.6,t,81,t,0.94,t,86,f,,SVI,-,841017052,otro
47,F,f,f,f,f,f,f,f,f,f,f,f,f,f,f,t,0.2,t,2,t,148,t,0.99,t,149,f,,SVI,-,841017053,otro
47,F,f,f,f,f,f,f,f,f,f,f,f,f,f,f,t,1.4,t,1.3,t,86,t,0.97,t,89,f,,SVI,-,841017054,otro
47,,f,f,f,f,f,f,f,f,f,f,f,f,f,f,t,8,t,1.6,t,58,t,0.36,t,161,f,,other,-,841017055,otro
47,,f,f,f,f,f,f,f,f,f,f,f,f,f,f,t,6.7,t,2.3,t,176,t,0.32,t,550,f,,other,R,841017056,otro
56,F,f,f,f,f,f,f,f,f,f,f,f,f,f,f,f,,t,1.5,t,117,t,1,t,117,f,,other,-,841017061,otro
56,F,f,f,f,f,f,f,f,f,f,f,f,f,f,f,t,1,t,1.7,t,132,t,1.09,t,121,f,,other,-,841018011,otro
20,F,f,f,f,f,f,f,f,t,f,f,f,f,f,f,t,0.4,f,,t,148,t,1.2,t,123,f,,other,-,841018012,otro
78,F,f,f,f,f,f,f,f,f,f,f,f,f,f,f,t,1.2,t,1.6,t,120,t,1.05,t,114,f,,other,-,841018013,otro
78,F,f,f,f,f,f,f,f,f,f,f,f,f,f,f,t,0.8,t,2.3,t,117,t,1.03,t,114,f,,other,-,841018016,otro
14,F,f,f,f,f,f,f,f,f,t,f,f,f,f,f,f,,f,,t,155,t,0.93,t,166,t,25,other,A,841018018,hipertiroidismo
26,F,f,f,f,f,f,f,f,f,t,f,f,f,f,f,t,6.6,t,1.7,t,96,t,0.99,t,97,f,,other,G,841018024,hipotiroidismo
68,M,t,f,f,f,f,f,t,f,f,f,f,f,f,f,t,1.6,t,2.1,t,120,t,1.1,t,109,f,,other,-,841018025,otro
53,M,f,f,f,f,f,f,f,f,t,f,f,f,f,f,t,8.5,t,1.7,t,93,t,0.91,t,102,f,,other,G,841018026,hipotiroidismo
12,M,f,f,f,f,f,f,f,f,f,f,f,f,f,f,f,,f,,t,93,t,1.18,t,79,f,,other,-,841018034,otro
62,F,f,f,f,f,f,f,t,f,f,f,f,f,f,f,t,5.1,t,1.7,t,81,t,0.96,t,84,f,,other,-,841018035,otro
74,F,t,f,f,f,f,f,f,f,f,f,f,f,f,f,t,0.5,t,1.2,t,92,t,1,t,92,f,,other,-,841018036,otro
66,F,f,f,f,f,f,f,f,f,f,f,f,f,f,f,t,1.2,t,2.2,t,118,t,1.13,t,104,f,,other,-,841018041,otro
55,M,f,f,f,f,f,f,f,f,t,f,f,f,f,f,t,1.7,t,1.7,t,74,t,0.99,t,75,f,,other,-,841018042,otro
55,M,f,f,f,f,f,f,f,f,f,f,f,f,f,f,t,0.2,t,1.2,t,68,t,0.72,t,94,f,,SVI,-,841018045,otro
55,M,f,f,f,f,f,f,f,f,f,f,f,f,f,f,t,0.3,t,1,t,142,t,0.98,t,145,f,,SVI,K,841018046,otro
51,F,f,f,f,f,f,f,f,f,f,f,f,f,f,f,t,2.4,t,1.7,t,76,t,0.83,t,92,f,,SVI,-,841018056,otro
78,F,f,f,f,f,f,f,f,f,t,f,f,f,f,f,t,0.05,t,1.7,t,106,t,1.03,t,99,f,,SVI,-,841018058,otro
85,F,f,f,f,f,f,f,f,t,f,f,f,f,f,f,t,138,t,1.1,t,27,t,1.19,t,23,f,,SVI,F,841018063,hipotiroidismo
59,F,f,f,f,f,f,f,t,f,f,f,f,f,f,f,t,1.4,f,,t,107,t,1.04,t,103,f,,other,-,841018066,otro
23,F,t,f,f,f,f,f,f,f,f,f,f,f,f,f,t,42,f,,t,99,t,1.08,t,92,f,,other,M,841018067,otro
35,F,f,f,f,f,f,f,f,f,f,f,f,t,f,f,f,,t,1.3,t,81,t,1.14,t,71,f,,other,-,841018068,otro
14,M,f,f,f,f,f,f,f,f,f,f,f,f,f,f,f,,f,,f,,f,,f,,t,28,other,-,841018070,otro
50,F,f,f,f,f,f,f,f,f,f,f,f,f,f,f,f,,f,,t,86,t,0.88,t,98,f,,other,-,841018073,otro
77,M,f,f,f,f,f,f,f,f,f,f,f,f,f,f,t,1.2,t,0.6,t,71,t,0.68,t,104,f,,SVI,K,841018078,otro
59,F,f,f,f,f,f,f,f,f,f,f,f,f,f,f,t,2.6,t,0.8,t,68,t,0.73,t,93,f,,SVI,K,841018079,otro
50,F,f,f,f,f,f,f,f,f,f,f,f,f,f,f,f,,f,,t,106,t,1.16,t,91,f,,other,-,841018084,otro
75,F,f,f,f,f,f,f,f,t,f,f,f,f,f,f,t,0.3,t,1.8,t,94,t,0.75,t,125,f,,other,-,841018091,otro
58,F,t,f,f,f,f,f,f,f,f,f,f,f,f,f,t,1.5,f,,t,118,t,0.97,t,122,f,,other,-,841018093,otro
60,F,f,f,f,f,f,f,f,t,f,f,f,f,f,f,t,0.5,t,1.6,t,95,t,0.73,t,130,f,,other,-,841018094,otro
60,M,t,f,f,f,f,f,f,f,f,f,f,f,f,f,t,5.1,t,0.9,t,87,t,0.87,t,100,f,,other,-,841018095,otro
59,F,f,f,f,f,f,f,f,f,f,f,f,f,f,f,f,,t,1.5,t,97,t,0.91,t,107,f,,other,-,841019002,otro
42,M,t,f,f,f,f,f,f,f,f,f,f,f,f,f,t,0.1,t,1.7,t,59,t,0.71,t,83,f,,other,-,841019004,otro
48,M,f,f,f,f,f,f,f,f,t,f,f,f,f,f,f,,t,1.9,t,104,t,1,t,104,f,,other,-,841019005,otro
65,F,f,f,f,f,f,f,f,t,f,f,f,f,f,f,t,1.9,t,1.3,t,124,t,0.86,t,145,f,,other,-,841019009,otro
77,F,f,f,f,f,f,f,f,t,f,f,f,f,f,f,t,9.799999,t,1.4,t,134,t,1.09,t,123,f,,other,G,841019012,hipotiroidismo
23,F,f,f,f,f,t,f,f,f,f,f,f,t,f,f,t,0.1,t,2.8,t,201,t,1.14,t,176,f,,STMW,A,841019020,hipertiroidismo
17,M,f,f,f,f,f,f,f,f,f,f,f,f,f,f,t,1.6,f,,t,95,t,1.02,t,93,f,,other,-,841019024,otro
59,F,f,f,f,f,f,f,f,f,f,f,f,f,f,f,f,,t,1.9,f,,f,,f,,f,,other,-,841019047,otro
59,M,f,f,f,f,f,f,f,f,t,f,f,f,f,f,t,0.1,t,1.1,t,70,t,0.73,t,96,f,,SVI,K,841019070,otro
73,F,f,f,f,f,f,f,f,f,f,f,f,f,f,f,t,2,t,1.7,t,100,t,0.97,t,102,f,,other,-,841019071,otro
58,M,f,f,f,f,f,f,f,f,f,f,f,f,f,f,t,2.1,t,2.5,t,140,t,1.3,t,108,f,,SVI,-,841019072,otro
59,F,f,f,f,f,f,f,f,f,t,f,f,f,f,f,t,0.1,f,,t,140,t,1.04,t,134,f,,other,-,841019081,otro
59,F,f,f,f,f,f,f,f,f,f,f,f,f,f,f,f,,f,,f,,f,,f,,t,53,other,S,841019084,otro
27,F,t,f,f,f,f,f,f,t,f,f,f,f,f,f,t,1.4,t,2.2,t,149,t,1.29,t,115,f,,other,-,841019086,otro
26,F,f,f,f,f,f,f,f,f,t,f,f,f,f,f,f,,f,,t,212,t,0.82,t,257,f,,other,A,841019089,hipertiroidismo
73,F,t,f,f,f,f,f,f,f,f,f,f,f,f,f,t,3.3,t,1.5,t,115,t,1.08,t,106,f,,other,-,841019096,otro
73,M,f,f,f,f,f,f,f,f,f,f,f,f,f,f,t,2.4,t,1.2,t,79,t,0.76,t,104,f,,other,-,841022003,otro
73,M,f,f,f,f,f,f,f,f,f,f,f,f,f,f,t,0.9,t,1.7,t,102,f,,f,,f,,other,-,841022004,otro
67,F,f,f,f,f,f,f,f,f,f,f,f,f,f,f,t,0.1,t,1,t,148,t,0.91,t,163,f,,other,-,841022005,otro
30,F,f,f,f,f,f,f,f,f,f,f,f,f,f,f,t,1.2,t,2.1,t,115,f,,f,,f,,other,-,841022006,otro
68,F,f,f,f,f,f,f,f,f,f,f,f,f,f,f,t,56,t,0.6,t,23,t,1.01,t,22,f,,other,F,841022007,hipotiroidismo
27,F,f,f,f,f,f,f,f,f,f,f,f,f,f,t,t,2.7,t,1.8,t,102,t,1.09,t,94,f,,SVHC,-,841022009,otro
72,F,f,f,f,f,f,f,f,f,t,f,f,f,f,f,t,0.1,t,3.2,t,333,t,0.74,t,450,f,,other,A,841022010,hipertiroidismo
72,F,f,f,f,f,f,f,f,f,f,f,f,f,f,t,t,0.1,t,1.3,t,101,t,0.84,t,120,f,,SVHC,-,841022012,otro
58,M,f,f,f,f,f,f,f,f,f,f,f,f,f,f,t,8,t,1.3,t,83,t,0.85,t,98,f,,other,G,841022013,hipotiroidismo
29,F,f,f,f,f,f,f,f,f,f,f,f,f,f,f,t,2.5,t,2,t,91,t,1.42,t,64,f,,other,I,841022014,otro
47,F,f,f,f,f,f,f,f,f,f,f,f,f,f,f,f,,t,1.8,t,117,t,0.88,t,134,f,,other,-,841022017,otro
43,F,f,f,f,f,f,f,f,t,f,f,f,f,f,f,f,,t,1.5,t,98,t,1.05,t,93,f,,other,-,841022030,otro
54,M,f,f,f,f,f,f,f,f,f,f,f,f,f,f,t,0.4,f,,t,90,t,0.93,t,97,f,,other,-,841022032,otro
13,M,f,f,f,f,f,f,f,f,f,f,f,f,f,f,t,1.4,t,1.9,t,93,f,,f,,f,,other,-,841022039,otro
13,,f,f,f,f,f,f,f,f,f,f,f,f,f,f,t,2.2,t,1.5,t,97,t,1.02,t,95,f,,SVI,-,841022041,otro
52,F,f,f,f,f,f,f,f,f,f,f,f,f,f,f,t,0.15,t,0.8,t,115,t,0.91,t,126,f,,SVI,K,841022042,otro
33,M,f,f,f,f,f,f,f,f,f,f,f,f,f,f,t,2.2,f,,t,104,t,0.93,t,112,f,,other,-,841022051,otro
70,F,f,f,f,f,f,f,f,f,f,f,f,f,f,f,t,1.6,t,0.5,t,68,t,0.75,t,90,f,,SVI,K,841023002,otro
34,F,f,f,f,f,t,f,f,f,f,f,f,f,f,f,t,0.9,t,2.9,t,202,t,1.51,t,134,f,,STMW,I,841023019,otro
47,F,t,f,f,f,f,f,f,f,f,f,f,f,f,f,t,1,f,,t,120,t,1,t,120,f,,other,-,841023022,otro
28,F,t,f,f,f,f,f,f,f,f,f,f,f,f,f,t,0.15,f,,t,139,t,0.96,t,145,f,,other,-,841023023,otro
35,F,t,f,f,f,f,f,f,f,f,f,f,f,f,f,t,0.9,f,,t,113,t,0.91,t,124,f,,other,-,841023028,otro
55,F,f,f,f,f,f,f,f,f,f,f,f,f,f,f,t,1,f,,t,150,t,1.29,t,117,f,,other,I,841023033,otro
58,F,f,f,f,f,f,f,f,f,f,f,f,f,f,f,t,0.15,t,1.7,t,93,t,0.99,t,94,f,,other,-,841023037,otro
85,F,f,f,f,f,f,f,f,t,f,f,f,f,f,f,t,44,t,2,t,38,t,1.03,t,37,f,,SVI,F,841023039,hipotiroidismo
72,F,f,f,f,f,f,f,f,f,f,f,f,f,f,f,t,4,t,1.5,t,85,t,0.84,t,101,f,,SVI,-,841023040,otro
72,M,f,f,f,f,f,f,f,f,f,f,f,f,f,f,t,1.1,t,1.9,t,119,t,0.96,t,124,f,,SVHC,-,841023041,otro
72,M,f,f,f,f,f,f,f,f,f,f,f,f,f,f,t,0.15,t,1.6,t,113,t,0.87,t,130,f,,SVHC,-,841023042,otro
72,F,f,f,f,f,f,f,f,f,f,f,f,f,f,f,t,1.4,t,1.6,t,72,t,1.05,t,69,f,,other,-,841023043,otro
55,M,f,f,f,f,f,f,f,f,f,f,f,f,f,f,t,0.15,t,2.3,t,102,t,0.82,t,124,f,,SVI,-,841023044,otro
55,M,f,f,f,f,f,f,f,f,f,f,f,f,f,f,t,0.15,t,1.7,t,136,t,0.96,t,142,f,,SVI,-,841023046,otro
83,M,f,f,f,f,f,f,f,f,f,f,f,f,f,f,t,1.4,t,0.8,t,77,t,0.78,t,98,f,,SVI,K,841023048,otro
31,F,f,f,f,f,f,f,f,f,f,f,f,f,f,f,t,0.15,t,0.4,t,94,t,0.8,t,118,f,,SVI,K,841023049,otro
57,F,f,f,f,f,f,f,f,f,f,f,f,f,f,f,t,0.2,t,0.7,t,141,t,0.93,t,153,f,,SVI,K,841023050,otro
25,F,f,f,f,f,f,f,f,f,f,f,f,f,f,f,t,1,t,1.9,t,106,t,1.03,t,103,f,,SVI,-,841023051,otro
25,M,f,f,f,f,f,f,f,f,f,f,f,f,f,f,t,0.15,t,1.7,t,97,t,0.98,t,99,f,,other,-,841023057,otro
53,F,f,f,f,f,f,f,f,f,f,f,f,f,f,f,t,1.3,t,1.9,t,104,t,1.04,t,100,f,,other,-,841024002,otro
19,F,f,f,f,f,f,f,f,t,f,f,f,f,f,f,t,0.15,f,,t,106,t,1,t,106,f,,other,-,841024015,otro
71,F,f,f,f,f,f,f,f,f,f,f,f,f,f,f,t,3.7,t,1.4,t,81,t,1.14,t,71,f,,other,-,841024017,otro
72,F,f,f,f,t,f,f,f,f,f,f,f,f,f,f,t,0.7,t,1.7,t,97,t,0.99,t,98,f,,SVHD,-,841024018,otro
31,M,f,f,f,f,f,f,f,f,f,f,f,f,f,f,t,0.7,t,1.7,t,106,f,,f,,f,,other,-,841024039,otro
69,M,f,f,f,f,f,f,f,f,f,f,f,f,f,f,t,0.15,t,1.5,t,71,t,0.6,t,118,f,,SVI,-,841024040,otro
75,M,f,f,f,f,f,f,f,f,f,f,f,f,f,f,t,1,t,0.2,t,47,t,0.6,t,77,f,,SVI,-,841024041,otro
30,M,f,f,f,f,f,f,f,f,f,f,f,f,f,f,t,0.15,t,1.3,t,112,t,0.87,t,130,f,,SVI,-,841024044,otro
74,M,f,f,f,f,f,f,f,f,f,f,f,f,f,f,t,0.6,t,0.7,t,68,t,0.77,t,89,f,,SVI,K,841024045,otro
74,F,f,f,f,f,f,f,f,f,f,f,f,f,f,f,t,3.1,t,2.5,t,168,t,1.22,t,138,f,,SVHC,I,841024048,otro
40,F,f,f,f,f,f,f,f,f,f,f,f,f,f,f,t,0.15,t,1.3,t,105,t,0.87,t,119,f,,SVI,-,841024049,otro
40,F,f,f,f,f,f,f,f,f,f,f,f,f,f,f,t,0.15,t,0.7,t,128,t,0.83,t,154,f,,SVI,K,841024052,otro
66,F,f,f,f,f,f,f,f,t,f,f,f,f,f,f,t,2.8,f,,f,,f,,f,,f,,other,-,841024054,otro
65,F,f,f,f,f,f,f,f,t,f,f,f,f,f,f,t,10,t,1.1,f,,f,,f,,f,,other,F,841024055,hipotiroidismo
66,F,t,f,f,f,f,f,f,f,f,f,f,f,f,f,t,0.25,f,,t,186,t,0.98,t,189,f,,other,N,841024066,otro
50,F,f,f,f,f,f,f,f,f,f,f,f,f,f,f,t,0.25,t,1.8,t,128,t,0.95,t,134,f,,STMW,-,841024068,otro
66,F,f,t,f,f,f,f,f,f,f,f,f,f,f,f,f,,f,,t,119,t,0.69,t,172,f,,other,L,841024069,otro
66,F,f,f,f,f,f,t,f,f,f,f,f,f,f,f,t,1.2,t,1.5,t,142,t,1.08,t,131,f,,other,-,841025001,otro
17,F,f,f,f,f,f,f,f,t,f,f,f,f,f,f,t,2.1,t,1.8,t,113,t,1.03,t,109,f,,other,-,841025003,otro
77,F,f,f,f,f,f,f,f,f,f,f,f,f,f,f,t,1.4,t,1.7,t,114,t,0.96,t,119,f,,SVI,-,841025012,otro
62,M,f,f,f,f,f,f,f,f,f,f,f,f,f,f,t,54,t,0.6,t,41,t,0.78,t,52,f,,other,F,841025013,hipotiroidismo
62,M,t,f,f,f,f,f,f,f,f,f,f,f,f,f,t,0.25,t,2,t,122,t,0.99,t,123,f,,other,-,841025015,otro
62,F,f,f,f,f,f,f,f,f,f,f,f,f,f,f,t,2.7,t,1.4,t,101,t,0.88,t,115,f,,other,-,841025024,otro
70,F,t,f,f,f,f,f,f,f,f,f,f,f,f,f,t,1.6,t,1.8,t,175,t,1.18,t,148,f,,other,-,841025025,otro
58,M,t,f,f,f,f,f,f,f,f,f,f,f,f,f,t,0.25,t,1.8,t,153,t,0.82,t,188,f,,other,N,841025026,otro
55,F,t,f,f,f,f,f,f,f,f,f,f,f,f,f,t,0.25,t,1.7,t,155,t,1.03,t,150,f,,other,-,841025027,otro
66,F,f,f,f,f,f,f,f,f,t,f,f,f,f,f,t,3.1,t,1.7,t,76,t,0.83,t,92,f,,other,-,841025030,otro
20,F,f,f,f,f,f,f,f,f,f,f,t,f,f,f,t,1.1,t,2.6,t,137,t,1.3,t,103,f,,other,-,841025032,otro
46,,t,f,f,f,f,f,f,f,f,f,f,f,f,f,t,0.2,t,2.3,t,175,t,0.91,t,192,f,,other,N,841025043,otro
71,F,f,f,f,f,f,f,f,f,f,f,f,f,f,f,t,1.2,t,1.5,t,105,t,0.96,t,109,f,,SVI,-,841025045,otro
73,M,f,f,f,f,f,f,f,f,f,f,f,f,f,f,t,0.25,t,1,t,96,t,0.89,t,108,f,,SVI,K,841025046,otro
66,F,f,f,f,f,f,f,f,f,f,f,f,f,f,f,t,0.25,t,2.2,t,121,t,0.84,t,144,f,,other,-,841025048,otro
61,M,f,f,f,f,f,f,f,f,f,f,f,f,f,f,t,0.25,t,1.7,t,103,t,0.98,t,105,f,,SVI,-,841025049,otro
55,F,t,f,f,f,f,f,f,f,f,f,f,f,f,f,t,2.3,t,1.6,t,146,t,1.04,t,140,f,,other,-,841025051,otro
55,M,f,f,f,f,f,f,f,f,f,f,f,f,f,t,t,1.2,t,0.8,t,103,t,0.91,t,113,f,,SVHC,K,841025052,otro
55,M,f,f,f,f,f,f,f,f,f,f,f,f,f,t,t,0.25,t,0.9,t,108,t,0.96,t,112,f,,SVHC,K,841025053,otro
57,M,f,f,f,f,f,f,t,f,f,f,f,f,f,f,t,0.25,t,1.1,t,65,t,0.83,t,78,f,,other,P,841025054,otro
35,F,f,f,f,f,f,f,f,f,f,f,f,f,f,f,t,0.25,t,1.3,t,158,t,0.88,t,179,f,,other,AK,841025061,hipertiroidismo
35,F,t,f,f,f,f,f,f,f,f,f,f,f,f,f,t,0.1,t,1.9,t,132,t,0.98,t,134,f,,other,-,841025072,otro
76,F,f,f,f,f,f,f,f,f,f,f,f,f,f,f,f,,f,,t,81,t,1.05,t,80,f,,other,-,841025075,otro
68,F,f,f,f,f,f,f,f,f,f,f,f,f,f,f,f,,f,,f,,f,,f,,t,36,other,S,841025076,otro
56,F,f,f,f,f,f,f,f,f,f,f,f,f,f,f,f,,f,,t,77,t,1.08,t,71,f,,other,-,841025077,otro
42,F,f,t,f,f,f,f,f,f,f,f,f,f,f,f,t,6.6,f,,t,89,t,0.95,t,94,f,,other,G,841025079,hipotiroidismo
51,F,t,f,f,f,f,f,f,f,f,f,f,t,f,f,t,0.4,t,1.6,t,88,t,1.05,t,85,f,,other,-,841025080,otro
46,F,f,f,f,f,f,f,f,f,f,f,f,t,f,f,t,0.7,t,1.6,t,107,t,1.08,t,107,f,,other,-,841026012,otro
60,F,f,f,f,f,f,f,f,f,f,f,f,f,f,f,t,0.1,t,1.4,t,129,t,1.08,t,129,f,,other,-,841026013,otro
65,F,f,f,f,f,f,f,f,f,f,f,f,f,f,f,t,5.9,t,1.8,t,98,t,1.16,t,98,f,,SVI,-,841026014,otro
65,F,f,f,f,f,f,f,f,f,f,f,f,f,f,f,t,2.3,t,1.6,t,122,t,1.32,t,122,f,,SVHC,-,841026015,otro
69,F,f,f,f,f,f,f,f,f,t,f,f,f,f,f,f,,f,,f,,f,,f,,t,23,other,-,841026035,otro
41,F,t,f,f,f,f,f,f,t,f,f,f,f,f,f,t,3.9,t,1.6,t,79,t,1.11,t,79,f,,other,-,841026047,otro
45,F,f,f,f,f,f,f,f,f,f,f,f,f,f,f,f,,t,1.6,t,77,t,0.89,t,77,f,,other,-,841026049,otro
67,F,f,f,f,f,f,f,f,f,f,f,f,f,f,f,t,0.1,t,1.8,t,139,t,1.12,t,139,f,,other,-,841026051,otro
68,F,t,f,f,f,f,f,f,f,f,f,f,f,f,f,t,5.1,f,,t,98,t,1,t,98,f,,other,-,841026061,otro
41,F,t,f,f,f,f,f,f,f,f,f,f,f,f,f,t,0.1,f,,t,151,t,1.1,t,151,f,,other,-,841026062,otro
39,F,f,f,f,f,f,f,f,f,f,f,f,f,f,f,f,,f,,f,,f,,f,,t,27,other,-,841026070,otro
39,,f,f,f,t,f,f,f,f,f,f,f,f,f,f,t,1.6,t,1.9,t,140,t,1.31,t,140,f,,other,-,841026073,otro
39,F,f,f,f,f,f,f,f,f,f,f,f,f,f,f,t,3.1,t,1,t,92,t,0.88,t,105,f,,SVI,K,841029006,otro
58,F,f,f,f,f,f,f,f,f,f,f,f,f,f,f,t,1.4,t,1.1,t,114,t,0.92,t,124,f,,SVI,K,841029008,otro
78,F,f,f,f,f,f,f,f,f,f,f,f,f,f,f,t,2.9,t,1.7,t,103,t,0.88,t,117,f,,SVI,-,841029009,otro
78,M,f,f,f,f,f,f,f,f,f,f,f,f,f,t,t,0.1,t,1.8,t,93,t,0.78,t,120,f,,SVHC,-,841029010,otro
64,F,f,f,f,f,f,f,f,f,f,f,f,f,f,f,t,0.4,t,1.5,t,77,t,0.88,t,88,f,,SVI,-,841029011,otro
49,F,f,f,f,f,f,f,f,f,t,f,f,f,f,f,t,0.7,t,1.3,t,58,t,0.82,t,71,f,,SVI,-,841029013,otro
62,F,f,f,f,f,f,f,f,f,f,f,f,f,f,f,t,0.1,t,1.3,t,211,t,0.97,t,218,f,,other,AK,841029016,hipertiroidismo
19,F,f,f,f,f,f,f,f,f,t,f,f,f,f,f,t,0.7,t,3.1,t,181,t,1.33,t,136,f,,other,I,841029017,otro
55,F,t,f,f,f,f,f,f,f,f,f,f,f,f,f,t,0.1,f,,t,196,t,0.94,t,208,f,,other,N,841029020,otro
55,F,f,f,f,f,f,f,f,f,f,f,f,f,f,f,f,,f,,f,,f,,f,,t,25,other,-,841029022,otro
32,M,f,f,f,f,f,f,f,f,f,f,f,f,f,f,t,150,t,0.4,t,16,t,0.95,t,17,f,,other,F,841029023,hipotiroidismo
50,F,t,f,f,f,f,f,f,f,f,f,f,f,f,f,t,0.1,f,,t,153,t,1.01,t,150,f,,other,-,841029032,otro
59,F,t,f,f,f,f,f,f,t,f,f,f,f,f,f,t,0.1,t,2.2,t,156,t,0.94,t,166,f,,other,L,841029040,otro
67,F,f,f,f,f,f,f,f,f,f,f,f,f,f,f,t,0.1,t,1.2,t,111,t,0.94,t,118,f,,SVI,-,841029042,otro
75,F,f,f,f,f,f,f,f,f,f,f,f,f,f,f,t,0.7,t,1.6,t,107,t,1.01,t,106,f,,STMW,-,841029049,otro
30,F,t,f,f,f,f,f,f,f,f,f,f,f,f,f,t,0.1,t,3.1,t,202,t,1.74,t,116,f,,STMW,I,841029050,otro
38,F,t,f,f,f,f,f,f,f,f,f,f,f,f,f,t,0.1,t,2,t,109,t,0.98,t,111,f,,STMW,-,841029051,otro
17,F,f,f,f,f,t,f,f,f,f,f,f,f,f,f,t,0.5,t,3.4,t,143,t,1.43,t,100,f,,STMW,I,841029053,otro
62,F,t,f,f,f,f,f,f,f,f,f,f,f,f,f,t,0.1,t,1.3,t,109,t,0.85,t,128,f,,other,-,841029054,otro
89,F,t,f,f,f,f,f,f,f,f,f,f,f,f,f,f,,t,1.4,f,,f,,f,,f,,other,-,841030005,otro
45,M,f,f,f,f,f,f,f,f,f,f,f,f,f,f,t,3.5,t,1.7,t,96,t,0.94,t,102,f,,other,-,841030028,otro
84,M,f,f,f,f,f,f,f,f,f,f,f,f,f,f,t,0.6,t,1.5,t,83,t,0.95,t,88,f,,other,-,841030042,otro
55,F,t,f,f,f,f,f,f,f,f,f,f,f,f,f,t,4.3,t,1.5,t,119,t,1.08,t,110,f,,other,-,841030043,otro
68,F,f,f,f,f,f,f,f,f,f,f,f,f,f,f,t,0.1,t,1.1,t,116,t,0.81,t,142,f,,SVI,K,841030044,otro
68,M,f,f,f,f,f,f,f,f,f,f,f,f,f,t,t,0.1,t,1.3,t,116,t,0.83,t,139,f,,SVHC,-,841030045,otro
68,M,f,f,f,f,f,f,f,f,f,f,f,f,f,f,t,0.9,t,1.9,t,104,t,0.83,t,126,f,,SVHC,-,841030046,otro
73,F,f,f,f,f,f,f,f,f,f,f,f,f,f,f,t,2.7,t,1.2,t,87,t,0.83,t,104,f,,SVI,-,841030048,otro
62,F,f,f,f,f,f,f,f,f,f,f,f,f,f,f,t,0.1,t,1.5,t,198,t,0.94,t,211,f,,SVI,AK,841030049,hipertiroidismo
69,F,f,f,f,t,f,f,f,f,f,f,f,f,f,f,t,0.1,t,0.9,t,86,t,0.98,t,88,f,,SVI,K,841030050,otro
41,M,f,f,f,f,f,f,f,f,f,f,f,f,f,f,t,0.8,t,2.2,t,92,t,0.94,t,98,f,,other,-,841030051,otro
48,M,f,f,f,f,f,f,f,f,f,f,f,f,f,f,t,2.1,t,1,t,128,t,1.02,t,125,f,,SVI,K,841030052,otro
41,F,f,f,f,f,f,f,f,f,f,f,f,f,f,f,t,0.1,t,2.1,t,148,t,1.44,t,103,f,,STMW,-,841031002,otro
41,F,f,f,f,f,f,f,f,f,f,f,f,f,f,f,t,53,t,0.4,t,9.7,t,1.46,t,6.6,f,,other,F,841031010,hipotiroidismo
20,F,f,f,f,f,t,f,f,f,t,f,f,f,f,f,f,,f,,f,,f,,f,,t,30,other,-,841031030,otro
20,F,f,f,f,f,f,f,f,f,f,f,f,f,f,f,t,0.1,t,0.8,t,201,t,0.84,t,240,f,,SVI,AK,841031031,hipertiroidismo
73,F,f,f,f,f,f,f,f,f,f,f,f,f,f,f,t,3.3,t,1.2,t,85,t,0.9,t,94,f,,SVI,-,841031032,otro
77,F,t,f,f,f,f,f,f,f,t,f,f,f,f,f,t,1.7,t,0.4,t,64,t,0.8,t,79,f,,SVI,K,841031033,otro
65,F,f,f,f,f,f,f,f,t,f,f,f,f,f,f,t,0.7,f,,t,96,t,0.88,t,109,f,,other,-,841031035,otro
65,M,f,f,f,f,f,f,f,f,f,f,f,f,f,t,t,0.1,t,1.8,t,132,t,0.83,t,158,f,,SVHC,R,841031036,otro
55,F,f,f,t,f,f,f,f,f,f,f,f,f,f,f,t,8.4,t,1.4,t,44,t,1.03,t,43,f,,other,O,841031042,otro
50,F,f,f,f,f,f,f,f,f,t,f,f,f,f,f,f,,t,1.2,t,106,t,1.41,t,75,f,,other,-,841031043,otro
62,F,f,f,f,f,f,f,f,f,t,f,f,f,f,f,t,1.4,f,,t,104,t,1.12,t,93,f,,other,-,841031052,otro
62,F,f,f,f,f,f,f,f,f,f,f,f,f,f,f,t,31,t,2,t,65,t,1,t,65,f,,other,G,841031053,hipotiroidismo
66,F,f,f,f,f,f,f,f,f,f,f,f,f,f,f,t,0.15,t,1.3,t,134,t,0.99,t,135,f,,other,-,841101001,otro
73,F,f,f,f,f,f,f,f,f,f,f,f,t,f,f,t,2.6,t,1.6,t,122,t,1.02,t,120,f,,other,-,841101006,otro
73,M,f,f,t,f,f,f,f,f,f,f,f,f,f,f,t,0.15,t,3,t,125,t,0.81,t,154,f,,other,-,841101012,otro
41,F,f,f,f,f,f,f,f,t,t,f,f,f,f,f,t,0.15,t,1.8,t,94,t,1.03,t,91,f,,other,-,841101013,otro
28,F,f,f,f,f,f,f,f,f,f,f,f,f,f,f,t,0.8,t,1.4,t,141,t,1.12,t,126,f,,other,-,841101023,otro
28,F,f,f,f,f,f,f,f,f,f,f,f,f,f,f,t,0.15,t,1.9,t,131,t,0.84,t,156,f,,other,R,841101024,otro
64,F,t,f,f,f,f,f,f,f,f,f,f,f,f,f,t,0.15,t,1.3,t,141,t,0.89,t,158,f,,other,L,841101029,otro
43,M,t,f,f,f,f,f,t,f,f,f,f,f,f,f,t,1.6,t,1.4,t,101,t,0.7,t,144,f,,other,-,841101031,otro
35,M,f,f,f,f,f,f,f,f,t,f,f,f,f,f,t,0.25,t,4.6,t,275,t,1.06,t,259,f,,other,A,841101037,hipertiroidismo
45,M,f,t,f,f,f,f,f,f,f,f,f,f,f,f,f,,t,1.5,t,122,t,0.93,t,131,f,,other,-,841101038,otro
78,F,f,f,f,f,f,f,f,f,f,f,f,t,f,f,t,1.3,t,1.6,t,100,t,1.11,t,90,f,,other,-,841101039,otro
54,M,f,f,f,f,f,f,f,f,f,f,f,f,f,f,t,0.65,t,1.3,t,75,t,0.69,t,109,f,,SVI,-,841101046,otro
71,F,f,f,f,f,f,f,f,f,f,f,f,f,f,f,t,0.25,t,1.4,t,106,t,0.81,t,131,f,,other,-,841101047,otro
71,,f,f,f,f,f,f,f,f,f,f,f,f,f,f,t,2.6,t,1.2,f,,f,,f,,f,,other,-,841101051,otro
71,,f,f,f,f,f,f,f,f,f,f,f,f,f,f,t,4.3,t,0.7,f,,f,,f,,f,,other,K,841101052,otro
61,F,f,f,f,f,f,f,f,f,t,f,f,f,f,f,t,0.25,t,1.3,t,135,t,1.15,t,117,f,,other,-,841101055,otro
72,F,f,f,f,f,f,f,f,t,f,f,f,f,f,f,t,1.3,f,,t,96,t,0.98,t,99,f,,other,-,841102003,otro
60,M,f,f,f,f,f,f,f,f,f,f,f,f,f,f,t,0.25,f,,t,102,t,0.83,t,123,f,,other,-,841102004,otro
76,F,f,f,f,f,f,f,f,f,f,f,f,f,f,f,t,0.25,t,1.6,t,157,t,1.08,t,145,f,,other,-,841102005,otro
76,F,f,f,f,f,f,f,f,f,f,f,f,f,f,f,t,0.25,t,1.1,t,142,t,0.96,t,148,f,,SVI,K,841102006,otro
23,F,f,f,f,f,f,f,f,f,f,f,f,f,f,f,t,0.25,t,3.3,t,247,t,0.93,t,265,f,,other,A,841102007,hipertiroidismo
23,M,f,f,f,f,f,f,f,f,f,f,f,f,f,f,t,0.8,t,1.3,t,119,t,0.94,t,126,f,,SVI,-,841102008,otro
19,F,f,f,f,f,f,f,f,f,f,f,f,f,f,f,t,0.25,t,1.1,t,67,t,0.99,t,68,f,,other,-,841102009,otro
56,F,f,f,f,f,f,f,f,f,f,f,f,f,f,f,t,0.25,t,3.2,t,268,t,1.01,t,266,f,,other,A,841102016,hipertiroidismo
18,F,f,f,f,f,f,f,f,t,f,f,f,f,f,f,t,0.25,t,2.5,t,269,t,1.63,t,165,f,,STMW,-,841102030,otro
34,F,f,f,f,f,f,f,f,f,f,f,f,f,f,f,t,0.9,t,2.3,t,122,t,1.1,t,111,f,,STMW,-,841102031,otro
34,F,f,f,f,f,f,f,f,f,f,f,f,f,f,f,t,0.9,t,2.5,t,143,t,1.24,t,114,f,,other,-,841102034,otro
67,F,t,f,f,f,f,f,t,f,f,f,f,f,f,f,t,3.8,f,,t,116,t,1.34,t,87,f,,other,I,841102035,otro
65,M,f,f,f,f,f,f,f,f,f,f,f,f,f,f,t,0.25,t,0.9,t,78,t,0.67,t,116,f,,SVI,K,841102040,otro
64,F,f,f,f,f,f,f,f,t,f,f,f,f,f,f,t,1.3,t,1.7,t,127,t,1.12,t,113,f,,other,-,841102041,otro
30,F,f,f,f,f,f,f,f,f,f,f,f,t,f,f,t,0.25,t,1.5,t,108,t,1.06,t,102,f,,STMW,-,841105003,otro
74,M,f,f,f,f,f,f,f,f,f,f,f,f,f,f,t,0.25,t,1.4,t,113,t,0.84,t,136,f,,SVI,-,841105007,otro
79,F,f,f,f,f,f,f,f,t,f,f,f,f,f,f,t,200,t,0.4,t,10,t,1.19,t,9,f,,SVI,F,841105008,hipotiroidismo
73,M,f,f,f,f,f,f,f,f,f,f,f,f,f,f,t,0.25,t,1.3,t,127,t,0.81,t,156,f,,SVI,R,841105009,otro
74,F,f,f,f,f,f,f,f,f,f,f,f,f,f,f,t,0.25,t,2.3,t,176,t,1.36,t,129,f,,SVI,I,841105010,otro
64,F,t,f,f,f,f,f,f,f,f,f,f,f,f,f,t,0.25,t,2.3,t,202,t,0.93,t,217,f,,other,N,841105011,otro
62,F,f,f,f,f,f,f,f,f,f,f,f,f,f,f,t,0.25,t,1.2,t,186,t,0.88,t,212,f,,SVI,AK,841105012,hipertiroidismo
62,F,f,f,f,f,f,f,f,f,f,f,f,f,f,f,t,0.25,t,1.7,t,93,t,0.96,t,97,f,,SVI,-,841105014,otro
62,F,f,f,f,f,f,f,f,t,f,f,f,f,f,f,t,1.4,t,1.5,t,98,t,0.99,t,99,f,,other,-,841105017,otro
66,F,f,f,f,f,f,f,f,f,f,f,f,f,f,f,t,0.25,t,1.2,t,112,t,0.85,t,132,f,,SVI,-,841105018,otro
36,M,f,f,f,t,f,f,f,f,f,f,f,f,f,f,t,0.25,t,1.6,t,79,t,0.9,t,88,f,,SVI,-,841105019,otro
36,,f,f,f,f,f,f,f,f,f,f,f,f,f,f,t,0.25,t,1.1,t,131,t,0.93,t,141,f,,SVI,K,841105020,otro
35,F,f,f,f,f,f,f,f,f,f,f,f,f,f,f,f,,f,,t,101,t,1.06,t,96,f,,other,-,841105021,otro
85,F,f,f,f,f,f,f,f,t,f,f,f,f,f,f,t,85,t,0.7,t,70,t,0.93,t,75,f,,SVI,GK,841105032,hipotiroidismo
36,M,f,f,f,f,f,f,f,f,t,f,f,f,f,f,t,0.1,t,2,t,95,t,0.93,t,102,f,,other,-,841105045,otro
33,F,t,f,f,f,f,f,f,f,f,f,f,f,f,f,f,,t,1.5,t,99,t,0.94,t,106,f,,other,-,841105051,otro
62,F,f,f,f,f,f,f,f,f,t,f,f,t,f,f,t,0.15,t,1.4,t,64,t,0.97,t,66,f,,other,-,841105052,otro
62,,f,f,f,f,f,f,f,f,f,f,f,f,f,f,f,,f,,t,97,t,0.28,t,347,f,,other,A,841105054,hipertiroidismo
27,M,f,f,f,f,f,f,f,f,f,f,f,f,f,f,t,0.15,t,1.3,t,155,t,0.89,t,174,f,,other,AK,841105057,hipertiroidismo
27,F,f,f,f,f,f,f,f,f,f,f,f,f,f,f,t,0.15,t,1.4,t,106,t,0.99,t,107,f,,SVI,-,841105061,otro
70,F,f,f,f,f,f,f,f,f,f,f,f,f,f,f,t,5.9,t,0.4,t,48,t,0.71,t,68,f,,SVI,-,841105063,otro
71,F,f,f,f,f,f,f,f,f,f,f,f,f,f,f,t,0.5,t,1.3,t,130,t,1.03,t,126,f,,SVI,-,841105065,otro
67,F,f,f,f,f,f,f,f,f,f,f,f,f,f,f,t,0.5,t,2.2,t,117,t,0.95,t,124,f,,SVI,-,841105066,otro
45,F,t,f,f,f,f,f,f,f,f,f,f,f,f,f,t,0.25,t,1.9,t,128,t,1,t,128,f,,other,-,841105070,otro
70,M,f,f,f,f,f,f,t,f,f,f,f,f,f,f,t,3.2,f,,t,70,t,0.68,t,104,f,,other,-,841106009,otro
30,F,t,f,f,f,f,t,f,f,f,f,f,f,f,f,t,0.15,t,2.7,t,216,t,1.68,t,128,f,,STMW,-,841106011,otro
61,F,t,f,f,f,f,f,f,f,f,f,f,f,f,f,t,0.15,f,,t,183,t,0.93,t,197,f,,other,N,841106012,otro
29,F,f,f,f,f,f,f,f,f,f,f,f,f,f,f,t,0.5,t,1.6,t,95,t,0.8,t,119,f,,other,-,841106014,otro
40,F,f,f,f,f,f,f,f,f,f,f,f,f,f,f,t,0.7,t,1.7,t,127,t,0.93,t,136,f,,other,-,841106016,otro
60,M,f,f,f,f,f,f,f,f,f,f,f,f,f,f,t,0.6,t,3.2,t,95,t,1.12,t,84,f,,other,R,841106018,otro
56,F,f,f,f,f,f,f,f,f,t,f,f,f,f,f,f,,t,1.4,t,77,t,0.88,t,88,f,,other,-,841106026,otro
22,F,f,f,f,f,f,f,f,f,f,f,f,f,f,f,t,0.15,t,1.9,t,93,t,0.78,t,119,f,,SVHC,-,841106028,otro
64,F,t,f,f,f,f,f,f,f,f,f,f,f,f,f,t,3.4,f,,t,113,t,1.1,t,102,f,,other,-,841106036,otro
75,F,f,f,f,f,f,f,f,f,f,f,f,f,f,f,t,0.2,t,1.3,t,115,t,1.04,t,110,f,,other,-,841106039,otro
75,F,f,f,f,f,f,f,f,f,f,f,f,f,f,f,t,4,t,1.8,t,82,t,1,t,82,f,,SVI,-,841106041,otro
59,F,t,f,f,f,f,f,f,f,f,f,f,f,f,f,t,0.15,t,1.9,t,143,t,1,t,143,f,,other,-,841106043,otro
59,F,f,f,f,f,f,f,f,f,f,f,f,f,f,f,t,0.15,t,2.1,t,89,t,0.96,t,97,f,,other,-,841106044,otro
59,M,f,f,f,f,f,f,f,f,f,f,f,f,f,f,t,0.15,t,1.6,t,123,t,0.99,t,124,f,,SVI,-,841106045,otro
85,F,f,f,f,f,f,f,f,t,f,f,f,f,f,f,t,86,t,0.6,t,69,t,0.92,t,75,f,,SVI,GK,841106046,hipotiroidismo
32,F,t,f,f,f,t,f,f,f,f,f,f,f,f,f,f,,f,,f,,f,,f,,t,50,other,S,841106050,otro
59,F,f,f,f,t,f,f,f,f,f,f,f,f,f,f,t,0.15,t,2.4,t,113,t,1.23,t,91,f,,other,-,841107001,otro
59,F,f,f,f,f,f,f,f,f,f,f,f,f,f,f,t,0.5,t,2.3,t,116,t,1.11,t,104,f,,other,-,841107019,otro
59,F,f,f,f,f,f,f,f,f,f,f,f,f,f,f,f,,t,1.8,t,72,f,,f,,f,,SVI,-,841107020,otro
66,F,f,f,f,f,f,f,f,f,f,f,f,f,f,f,t,0.15,t,2.3,t,105,t,0.96,t,110,f,,other,-,841107021,otro
49,M,f,f,f,f,f,f,f,f,f,f,f,f,f,f,t,0.7,t,1.9,t,106,t,0.97,t,109,f,,SVI,-,841107052,otro
79,F,f,f,f,f,f,f,f,f,f,f,f,f,f,f,t,19,t,1.3,t,69,t,0.99,t,70,f,,SVI,G,841107053,hipotiroidismo
61,M,f,f,f,f,f,f,f,f,f,f,f,f,f,f,t,0.1,t,2.1,t,106,t,0.99,t,107,f,,SVI,-,841107054,otro
32,F,t,f,f,f,f,f,f,f,f,f,f,t,f,f,t,0.1,f,,t,107,t,0.93,t,115,f,,other,-,841107061,otro
52,F,f,f,f,t,f,f,f,f,f,f,f,f,f,f,t,0.1,t,2,t,98,t,1.15,t,85,f,,other,-,841107089,otro
37,F,f,f,f,f,f,t,f,f,t,f,f,f,f,f,f,,f,,f,,f,,f,,t,18,other,-,841107091,otro
37,F,f,f,f,f,f,f,f,t,f,f,f,f,f,f,t,2.3,t,2.2,t,126,t,1.28,t,99,f,,other,-,841108025,otro
70,F,f,f,f,f,f,f,f,f,f,f,f,f,f,f,t,6.3,t,1.3,t,125,t,1.07,t,117,f,,other,G,841108026,hipotiroidismo
70,F,f,f,f,f,f,f,f,f,f,f,f,f,f,f,t,0.15,f,,t,100,t,1.02,t,98,f,,other,-,841108027,otro
70,M,f,f,f,f,f,f,f,f,f,f,f,f,f,f,t,0.15,t,2.1,t,89,t,1.01,t,88,f,,other,-,841108028,otro
28,F,f,f,f,f,f,f,f,f,f,f,f,f,f,f,t,0.1,t,1.6,t,79,t,1.07,t,74,f,,other,-,841108029,otro
28,F,f,f,f,f,f,f,f,f,f,f,f,f,f,f,t,0.9,f,,t,89,t,0.92,t,97,f,,other,-,841108030,otro
28,F,f,f,f,f,f,f,f,f,f,f,f,f,f,f,t,0.6,t,2.4,t,112,t,1.26,t,88,f,,other,-,841108032,otro
85,F,f,f,f,f,f,f,f,t,f,f,f,f,f,f,t,50,t,0.6,t,74,t,0.92,t,81,f,,SVI,GK,841108045,hipotiroidismo
73,F,f,f,f,f,f,f,f,f,f,f,f,t,f,f,t,3.1,t,1.4,t,104,t,1.12,t,93,f,,SVI,-,841108046,otro
59,M,f,f,f,f,f,f,f,f,f,f,f,f,f,f,t,0.1,t,1.8,t,126,t,1.29,t,98,f,,SVI,-,841108047,otro
74,M,f,f,f,f,f,f,f,f,f,f,f,f,f,f,t,0.7,t,1.6,t,90,t,0.87,t,103,f,,SVI,-,841108048,otro
36,M,f,f,f,f,f,f,f,f,f,f,f,f,f,f,t,0.1,t,2.2,t,111,t,1.16,t,96,f,,SVI,-,841108049,otro
43,M,f,f,f,f,f,f,f,f,f,f,f,f,f,f,t,0.5,t,1.5,t,105,t,1.03,t,103,f,,SVI,-,841108051,otro
22,F,f,f,f,f,f,f,f,f,f,f,f,f,f,f,t,0.5,t,1.8,t,109,t,0.97,t,113,f,,other,-,841108055,otro
24,F,f,f,f,f,f,f,f,f,f,f,t,f,f,f,f,,f,,t,153,t,1.47,t,104,f,,other,-,841108056,otro
28,F,f,f,f,f,f,f,f,t,f,f,f,f,f,f,t,0.1,t,1.9,t,95,t,1.01,t,94,f,,STMW,-,841108060,otro
24,F,f,f,f,f,f,f,f,f,f,f,f,f,f,f,f,,f,,f,,f,,f,,t,32,other,S,841108072,otro
68,M,f,f,f,f,f,f,f,f,f,f,f,f,f,f,t,2.5,t,2.1,t,88,t,1.11,t,79,f,,other,-,841108079,otro
64,F,t,f,f,t,f,f,f,t,f,f,f,f,f,f,t,0.2,t,1.8,t,146,t,1.38,t,106,f,,other,-,841108080,otro
46,F,f,f,f,f,f,f,f,f,f,f,f,f,f,f,t,0.6,t,2.3,t,121,t,1.25,t,97,f,,other,-,841108081,otro
53,F,t,f,f,t,f,f,f,f,f,f,f,f,f,f,t,0.4,f,,t,99,t,1.01,t,99,f,,other,-,841108082,otro
53,F,f,f,f,f,f,f,t,t,f,f,f,f,f,f,t,34,t,1.2,t,44,t,1.07,t,41,f,,other,P,841108085,otro
75,F,t,f,f,f,f,f,f,f,f,f,f,f,f,f,t,0.7,t,1.8,t,122,t,1.09,t,116,f,,other,-,841108087,otro
22,M,t,f,f,f,f,f,f,f,f,f,f,f,f,f,t,0.15,t,2,t,223,t,0.96,t,232,f,,SVI,N,841108088,otro
58,F,f,f,f,f,f,f,f,f,f,f,f,f,f,f,t,0.1,f,,t,74,t,0.89,t,83,f,,other,-,841108089,otro
85,F,f,f,f,f,f,f,f,f,f,f,f,f,f,f,t,0.4,t,1.1,t,101,t,0.88,t,116,f,,SVI,K,841108090,otro
34,M,f,f,f,f,f,f,f,f,f,f,f,f,f,f,t,0.15,t,2.2,t,83,t,1.14,t,73,f,,SVI,-,841108091,otro
58,F,f,f,f,f,f,f,f,f,f,f,f,f,f,t,t,0.15,t,1.6,t,97,t,1.96,t,101,f,,SVI,-,841108092,otro
46,F,f,f,f,f,f,f,f,f,f,f,f,f,f,f,f,,f,,f,,f,,f,,t,20,other,-,841108094,otro
62,F,f,f,f,t,f,f,f,f,f,f,f,t,f,f,f,,f,,f,,f,,f,,t,30,other,-,841108095,otro
68,F,f,f,f,f,f,f,f,f,f,f,f,f,f,f,f,,f,,f,,f,,f,,t,31,other,S,841108100,otro
51,F,f,f,f,f,f,f,f,f,f,f,f,f,f,f,f,,f,,f,,f,,f,,t,32,other,S,841108101,otro
20,F,f,f,f,f,f,f,f,f,f,f,f,f,f,f,f,,f,,f,,f,,f,,t,41,other,S,841108102,otro
36,F,f,f,f,f,f,f,f,t,f,f,f,t,f,f,f,,f,,f,,f,,f,,t,27,other,-,841108103,otro
21,M,f,f,f,f,f,f,f,f,f,f,f,f,f,f,t,0.2,t,1.8,t,100,t,0.84,t,119,f,,other,-,841108111,otro
43,M,f,f,f,f,f,f,t,f,f,f,f,f,f,f,t,16,t,1.9,t,63,t,1.08,t,57,f,,other,F,841108112,hipotiroidismo
27,F,f,f,f,f,f,f,f,f,f,f,f,f,f,f,t,0.15,t,1.9,t,167,t,0.77,t,216,f,,other,AK,841108114,hipertiroidismo
32,M,t,f,f,f,f,f,f,f,f,f,f,f,f,f,t,1.4,t,2.1,t,92,t,1.05,t,88,f,,other,-,841108116,otro
16,F,f,f,f,f,f,f,f,f,f,f,f,f,f,f,t,0.15,t,2,t,123,t,1.18,t,105,f,,other,-,841108118,otro
38,F,f,f,f,f,f,f,f,f,f,f,f,f,f,f,t,0.15,t,1,t,77,t,0.8,t,96,f,,other,-,841108119,otro
66,F,f,f,f,f,f,f,f,t,f,f,f,f,f,f,t,2.5,f,,t,89,t,1.03,t,87,f,,other,-,841108121,otro
78,F,f,f,f,f,f,f,f,f,f,f,f,f,f,f,t,0.15,t,0.7,t,74,t,0.74,t,100,f,,other,K,841109001,otro
33,F,f,f,f,f,f,f,f,f,f,f,f,f,f,f,t,0.8,t,1.4,t,102,t,0.96,t,106,f,,other,-,841109002,otro
58,F,f,f,f,f,f,f,f,f,f,f,f,f,f,f,t,0.15,f,,t,72,t,0.85,t,84,f,,other,-,841109003,otro
66,F,f,f,f,f,f,f,f,f,f,f,f,f,f,f,t,0.15,t,1.6,t,100,t,1.06,t,94,f,,SVI,-,841109004,otro
56,M,f,f,f,f,f,f,f,f,f,f,f,f,f,f,t,0.15,f,,t,100,t,1,t,100,f,,other,-,841109006,otro
56,F,f,f,f,f,f,f,f,f,t,f,f,f,f,f,f,,t,2.2,f,,f,,f,,f,,other,-,841109013,otro
56,F,f,f,f,f,f,f,f,f,f,f,f,f,f,f,t,0.15,t,1.4,t,118,t,0.96,t,122,f,,other,-,841109020,otro
74,F,f,f,f,f,f,f,f,f,f,f,f,f,f,f,t,0.15,t,1.7,t,100,t,1,t,100,f,,SVI,-,841109023,otro
31,M,f,f,f,f,f,f,f,f,f,f,t,f,f,f,t,0.15,t,1.7,t,132,t,1.3,t,101,f,,other,-,841109028,otro
70,M,f,f,f,t,f,f,f,f,f,f,f,f,f,f,t,0.15,t,1.2,t,94,t,0.93,t,101,f,,SVI,-,841109055,otro
70,F,f,f,f,f,f,f,f,f,f,f,f,f,f,f,t,3.8,t,1.7,t,79,t,0.92,t,85,f,,SVI,-,841109056,otro
63,M,f,f,f,f,f,f,f,f,f,f,f,f,f,f,t,3,t,1.2,t,87,t,0.9,t,96,f,,SVI,-,841109057,otro
63,F,f,f,f,f,f,f,f,f,f,f,f,f,f,f,t,0.9,t,1.3,t,101,t,0.89,t,114,f,,SVI,-,841109058,otro
72,M,f,f,f,f,f,f,f,f,f,f,f,f,f,f,t,2.7,t,1,t,80,t,1.02,t,78,f,,SVI,K,841109059,otro
1,M,f,f,f,f,f,f,f,f,f,f,f,f,f,f,t,0.8,t,1.5,t,100,t,0.93,t,107,f,,SVI,-,841109060,otro
78,F,f,f,f,f,f,f,f,f,f,f,f,f,f,f,t,0.15,t,2,t,117,t,1.12,t,104,f,,SVI,-,841109061,otro
54,F,f,f,f,f,f,f,f,f,f,f,f,t,f,f,f,,f,,f,,f,,f,,t,30,other,-,841109067,otro
54,F,f,f,f,f,f,f,f,f,f,f,f,t,f,f,f,,f,,f,,f,,f,,t,43,other,S,841109068,otro
17,F,f,f,f,f,f,f,f,f,f,f,f,f,f,f,f,,f,,t,92,t,0.96,t,96,f,,other,-,841109075,otro
75,F,f,f,f,f,f,f,f,f,f,f,f,f,f,f,t,0.15,t,1.7,t,94,t,0.98,t,96,f,,STMW,-,841112001,otro
24,F,f,f,f,f,t,f,f,f,f,f,f,f,f,f,t,0.15,t,2.8,t,159,t,1.39,t,114,f,,STMW,-,841112002,otro
70,F,f,f,f,f,f,f,f,f,f,f,f,f,f,f,t,7.5,t,1.4,t,57,f,,f,,f,,other,F,841112005,hipotiroidismo
54,M,f,f,f,f,f,f,f,f,f,f,f,f,f,f,t,0.15,t,1.7,t,95,t,0.89,t,107,f,,other,-,841112006,otro
37,M,f,f,f,f,f,f,f,f,f,f,f,f,f,t,t,0.15,t,1.6,t,119,t,1.09,t,109,f,,SVHC,-,841112007,otro
38,F,f,f,f,f,f,f,f,f,f,f,f,f,f,t,t,0.15,t,2.5,t,131,t,1.19,t,110,f,,SVHC,-,841112008,otro
83,F,f,f,f,f,f,f,f,f,f,f,f,f,f,f,t,9.4,t,0.6,t,30,t,1.02,t,29,f,,other,FK,841112012,hipotiroidismo
48,M,f,t,f,f,f,f,f,f,f,f,f,f,f,f,f,,f,,t,87,t,1.28,t,68,f,,other,I,841112013,otro
59,M,f,f,t,f,f,f,f,f,f,f,f,f,f,f,t,0.15,t,4.9,t,116,t,0.94,t,123,f,,other,B,841112029,hipertiroidismo
55,F,f,f,f,f,f,f,f,f,f,f,f,f,f,f,t,0.15,t,1.5,t,110,t,0.77,t,144,f,,SVI,-,841112040,otro
72,F,f,f,f,f,f,f,f,f,f,f,t,f,f,f,t,0.15,t,2.6,t,110,t,1.02,t,107,f,,SVI,-,841112042,otro
56,M,f,f,f,f,f,f,f,f,f,f,f,f,f,f,t,0.1,t,1.7,t,71,t,0.84,t,84,f,,SVI,-,841112043,otro
71,F,f,f,f,f,f,f,f,f,f,f,f,f,f,f,t,2.6,t,1,t,87,t,0.89,t,97,f,,SVI,K,841112044,otro
86,F,f,f,f,f,f,f,f,f,f,f,f,f,f,f,t,0.1,t,1,t,65,t,0.95,t,69,f,,SVI,K,841112045,otro
36,F,t,f,f,f,f,f,f,f,f,f,f,f,f,f,t,0.1,t,2.2,t,160,t,1.43,t,111,f,,other,-,841112046,otro
49,F,f,f,f,f,f,f,f,f,f,f,f,f,f,f,t,0.1,t,2,t,99,t,0.89,t,111,f,,other,-,841112051,otro
49,M,f,f,f,f,f,f,f,f,f,f,f,f,f,f,f,,t,2.4,f,,f,,f,,f,,other,-,841112053,otro
80,F,f,f,f,f,f,f,f,f,f,f,f,f,f,f,t,0.4,t,1.5,t,80,t,0.99,t,81,f,,SVI,-,841113002,otro
31,M,f,f,f,f,f,f,f,f,f,f,f,f,f,f,t,14.299999,t,1.9,t,111,t,1.1,t,101,f,,other,G,841113006,hipotiroidismo
26,M,f,f,f,f,f,f,f,f,f,f,f,f,f,f,t,0.6,t,2.2,t,111,t,1.08,t,103,f,,other,-,841113016,otro
43,F,f,f,f,f,f,t,f,f,t,f,f,f,f,f,t,3.7,t,1.2,t,107,t,1.23,t,87,f,,STMW,-,841113019,otro
67,F,t,f,f,f,f,f,f,f,f,f,f,f,f,f,t,0.1,f,,t,120,t,0.9,t,134,f,,other,-,841113030,otro
25,M,f,f,f,f,f,f,f,f,t,f,f,f,f,f,t,0.1,t,3.3,t,164,t,0.95,t,172,f,,other,A,841113033,hipertiroidismo
78,M,f,f,f,f,f,f,f,f,t,f,f,f,f,f,t,0.1,t,1.8,t,107,t,0.86,t,124,f,,other,-,841113034,otro
58,M,f,f,f,f,f,f,f,f,f,f,f,f,f,f,t,0.1,t,2.1,t,111,t,1.03,t,108,f,,other,-,841113035,otro
37,F,f,f,f,f,f,f,f,f,f,f,f,f,f,f,f,,t,2.6,f,,f,,f,,f,,other,-,841113044,otro
37,F,f,f,f,f,f,f,f,f,t,f,f,f,f,f,f,,t,2.3,f,,f,,f,,f,,other,-,841113049,otro
43,F,f,f,f,f,f,f,f,f,t,f,f,f,f,f,t,0.1,t,1.8,t,117,t,1.1,t,107,f,,other,-,841113051,otro
62,M,f,t,f,f,f,f,f,f,f,f,f,f,f,f,t,4.6,f,,t,135,t,1.02,t,132,f,,other,-,841113052,otro
16,M,f,f,f,f,f,f,f,f,f,f,f,f,f,f,t,0.7,t,1.1,t,99,t,0.75,t,133,f,,SVI,K,841113057,otro
77,M,f,f,f,f,f,f,f,f,f,f,f,f,f,f,t,7.3,t,1.2,t,57,t,1.28,t,44,f,,SVI,F,841113058,hipotiroidismo
77,M,f,f,f,f,f,f,f,f,f,f,f,f,f,f,t,0.9,t,1.5,t,86,t,0.98,t,88,f,,SVHC,-,841113059,otro
77,M,f,f,f,f,f,f,f,f,f,f,f,f,f,f,t,0.1,t,1.8,t,98,t,1,t,98,f,,SVI,-,841113060,otro
77,F,f,f,f,f,f,f,f,f,f,f,f,f,f,f,t,0.1,t,0.9,t,105,t,0.9,t,117,f,,SVI,K,841113061,otro
60,F,f,f,f,f,f,f,f,f,f,f,f,f,f,f,t,1.5,t,2.1,t,74,t,1.11,t,67,f,,SVI,-,841113062,otro
53,M,f,f,f,f,f,f,f,f,f,f,f,f,f,f,t,0.6,t,1.9,t,112,t,1.02,t,109,f,,other,-,841113063,otro
53,,f,f,f,f,f,f,f,f,f,f,f,f,f,f,t,0.1,t,1,t,83,t,0.73,t,115,f,,SVI,K,841113064,otro
56,M,f,f,f,f,f,f,f,f,f,f,f,f,f,f,t,0.1,t,1.7,t,80,t,0.96,t,83,f,,SVI,-,841113066,otro
63,M,f,f,f,f,f,f,f,f,f,f,f,f,f,f,t,0.6,t,1.5,t,93,t,0.9,t,104,f,,SVI,-,841113067,otro
37,M,t,f,f,f,f,f,f,f,f,f,f,f,f,f,t,0.1,t,2.1,t,118,t,0.76,t,155,f,,other,-,841113068,otro
63,M,f,t,f,f,f,f,f,f,f,f,f,f,f,f,t,0.1,t,2.1,t,99,t,0.92,t,107,f,,other,-,841113071,otro
63,F,f,f,f,t,f,f,f,f,f,f,f,f,f,f,t,5.5,t,1.7,t,103,t,0.96,t,107,f,,other,-,841114001,otro
45,F,f,f,f,f,f,f,f,f,f,f,f,f,f,f,f,,t,1.7,t,102,t,0.9,t,113,f,,other,-,841114002,otro
45,M,f,f,f,f,f,f,f,f,f,f,f,f,f,f,t,2.1,t,2.1,t,96,t,0.88,t,108,f,,other,-,841114006,otro
83,M,f,f,f,f,f,f,f,f,f,f,f,f,f,f,t,0.1,t,1.3,t,100,t,0.91,t,110,f,,other,-,841114007,otro
82,F,f,f,f,f,f,f,f,f,f,f,f,f,f,f,t,0.1,t,4.3,t,147,t,1.06,t,139,f,,other,B,841114008,hipertiroidismo
86,F,f,f,f,f,f,f,f,f,f,f,f,f,f,f,t,0.1,t,1.5,t,144,t,0.8,t,178,f,,other,R,841114009,otro
86,F,f,f,f,t,f,f,f,t,f,f,f,f,f,f,t,0.6,t,1.3,t,135,t,1.16,t,117,f,,other,-,841114010,otro
87,F,f,f,f,f,f,f,f,f,f,f,f,f,f,f,t,0.1,t,1.1,t,105,t,1.02,t,103,f,,other,K,841114011,otro
44,M,t,f,f,f,f,f,f,f,f,f,f,f,f,f,f,,f,,t,91,t,0.9,t,101,f,,other,-,841114016,otro
34,F,f,f,f,f,f,f,f,f,f,f,f,f,f,f,t,49,t,0.4,t,9,t,1.05,t,9,f,,other,F,841114017,hipotiroidismo
31,F,f,f,f,f,t,f,f,f,f,f,f,f,f,f,t,0.3,t,2.1,t,178,t,1.68,t,106,f,,STMW,-,841114019,otro
17,F,f,f,f,t,f,f,f,f,t,f,f,f,f,f,t,0.3,t,2.8,t,147,t,1.28,t,116,f,,other,-,841114028,otro
40,F,f,f,f,f,f,f,f,f,t,f,f,f,f,f,f,,f,,f,,f,,f,,t,28,other,-,841114059,otro
80,M,f,f,f,f,f,f,f,f,f,f,f,f,f,f,t,0.1,t,1,t,141,t,0.91,t,154,f,,SVI,K,841114068,otro
37,M,f,f,f,f,f,f,f,f,f,f,f,f,f,f,t,0.9,t,1.4,t,118,t,0.91,t,129,f,,SVHC,-,841114069,otro
45,F,f,f,f,f,f,f,f,f,f,f,f,f,f,f,t,0.1,t,1.6,t,125,t,0.95,t,132,f,,SVHC,-,841114070,otro
52,F,f,f,f,f,f,f,f,f,f,f,f,f,f,f,t,4.6,t,1.7,t,84,t,0.67,t,127,f,,SVI,-,841114071,otro
52,F,f,f,f,f,f,f,f,f,f,f,f,f,f,f,t,1.8,t,1.4,t,83,t,0.99,t,84,f,,SVI,-,841114072,otro
53,F,f,f,f,f,f,f,f,f,f,f,f,f,f,f,t,2.8,t,1.4,t,63,t,0.48,t,133,f,,SVI,-,841114073,otro
59,F,f,f,f,f,f,f,f,f,f,f,f,f,f,f,t,3.8,t,1.8,t,91,t,0.83,t,111,f,,SVI,-,841114074,otro
44,F,f,f,f,f,f,f,f,f,f,f,f,f,f,f,t,0.8,t,1.2,t,85,t,0.94,t,91,f,,SVI,-,841114075,otro
37,F,f,f,f,f,f,f,f,f,f,f,f,f,f,f,t,1.1,t,2.2,t,103,t,0.98,t,105,f,,SVI,-,841114077,otro
41,M,f,f,f,f,f,f,f,f,f,f,f,f,f,f,t,0.1,t,6.2,t,207,t,0.89,t,232,f,,other,A,841115003,hipertiroidismo
46,F,t,f,f,f,f,f,f,t,f,f,f,f,f,f,t,0.1,t,2,t,197,t,1.19,t,165,f,,other,N,841115004,otro
39,M,f,f,f,f,f,f,f,f,f,f,f,f,f,f,t,0.1,t,2.5,t,125,t,0.98,t,128,f,,other,-,841115006,otro
27,F,f,f,f,f,f,f,f,f,f,f,f,f,f,f,t,1.5,f,,t,152,t,1.41,t,108,f,,other,-,841115007,otro
50,M,t,f,f,f,f,f,f,f,f,f,f,f,f,f,t,6.2,t,1.8,t,118,t,1.09,t,109,f,,other,M,841115008,otro
31,F,f,f,f,f,f,f,f,f,f,f,f,f,f,f,t,0.3,t,2.2,t,118,t,1.01,t,117,f,,other,-,841115009,otro
68,F,t,f,f,f,f,f,f,f,f,f,f,f,f,f,t,0.1,f,,t,186,t,1.1,t,169,f,,other,L,841115010,otro
51,F,t,f,f,f,f,f,f,t,f,f,f,f,f,f,t,2.5,t,1.9,t,116,t,1.09,t,106,f,,other,-,841115011,otro
51,M,f,f,f,f,f,f,f,f,f,f,f,f,f,f,t,0.1,t,2.7,t,109,t,0.95,t,116,f,,SVI,-,841115013,otro
40,F,t,f,f,f,f,f,f,f,f,f,f,f,f,f,t,0.1,f,,t,167,t,1.04,t,160,f,,other,L,841115014,otro
14,F,f,f,f,f,f,f,f,f,t,f,f,f,f,f,f,,t,3.1,t,102,t,1.06,t,96,f,,other,-,841115015,otro
39,M,f,f,f,f,f,f,f,f,t,f,f,f,f,f,t,0.2,f,,t,82,t,0.79,t,105,f,,other,-,841115016,otro
51,M,f,f,f,f,f,f,t,f,t,f,f,f,f,f,t,0.1,t,1.7,t,90,t,0.7,t,129,f,,other,-,841115018,otro
26,F,f,f,t,f,f,f,f,f,t,f,f,f,f,f,t,5.5,f,,t,124,t,1.02,t,121,f,,other,-,841115019,otro
73,F,t,f,f,f,f,f,t,f,f,f,f,f,f,f,t,0.1,t,2.5,t,156,t,0.95,t,120,f,,other,-,841115020,otro
73,M,f,f,f,f,f,f,f,f,f,f,f,f,f,f,t,2.5,t,1.3,t,108,t,0.73,t,147,f,,SVI,-,841115025,otro
67,F,t,f,f,f,f,f,t,f,f,f,f,f,f,f,t,0.1,f,,t,113,t,1.15,t,98,f,,other,-,841115026,otro
63,F,t,f,f,f,f,f,t,t,f,f,f,f,f,f,t,0.1,t,1.5,t,152,t,1.2,t,127,f,,other,-,841115028,otro
27,F,f,f,t,f,f,f,f,f,t,f,f,f,f,f,t,2.3,t,2.5,t,70,t,1.02,t,68,f,,other,-,841115029,otro
19,F,f,f,f,f,f,f,f,f,f,f,f,f,f,f,t,6,t,1.4,t,106,t,1.13,t,94,f,,other,-,841115033,otro
64,F,t,f,f,f,f,f,f,f,f,f,f,f,f,f,t,0.8,t,1.2,t,129,t,1.03,t,125,f,,other,-,841115034,otro
40,F,t,f,f,f,f,f,f,f,f,f,f,f,f,f,t,0.1,f,,t,194,t,1.04,t,186,f,,other,N,841115035,otro
40,F,f,f,f,f,f,f,f,f,f,f,f,f,f,f,t,2,t,1.7,t,99,t,0.82,t,109,f,,SVI,-,841115036,otro
59,F,f,f,f,f,f,f,f,f,f,f,f,f,f,f,t,0.1,t,1.6,t,117,t,1.04,t,113,f,,SVI,-,841115037,otro
59,F,f,f,f,f,f,f,f,f,f,f,f,f,f,f,t,0.1,t,1.6,t,108,t,1.06,t,101,f,,SVI,-,841115038,otro
36,F,f,f,f,t,f,f,f,f,f,f,f,f,f,f,t,0.6,t,0.9,t,87,t,0.59,t,148,f,,SVI,K,841115042,otro
36,M,f,f,f,f,f,f,f,f,f,f,f,f,f,f,t,2,t,1.2,t,81,t,0.82,t,98,f,,SVI,-,841115043,otro
38,F,f,f,f,f,f,f,f,f,f,f,f,f,f,f,t,0.6,t,1.9,t,95,f,,f,,f,,other,-,841115044,otro
24,M,f,f,f,f,f,f,f,f,t,f,f,f,f,f,t,0.1,t,2.5,t,72,t,0.78,t,92,f,,other,-,841115074,otro
68,F,f,f,f,f,f,f,f,f,f,f,f,f,f,f,f,,f,,f,,f,,f,,t,31,other,S,841115084,otro
34,F,f,f,f,f,f,f,f,f,f,f,f,t,f,f,f,,f,,f,,f,,f,,t,21,other,-,841115085,otro
77,F,t,f,f,f,f,f,f,f,f,f,f,f,f,f,t,5,t,1.9,t,116,t,1.08,t,108,f,,other,-,841115090,otro
77,F,f,f,f,f,f,f,f,t,f,f,f,f,f,f,t,3.4,t,1.4,t,105,t,0.99,t,106,f,,other,-,841115095,otro
59,F,f,f,f,f,f,f,f,f,f,f,f,f,f,f,f,,f,,t,160,t,0.85,t,188,f,,other,A,841115096,hipertiroidismo
61,F,f,f,f,f,f,f,f,f,f,f,f,f,f,f,f,,f,,t,91,t,0.75,t,122,f,,other,-,841115099,otro
39,F,f,f,f,f,f,f,f,f,f,f,f,f,f,f,f,,f,,f,,f,,f,,t,21,other,-,841115108,otro
26,F,f,f,f,f,f,f,f,f,f,f,f,f,f,f,t,0.9,t,2.1,t,139,f,,f,,f,,other,-,841116017,otro
47,F,f,f,f,t,f,f,f,f,f,f,f,f,f,f,t,0.7,t,1.4,t,76,t,0.76,t,99,f,,other,-,841116019,otro
30,F,t,f,f,f,t,f,f,f,f,f,f,f,f,f,t,0.4,t,2.9,t,217,t,1.62,t,133,f,,STMW,I,841116020,otro
50,F,f,t,f,f,f,f,f,f,f,f,f,f,f,f,f,,f,,t,122,t,0.75,t,162,f,,other,-,841116027,otro
60,M,f,f,f,f,f,f,f,f,f,f,f,f,f,t,t,4,t,1.9,t,78,t,0.91,t,86,f,,SVHC,-,841116051,otro
37,M,f,f,f,f,f,f,f,f,f,f,f,f,f,f,t,0.7,t,1.5,t,69,t,0.63,t,110,f,,SVHC,-,841116052,otro
37,F,f,f,f,f,f,f,f,f,f,f,f,f,f,f,t,1.5,t,2.4,t,106,t,0.86,t,123,f,,SVHC,-,841116053,otro
28,M,f,f,f,t,f,f,f,f,f,f,f,f,f,f,t,1.2,t,2.2,t,102,f,,f,,f,,other,-,841116055,otro
64,F,f,f,f,f,f,f,f,f,f,f,f,f,f,f,t,0.9,t,1.8,t,94,t,0.93,t,101,f,,SVI,-,841116056,otro
36,F,f,f,f,f,f,f,f,t,f,f,f,f,f,f,f,,t,1.9,t,161,f,,f,,f,,other,-,841116064,otro
38,M,f,f,f,f,f,f,f,f,f,f,f,f,f,f,t,0.1,t,2.2,t,96,t,0.78,t,124,f,,SVI,-,841119005,otro
38,M,f,f,f,f,f,f,f,f,f,f,f,f,f,f,t,0.6,t,1.9,t,98,t,1.1,t,89,f,,other,-,841119006,otro
22,F,t,f,f,f,f,f,t,f,f,f,f,f,f,f,t,0.1,f,,t,129,t,0.83,t,155,f,,other,-,841119008,otro
51,F,f,f,f,f,f,f,f,f,f,f,f,f,f,f,t,82,t,0.6,t,10,t,0.94,t,10,f,,other,F,841119012,hipotiroidismo
36,F,f,f,f,f,f,f,t,f,f,f,f,f,f,f,t,4.4,f,,t,90,t,1.01,t,89,f,,other,-,841119027,otro
29,F,f,f,f,f,f,f,f,f,f,f,f,f,f,f,f,,f,,t,100,t,1.04,t,97,f,,other,-,841119029,otro
31,F,f,f,f,f,f,f,f,f,f,f,f,f,f,t,t,1.6,t,1.5,t,100,t,0.88,t,113,f,,SVHC,-,841119032,otro
60,M,f,f,f,f,f,f,f,f,f,f,f,f,f,f,t,2.2,t,2.1,t,109,t,1.1,t,99,f,,SVI,-,841119033,otro
80,F,f,f,f,f,f,f,f,f,f,f,f,f,f,f,t,0.4,t,1,t,101,t,1.01,t,100,f,,other,K,841119034,otro
42,F,f,f,f,f,f,f,f,f,f,f,f,f,f,f,t,0.1,t,2.5,t,112,t,1.04,t,108,f,,SVI,-,841119035,otro
42,M,f,f,f,f,f,f,f,f,f,f,f,f,f,f,t,1,t,2,t,113,t,0.9,t,125,f,,other,-,841119036,otro
1,F,f,f,f,f,f,f,f,f,f,f,f,f,f,f,t,0.8,t,1.6,t,110,t,0.77,t,143,f,,SVI,-,841119049,otro
71,F,f,f,f,f,f,t,f,f,f,f,f,f,f,f,t,2.3,t,1.8,t,111,t,1.03,t,108,f,,other,-,841119053,otro
71,F,f,f,f,f,f,f,f,f,f,f,f,f,f,f,t,77,t,0.3,t,18,t,1.06,t,17,f,,other,F,841119054,hipotiroidismo
76,F,f,f,f,f,f,f,f,t,f,f,f,f,f,f,t,34,t,1.7,t,61,t,0.88,t,70,f,,other,G,841120013,hipotiroidismo
20,F,f,f,f,f,f,f,f,t,f,f,f,f,f,f,t,92,f,,t,39,t,1.21,t,32,f,,other,F,841120024,hipotiroidismo
38,F,t,f,f,f,f,f,f,f,f,f,f,f,f,f,t,0.05,f,,t,90,t,0.95,t,95,f,,other,-,841120025,otro
78,F,t,f,f,f,f,f,f,f,f,f,f,f,f,f,t,4,f,,t,84,t,0.89,t,95,f,,other,-,841120026,otro
23,F,f,f,f,f,f,f,f,f,f,f,f,f,f,f,f,,f,,t,64,t,0.86,t,74,f,,other,-,841120042,otro
43,F,f,f,f,f,f,f,f,f,f,f,f,f,f,f,t,0.9,t,2.1,t,94,t,1,t,94,f,,SVI,-,841120045,otro
54,F,f,f,f,f,f,f,f,f,f,f,f,f,f,f,t,5.1,t,1.5,t,66,t,0.72,t,92,f,,other,-,841120046,otro
73,M,f,f,f,f,f,f,f,f,f,f,f,f,f,f,t,0.05,t,1,t,135,t,0.87,t,154,f,,SVI,K,841120047,otro
21,F,f,f,f,f,f,f,f,f,f,f,f,f,f,f,t,0.5,t,1.8,t,104,t,0.97,t,108,f,,other,-,841120049,otro
78,M,f,f,f,f,f,f,f,f,f,f,f,f,f,f,t,2.4,t,1.4,t,65,t,0.87,t,75,f,,SVI,-,841120051,otro
85,F,t,f,f,f,f,f,f,t,f,f,f,f,f,f,t,13,t,0.6,t,113,t,0.86,t,131,f,,SVI,MK,841120052,otro
15,F,f,f,f,f,f,f,f,f,f,f,f,f,f,f,f,,f,,f,,f,,f,,t,23,other,-,841120069,otro
22,F,f,f,f,f,t,f,f,f,f,f,f,f,f,f,t,0.15,t,2,t,87,t,0.9,t,98,f,,STMW,-,841121004,otro
22,,f,f,f,f,f,f,f,f,f,f,f,f,f,f,t,0.1,t,1.6,t,88,t,0.8,t,111,f,,other,-,841121005,otro
55,M,f,t,f,f,f,f,f,f,f,f,f,f,f,f,t,0.05,t,1.5,t,89,t,0.72,t,124,f,,other,-,841121006,otro
33,F,f,f,f,f,f,f,f,f,f,f,f,f,f,f,t,0.05,t,1.7,t,109,t,0.8,t,137,f,,SVHC,-,841121007,otro
33,M,f,f,f,f,f,f,f,f,f,f,f,f,f,f,t,0.3,t,1.6,t,104,f,,f,,f,,other,-,841121011,otro
76,F,f,f,f,f,f,f,f,f,f,f,f,f,f,f,t,1.2,t,1.6,t,111,t,0.97,t,114,f,,other,-,841121017,otro
18,M,t,f,f,f,f,f,f,t,f,f,f,f,f,f,t,2.5,t,2.7,t,131,t,0.89,t,149,f,,other,-,841121022,otro
41,F,f,f,f,f,f,f,f,f,f,f,f,f,f,f,t,0.2,t,1.2,t,86,t,0.75,t,116,f,,other,-,841121028,otro
57,M,f,f,f,f,f,f,f,f,f,f,f,f,f,f,t,0.05,t,3.7,t,244,t,0.95,t,256,f,,SVI,A,841121047,hipertiroidismo
57,M,f,f,f,t,f,f,f,f,f,f,f,f,f,f,t,0.6,t,1.3,t,93,t,0.78,t,118,f,,SVI,-,841121050,otro
89,M,f,f,f,f,f,f,f,f,f,f,f,f,f,f,t,1.3,t,0.9,t,82,t,0.8,t,103,f,,SVI,K,841121051,otro
60,M,f,f,f,f,f,f,f,f,f,f,f,f,f,f,t,1.2,t,1.6,t,103,t,1.07,t,96,f,,SVI,-,841121053,otro
50,M,f,f,f,f,f,f,f,f,f,f,f,f,f,f,t,0.7,t,1.4,t,71,t,0.79,t,91,f,,SVI,-,841121054,otro
78,M,f,f,f,f,f,f,f,f,f,f,f,f,f,f,t,2.2,t,1,t,73,t,0.66,t,109,f,,SVI,K,841121055,otro
38,M,f,f,f,f,f,f,f,f,f,f,f,f,f,f,t,1.6,t,1.8,t,84,t,0.95,t,89,f,,SVHC,-,841121056,otro
50,F,f,f,f,f,f,f,f,f,f,f,f,f,f,t,t,0.2,t,1.4,t,109,t,0.82,t,134,f,,SVHC,-,841121058,otro
76,F,f,f,f,f,f,f,f,f,f,f,f,f,f,t,t,0.3,t,0.9,t,80,t,0.56,t,144,f,,SVHC,K,841121059,otro
79,F,f,f,f,f,f,f,f,f,f,f,f,f,f,t,t,1.3,t,1.6,t,94,t,0.84,t,112,f,,SVHC,-,841121060,otro
37,M,f,f,f,f,f,f,f,f,f,f,f,f,f,f,t,0.3,t,2.1,t,110,t,0.92,t,120,f,,SVHC,-,841121061,otro
37,F,f,f,f,f,f,f,f,f,f,f,f,f,f,f,t,0.05,t,1.4,t,154,t,0.99,t,156,f,,SVI,R,841121062,otro
82,F,f,f,f,f,f,f,f,f,f,f,f,f,f,f,t,0.4,t,0.8,t,102,t,0.73,t,138,f,,SVI,K,841121063,otro
85,F,f,f,f,f,f,f,f,f,f,f,f,f,f,f,t,13,t,0.7,t,106,t,0.87,t,122,f,,SVI,GK,841121067,hipotiroidismo
63,F,f,f,f,f,f,f,f,f,f,f,f,f,f,f,f,,f,,f,,f,,f,,t,28,other,-,841121068,otro
63,F,f,f,f,f,f,f,f,f,f,f,f,f,f,f,t,0.8,t,2.4,t,123,t,0.99,t,124,f,,SVI,-,841121079,otro
64,M,f,f,f,f,f,f,f,f,f,f,f,f,f,f,t,4.7,t,2,t,76,t,1,t,77,f,,SVI,-,841121080,otro
43,F,f,f,f,f,f,f,f,f,f,f,f,f,f,f,t,1.3,t,2.6,t,69,t,0.94,t,73,f,,SVI,-,841121081,otro
43,M,f,f,f,f,f,f,f,f,f,f,f,f,f,f,t,0.3,t,2.1,t,86,t,0.84,t,103,f,,other,-,841121082,otro
69,M,f,f,f,t,f,f,f,f,f,f,f,f,f,f,f,,t,2.3,t,151,t,1.11,t,137,f,,SVI,-,841121083,otro
35,F,f,f,f,f,f,f,f,f,f,f,f,f,f,f,t,1.2,t,2.4,t,95,t,0.78,t,122,f,,STMW,-,841121088,otro
39,F,f,f,f,f,f,f,f,f,t,f,f,f,f,f,f,,t,1.9,f,,f,,f,,f,,other,-,841122007,otro
54,F,f,f,f,f,f,f,f,f,f,f,f,f,f,f,t,0.15,t,2.7,t,122,t,0.69,t,177,f,,other,R,841122013,otro
54,M,f,f,f,f,f,f,f,f,f,f,f,f,f,f,t,1.1,t,2.4,t,70,t,0.96,t,73,f,,other,-,841122016,otro
63,F,t,f,f,f,f,f,f,f,f,f,f,f,f,f,t,0.15,f,,t,156,t,1.01,t,154,f,,other,-,841122018,otro
28,F,t,f,f,f,f,f,f,f,f,f,f,f,f,f,t,0.15,t,1.8,t,83,t,0.95,t,88,f,,other,-,841122022,otro
51,M,t,f,f,f,f,f,f,f,f,f,f,f,f,f,t,0.15,t,1.5,t,72,t,0.68,t,106,f,,other,-,841122033,otro
50,F,t,f,f,f,f,f,f,f,f,f,f,f,f,f,t,34,f,,t,55,t,0.93,t,60,f,,other,F,841122036,hipotiroidismo
24,F,t,f,f,f,f,f,f,f,f,f,f,f,f,f,t,52,t,1.2,t,96,t,0.94,t,102,f,,other,M,841122038,otro
40,F,f,f,f,f,f,f,t,f,f,f,f,f,f,f,t,0.15,t,3.5,t,126,t,0.78,t,162,f,,other,-,841122039,otro
48,F,t,f,f,f,f,f,f,f,f,f,f,f,f,f,t,2.6,f,,t,103,t,1.05,t,99,f,,other,-,841122044,otro
48,F,f,t,f,f,f,f,f,f,f,f,f,f,f,f,t,3.4,t,1.8,t,87,t,0.89,t,98,f,,other,-,841122045,otro
15,F,t,f,f,f,f,f,f,f,f,f,f,t,f,f,t,35,t,2,t,19,t,0.95,t,20,f,,other,F,841122046,hipotiroidismo
64,M,t,f,f,f,f,f,f,t,f,f,f,f,f,f,t,2.7,t,1.2,t,98,t,0.91,t,107,f,,other,-,841122047,otro
37,M,f,f,f,f,f,f,f,f,f,f,f,f,f,f,t,0.15,t,1,t,61,t,0.67,t,90,f,,SVI,K,841122049,otro
37,M,f,f,f,f,f,f,f,f,f,f,f,f,f,f,t,1.6,t,1.4,t,95,t,0.98,t,98,f,,SVI,-,841122050,otro
75,F,f,f,f,f,f,f,f,f,f,f,f,f,f,f,t,3.3,t,2.8,t,169,t,1.36,t,124,f,,SVI,I,841122051,otro
19,F,f,f,f,f,f,f,f,f,f,f,f,f,f,f,t,3.4,t,2.3,t,92,t,0.96,t,96,f,,SVI,-,841122052,otro
47,M,t,f,f,f,f,f,f,f,f,f,f,f,f,f,f,,f,,t,83,t,0.85,t,97,f,,other,-,841122058,otro
70,F,t,f,f,f,f,f,f,f,f,f,f,f,f,f,t,0.15,t,1.3,t,112,t,0.89,t,125,f,,other,-,841122060,otro
56,F,t,f,f,f,f,f,f,f,f,f,f,f,f,f,t,10,f,,t,72,t,1.1,t,66,f,,other,M,841122061,otro
20,M,t,f,f,f,f,f,f,f,f,f,f,f,f,f,f,,f,,t,149,t,0.99,t,150,f,,other,-,841122063,otro
20,M,f,f,f,f,f,f,f,f,f,f,f,f,f,t,t,0.15,t,1.6,t,80,t,0.79,t,101,f,,SVHC,-,841122068,otro
25,M,f,f,f,f,f,f,f,f,f,f,f,f,f,f,t,2,t,1.9,t,98,t,0.81,t,121,f,,SVHC,-,841122069,otro
25,F,f,f,f,f,f,f,f,f,f,f,f,f,f,f,t,0.1,t,2.8,f,,f,,f,,f,,other,-,841122076,otro
21,F,f,f,f,f,f,f,f,f,f,f,f,f,f,f,t,0.6,f,,f,,f,,f,,f,,other,-,841122079,otro
24,F,f,f,f,f,f,f,f,f,f,f,f,f,f,f,f,,f,,f,,f,,f,,t,25,other,-,841122082,otro
70,F,f,f,f,f,f,f,f,f,f,f,f,f,f,f,f,,f,,f,,f,,f,,t,29,other,-,841122083,otro
54,F,f,t,f,f,f,f,f,f,f,f,f,f,f,f,t,0.1,t,2.7,t,134,t,0.9,t,149,f,,other,-,841122084,otro
54,F,f,f,f,f,f,f,f,f,f,f,t,f,f,f,t,0.4,t,1.8,t,83,t,0.91,t,92,f,,other,-,841122085,otro
47,M,f,f,f,f,f,f,f,f,f,f,f,t,f,f,t,0.7,f,,t,101,t,0.76,t,134,f,,other,-,841122088,otro
28,F,t,f,f,f,t,f,f,f,f,f,f,f,f,f,t,2.6,t,4.6,t,170,t,1.55,t,110,f,,other,I,841122090,otro
17,F,f,f,f,f,f,f,f,f,f,f,f,f,f,f,t,1.9,t,2.3,t,102,t,1.12,t,92,f,,other,-,841123002,otro
34,F,f,f,f,f,f,f,f,f,f,f,f,f,f,f,t,30,t,3.3,t,89,t,1.24,t,71,f,,other,GI,841123004,hipotiroidismo
34,F,f,f,f,f,f,f,f,f,f,f,f,f,f,f,t,4,t,0.1,t,31,t,0.93,t,33,f,,SVI,K,841123006,otro
43,M,t,f,f,f,f,f,f,t,f,f,f,f,f,f,t,0.1,f,,t,129,t,0.89,t,145,f,,other,-,841123008,otro
58,M,t,f,f,f,f,f,f,f,f,f,f,f,f,f,t,0.1,t,2.1,t,115,t,0.95,t,121,f,,other,-,841123009,otro
33,F,t,f,f,f,f,f,f,f,f,f,f,f,f,f,t,0.1,t,2.2,t,153,t,0.81,t,188,f,,other,N,841123010,otro
74,F,f,f,f,f,f,f,f,f,t,f,f,f,f,f,f,,t,2.3,f,,f,,f,,f,,other,-,841123015,otro
52,F,f,f,f,f,f,f,f,f,f,f,f,f,f,f,t,27,t,1.6,t,76,t,1.09,t,70,f,,other,G,841123021,hipotiroidismo
15,M,f,f,f,f,f,f,f,f,t,f,f,f,f,f,f,,f,,f,,f,,f,,t,12,other,-,841123035,otro
46,F,f,f,f,f,f,f,f,f,f,f,f,t,f,f,t,0.1,t,2.5,t,145,t,1.36,t,107,f,,other,-,841123048,otro
46,M,f,f,f,f,f,f,f,f,f,f,f,f,f,f,t,1.1,t,1.3,t,89,t,0.78,t,114,f,,SVI,-,841123052,otro
79,F,f,f,f,f,f,f,f,f,f,f,f,f,f,f,t,0.9,t,1.2,t,109,t,0.85,t,128,f,,SVI,-,841123054,otro
67,M,f,f,f,f,f,f,f,f,f,f,f,f,f,f,t,0.7,t,2.1,t,124,t,1.12,t,111,f,,SVI,-,841123055,otro
28,F,f,f,f,f,f,f,f,f,f,f,f,f,f,f,t,0.1,t,3,t,235,t,1.38,t,171,f,,SVHC,A,841123056,hipertiroidismo
28,,f,f,f,f,f,f,f,f,f,f,f,f,f,f,t,0.9,t,2.3,t,89,t,0.89,t,100,f,,SVI,-,841123057,otro
57,M,f,f,f,f,f,f,f,f,f,f,f,f,f,f,t,0.1,t,1.9,t,121,t,0.97,t,126,f,,SVI,-,841123058,otro
67,M,f,f,f,f,f,f,f,f,t,f,f,f,f,f,t,2.4,t,1.6,t,83,t,0.89,t,95,f,,SVI,-,841123059,otro
62,M,f,f,f,f,f,f,f,f,f,f,f,f,f,f,t,1.8,t,2.2,t,75,t,0.95,t,79,f,,SVI,-,841123060,otro
58,M,t,f,f,f,f,f,f,f,f,f,f,f,f,f,t,1.2,f,,t,119,t,0.86,t,139,f,,other,-,841123063,otro
24,F,f,f,f,f,f,f,f,f,t,f,f,f,f,f,t,0.1,t,3,t,131,t,1.23,t,107,f,,other,B,841123065,hipertiroidismo
23,F,f,f,f,f,f,f,f,f,f,f,f,f,f,f,f,,f,,t,116,t,1.07,t,108,f,,other,-,841123066,otro
69,F,f,f,f,f,f,f,f,f,f,f,f,f,f,f,t,0.5,t,1.6,t,150,t,1.25,t,120,f,,SVI,-,841123070,otro
53,F,f,f,f,f,f,f,f,f,f,f,f,f,f,t,t,1.5,t,1.5,t,72,t,1.06,t,69,f,,SVHC,-,841123071,otro
57,F,f,f,f,f,f,f,t,f,f,f,f,f,f,f,t,0.1,t,6.6,t,190,t,0.86,t,222,f,,other,A,841126004,hipertiroidismo
57,M,f,f,f,f,f,f,f,f,f,f,f,f,f,f,t,8.799999,t,1.8,t,86,f,,f,,f,,other,G,841126005,hipotiroidismo
78,M,f,f,f,f,f,f,f,f,f,f,f,f,f,f,t,0.9,t,2.2,t,102,t,1.01,t,100,f,,other,-,841126006,otro
42,M,f,f,f,f,f,f,f,f,f,f,f,f,f,f,t,0.1,t,1.9,t,80,t,0.67,t,119,f,,other,-,841126007,otro
51,M,f,f,f,f,f,f,f,f,f,f,f,f,f,f,t,1.3,t,2,t,72,t,0.65,t,111,f,,SVI,-,841126008,otro
34,F,f,f,f,f,f,f,f,f,t,f,f,f,f,f,t,1.2,t,2,t,83,t,1,t,83,f,,STMW,-,841126011,otro
34,F,f,f,f,f,t,f,f,f,f,f,f,f,f,f,t,0.4,t,3.9,t,164,t,1.71,t,96,f,,STMW,I,841126012,otro
78,F,t,f,f,f,f,f,f,f,f,f,f,f,f,f,t,1.3,t,1.4,t,116,t,0.93,t,124,f,,other,-,841126022,otro
88,F,f,f,f,f,f,f,f,f,f,f,f,f,f,f,t,0.1,t,1.5,t,127,t,0.78,t,162,f,,SVI,R,841126036,otro
88,M,f,f,f,f,f,f,f,f,f,f,f,f,f,f,t,2.2,t,2.4,t,105,t,1.06,t,100,f,,other,-,841126037,otro
55,M,f,f,f,f,f,t,f,f,f,f,f,f,f,f,t,1.05,t,1.8,t,73,t,0.87,t,84,f,,SVI,-,841126038,otro
56,F,t,f,f,f,f,f,f,f,f,f,f,f,f,f,t,0.1,f,,t,144,t,0.95,t,152,f,,other,-,841126043,otro
62,F,t,f,f,f,f,f,f,f,f,f,f,f,f,f,t,0.1,f,,t,120,t,0.92,t,131,f,,other,-,841126044,otro
65,F,f,f,f,f,f,f,f,t,f,f,f,f,f,f,t,0.1,t,2.2,t,94,t,0.89,t,106,f,,other,-,841126050,otro
65,M,f,f,f,f,f,f,f,f,f,f,f,f,f,f,t,0.6,t,2.9,t,102,t,0.91,t,112,f,,SVI,-,841126051,otro
24,M,f,f,f,f,f,f,f,f,f,f,f,f,f,f,t,0.1,t,1.7,t,95,t,0.8,t,119,f,,SVI,-,841126052,otro
84,F,f,f,f,f,f,f,f,f,f,f,f,f,f,t,t,0.6,t,2.3,t,162,t,1.03,t,158,f,,SVI,R,841126053,otro
68,M,f,f,f,f,f,f,f,f,f,f,f,f,f,f,t,1,t,1.5,t,71,t,0.8,t,88,f,,other,-,841127001,otro
51,F,f,f,f,f,f,f,f,f,f,f,f,f,f,f,t,1.3,t,1.4,t,63,t,0.98,t,64,f,,SVHC,-,841127003,otro
73,M,t,f,f,f,f,f,t,f,f,f,f,f,f,f,t,1,t,1.7,t,103,t,0.8,t,128,f,,other,-,841127022,otro
36,F,f,f,f,f,f,f,f,t,f,f,f,f,f,f,t,0.3,t,2.2,t,163,t,1.06,t,153,f,,other,-,841127027,otro
58,F,f,f,f,f,f,f,f,f,t,f,f,t,f,f,t,0.1,t,1.6,t,72,t,0.99,t,73,f,,other,-,841127029,otro
29,F,f,f,f,f,f,f,f,f,t,f,f,f,f,f,f,,t,3.9,t,148,t,1.44,t,103,f,,other,B,841127030,hipertiroidismo
70,F,f,f,f,f,f,f,f,f,f,f,f,f,f,f,t,0.1,f,,f,,f,,f,,f,,other,-,841127035,otro
30,F,f,f,f,f,f,f,f,f,f,f,f,f,f,f,f,,f,,f,,f,,f,,t,39,other,S,841127037,otro
42,F,f,f,f,f,f,f,f,f,f,f,f,f,f,f,t,0.1,t,3.1,f,,f,,f,,f,,other,-,841127042,otro
42,,f,f,f,f,f,f,f,f,f,f,f,f,f,f,t,1.8,t,1.4,t,108,t,0.35,t,308,f,,other,R,841127045,otro
42,,f,f,f,f,f,f,f,f,f,f,f,f,f,f,t,8.099999,t,3.5,t,134,t,0.28,t,482,f,,other,D,841127046,hipertiroidismo
67,F,f,f,f,f,f,f,f,t,f,f,f,f,f,f,t,1.5,t,1.4,t,139,t,1.06,t,131,f,,SVI,-,841127048,otro
67,F,f,f,f,f,f,f,f,f,f,f,f,f,f,f,t,0.1,t,1.3,t,108,t,0.93,t,116,f,,SVI,-,841127053,otro
67,,f,f,f,f,f,f,f,f,f,f,f,f,f,f,t,0.9,t,2.3,t,121,t,1.07,t,113,f,,SVI,-,841127054,otro
63,M,f,f,f,f,f,f,f,f,f,f,f,f,f,f,t,1.3,t,0.6,t,75,t,0.84,t,89,f,,SVI,K,841127055,otro
45,M,f,f,f,f,f,f,f,f,f,f,f,f,f,f,t,1.3,t,1.8,t,62,t,0.71,t,88,f,,SVHC,-,841127057,otro
81,M,f,f,f,f,f,f,f,f,f,f,f,f,f,f,t,1.9,t,1.5,t,79,t,0.93,t,85,f,,other,-,841127060,otro
65,F,f,f,f,f,f,f,f,f,f,f,f,f,f,f,t,8.099999,t,1.5,t,108,t,1.03,t,105,f,,other,G,841127061,hipotiroidismo
62,F,f,f,f,f,f,f,f,f,f,f,f,f,f,t,t,1.9,t,1.5,t,123,t,1.21,t,102,f,,SVHC,-,841127062,otro
62,F,f,f,f,f,f,f,f,f,f,f,f,f,f,f,t,1.3,t,1.3,t,99,f,,f,,f,,other,-,841127063,otro
60,F,t,f,f,t,f,f,f,t,f,f,f,f,f,f,t,0.1,t,2.6,t,206,t,1.12,t,184,f,,other,N,841127069,otro
39,M,f,f,f,f,f,f,f,f,f,f,f,f,f,f,t,1.1,t,2,t,81,t,0.81,t,101,f,,other,-,841128002,otro
73,F,f,f,f,f,f,f,f,f,f,f,f,f,f,f,t,13,t,0.9,t,114,t,1.07,t,106,f,,other,GK,841128015,hipotiroidismo
19,F,f,f,f,f,f,f,f,f,f,f,f,f,f,f,t,8,t,1.6,t,110,t,0.91,t,121,f,,SVI,G,841128018,hipotiroidismo
54,M,f,f,f,f,f,f,f,t,f,f,f,f,f,f,t,0.6,f,,t,107,t,1.01,t,106,f,,other,-,841128019,otro
22,M,f,f,f,f,f,f,f,f,f,f,f,f,f,t,t,1.3,t,2.6,t,95,t,0.96,t,99,f,,other,-,841128022,otro
77,F,f,f,f,f,f,f,f,f,f,f,f,f,f,f,t,2,t,2.4,t,95,t,1.01,t,94,f,,SVI,-,841128038,otro
82,M,f,f,f,f,f,f,f,f,f,f,f,f,f,f,t,3.1,t,2,t,134,t,1,t,135,f,,SVI,-,841128039,otro
57,M,f,f,f,f,f,f,f,f,f,f,f,f,f,f,t,1.5,t,1.9,t,92,t,0.92,t,100,f,,SVI,-,841128042,otro
17,F,f,f,f,f,f,f,f,f,f,f,f,f,f,f,f,,t,2,t,105,t,1.12,t,94,f,,other,-,841128047,otro
57,F,t,f,f,f,f,f,f,f,f,f,f,f,f,f,t,0.25,t,3.2,t,168,t,1.05,t,160,f,,other,N,841128061,otro
16,F,f,f,f,f,f,f,f,f,f,f,f,f,f,f,t,1.3,t,1.8,t,72,t,0.9,t,80,f,,SVI,-,841128062,otro
40,F,f,f,f,f,f,f,t,f,t,f,f,f,f,f,f,,f,,f,,f,,f,,t,33,other,S,841129020,otro
40,F,f,f,f,f,f,f,f,f,f,f,f,f,f,f,t,0.25,t,1.6,t,103,t,0.9,t,115,f,,other,-,841129025,otro
33,M,f,f,f,f,f,f,f,f,f,f,f,f,f,f,t,0.3,t,1.9,t,97,t,0.9,t,108,f,,SVHC,-,841129026,otro
77,M,f,f,f,f,f,f,f,f,f,f,f,f,f,f,t,4.6,t,2.1,t,108,t,1.03,t,105,f,,other,-,841129028,otro
77,F,f,f,f,f,f,f,f,f,f,f,f,f,f,f,t,13.299999,t,2.5,t,68,t,1.03,t,66,f,,other,G,841129029,hipotiroidismo
77,F,f,f,f,f,f,f,f,f,f,f,f,f,f,f,t,2.1,t,2.6,t,91,t,1.02,t,87,f,,SVI,-,841129030,otro
36,F,t,f,f,f,f,f,f,f,f,f,f,f,f,f,t,0.25,t,1.7,t,105,t,0.77,t,136,f,,other,-,841129033,otro
40,F,f,f,f,f,t,f,f,f,f,f,f,f,f,f,t,0.3,t,3.1,t,141,t,1.43,t,99,f,,STMW,I,841129036,otro
32,F,f,f,f,f,t,f,f,f,f,f,f,f,f,f,t,0.25,t,3.6,t,153,t,1.69,t,91,f,,STMW,I,841129037,otro
49,F,t,f,f,f,f,f,f,t,f,f,f,f,f,f,t,0.8,t,2.1,t,144,t,0.98,t,147,f,,STMW,-,841129038,otro
24,F,f,f,f,f,f,f,f,f,f,f,f,f,f,f,f,,f,,t,125,t,1.14,t,110,f,,STMW,-,841129039,otro
25,M,f,f,f,f,f,f,f,f,f,f,f,f,f,f,t,0.25,t,2.8,t,109,t,0.99,t,111,f,,other,-,841129042,otro
20,M,f,f,f,f,f,f,f,f,f,f,f,f,f,f,t,0.3,t,1.5,t,81,f,,f,,f,,other,-,841129048,otro
66,F,t,f,f,f,f,f,f,f,f,f,f,f,f,f,t,0.25,t,1.6,t,153,t,0.86,t,176,f,,other,N,841129056,otro
63,F,t,f,f,f,f,f,f,f,f,f,f,f,f,f,t,0.3,t,2,t,146,t,0.89,t,163,f,,other,L,841129057,otro
24,F,f,f,f,f,f,f,f,f,f,f,f,f,f,f,t,0.25,t,1.8,t,73,t,0.89,t,82,f,,other,-,841129059,otro
27,M,f,f,f,f,f,f,f,f,f,f,f,f,f,f,f,,t,2.2,t,105,t,0.98,t,107,f,,other,-,841129060,otro
58,F,f,f,t,f,f,f,f,f,f,f,f,f,f,f,t,5.1,t,1.5,t,63,t,1.2,t,53,f,,other,-,841129066,otro
74,F,t,f,f,f,f,f,f,f,f,f,f,f,f,f,t,0.25,t,1.6,t,111,t,0.96,t,116,f,,other,-,841129068,otro
37,F,f,f,f,f,f,t,f,f,f,f,f,f,f,f,t,0.25,t,1.8,t,86,t,1.05,t,82,f,,other,-,841129069,otro
70,F,f,f,f,f,f,f,f,t,f,f,f,f,f,f,t,14,t,1.6,t,68,f,,t,78,f,,other,G,841129070,hipotiroidismo
75,F,t,f,f,f,f,f,f,f,f,f,f,f,f,f,t,0.25,f,,t,191,t,1.3,t,147,f,,other,-,841129072,otro
52,F,t,f,f,f,f,f,f,f,f,f,f,f,f,f,t,1.8,f,,t,113,t,1.01,t,112,f,,other,-,841129078,otro
56,F,t,f,f,f,f,f,f,f,f,f,f,f,f,f,t,0.3,f,,t,155,t,1.09,t,143,f,,other,-,841129080,otro
50,M,f,f,f,f,f,f,f,f,f,f,f,f,f,f,t,0.9,t,1.2,t,98,t,1.03,t,95,f,,SVI,-,841129084,otro
60,F,f,f,f,f,f,f,f,f,t,f,f,f,f,f,t,0.3,t,2.4,t,140,t,1.02,t,138,f,,SVI,-,841129086,otro
60,F,f,f,f,f,f,f,f,t,f,f,f,f,f,f,t,0.3,t,1,t,80,t,0.85,t,94,f,,SVI,K,841129087,otro
53,F,t,t,f,f,f,f,f,f,f,f,f,f,f,f,t,0.3,t,1.8,t,83,t,1.09,t,76,f,,other,-,841129092,otro
70,F,f,f,f,t,f,f,f,f,f,f,f,f,f,f,t,3.1,t,2.1,t,69,t,1.14,t,61,f,,SVHC,-,841129094,otro
35,F,f,f,f,f,f,f,f,f,t,f,f,f,f,f,t,0.3,t,2.8,t,107,t,1.09,t,99,f,,other,-,841129095,otro
65,F,f,f,f,f,f,f,f,f,f,f,f,f,f,t,t,1.1,t,1.5,t,85,t,0.96,t,88,f,,SVHC,-,841129096,otro
65,F,f,f,f,f,f,f,f,f,f,f,f,f,f,f,t,0.3,t,1.6,t,87,t,0.93,t,94,f,,other,-,841129097,otro
62,M,f,f,f,f,f,f,f,f,f,f,f,f,f,f,t,0.3,t,1.7,t,120,t,1.07,t,112,f,,SVI,-,841129098,otro
62,M,f,f,f,f,f,f,f,f,f,f,f,f,f,f,t,0.3,t,1.1,t,70,t,0.72,t,96,f,,other,-,841129099,otro
62,F,f,f,f,f,f,f,f,f,f,f,f,f,f,f,t,2.2,t,1.4,t,106,t,1.16,t,91,f,,other,-,841129101,otro
68,F,t,f,f,f,f,f,f,f,f,f,f,f,f,f,t,0.3,t,1.6,t,99,t,0.94,t,104,f,,other,-,841129102,otro
68,F,t,f,f,f,f,f,f,f,f,f,f,f,f,f,t,0.3,f,,t,218,t,0.99,t,220,f,,other,N,841129103,otro
40,F,t,f,f,f,f,f,f,f,f,f,f,f,f,f,t,0.3,f,,t,107,t,0.85,t,125,f,,other,-,841129104,otro
40,M,f,f,f,f,f,f,t,t,f,f,f,f,f,f,t,0.3,t,1.5,t,117,t,0.83,t,141,f,,other,-,841129117,otro
40,M,f,t,f,f,f,f,f,f,f,f,f,f,f,f,f,,f,,t,86,t,0.92,t,94,f,,other,-,841129118,otro
38,F,t,f,f,f,f,f,f,f,f,f,f,f,f,f,t,0.3,t,1.8,t,140,t,1.08,t,129,f,,other,-,841129120,otro
41,F,f,f,f,f,f,f,f,t,f,f,f,t,f,f,t,0.3,t,2,t,149,t,1,t,149,f,,other,-,841129121,otro
69,F,t,f,f,f,f,f,f,f,f,f,f,f,f,f,t,0.8,t,1.2,t,60,t,1.11,t,54,f,,other,-,841129123,otro
69,F,f,f,f,f,f,f,f,f,t,f,f,f,f,f,t,0.3,t,1.8,t,121,t,1,t,121,f,,other,-,841129124,otro
78,F,f,f,f,f,f,f,f,f,f,f,f,f,f,f,t,28,t,0.2,t,17,t,1.01,t,16,f,,SVI,F,841130023,hipotiroidismo
29,F,f,f,f,f,f,f,f,f,f,f,f,f,f,f,f,,t,1.7,f,,f,,f,,f,,other,-,841130030,otro
89,M,f,f,f,f,f,f,f,f,f,f,f,f,f,f,t,0.8,t,0.8,t,111,t,0.68,t,165,f,,SVI,-,841130048,otro
6,F,f,f,f,f,f,f,f,f,f,f,f,f,f,f,t,3.2,t,1.9,t,78,t,0.86,t,91,f,,SVI,-,841130049,otro
22,F,f,f,f,f,f,f,f,f,f,f,f,f,f,f,t,0.3,t,1.8,t,92,f,,f,,f,,other,-,841130053,otro
77,F,t,f,f,f,f,f,f,f,f,f,f,f,f,f,t,0.05,f,,t,163,t,0.81,t,202,f,,other,N,841130061,otro
36,F,f,f,f,f,f,f,f,f,f,f,f,f,f,f,t,0.3,f,,t,118,t,1.03,t,114,f,,other,-,841130062,otro
56,F,f,f,f,f,f,f,f,f,f,f,f,t,f,f,t,0.3,f,,t,108,t,1.33,t,82,f,,other,I,841130063,otro
63,F,f,f,f,t,f,f,f,f,f,f,f,f,f,f,t,4.7,t,0.4,t,38,t,0.64,t,60,f,,SVI,-,841130065,otro
70,F,f,f,f,f,f,f,f,t,f,f,f,f,f,f,t,0.3,t,2,t,108,t,1.05,t,103,f,,SVI,-,841130066,otro
70,F,f,f,f,f,f,f,f,f,f,f,f,f,f,f,t,0.3,t,1.8,t,130,t,1.11,t,117,f,,SVHC,-,841130067,otro
55,F,f,f,f,f,f,f,f,f,f,f,f,f,f,f,t,1.6,f,,t,112,t,0.84,t,134,f,,other,-,841130069,otro
55,F,f,f,f,f,f,f,f,f,f,f,f,f,f,f,t,1.4,t,1.7,t,90,t,1.01,t,89,f,,other,-,841203001,otro
78,F,f,f,f,f,f,f,f,f,f,f,f,f,f,f,t,0.9,t,2.1,t,102,t,1,t,101,f,,other,-,841203002,otro
64,F,f,f,f,f,f,f,f,f,f,f,f,f,f,f,t,0.3,t,1.7,t,67,t,0.69,t,97,f,,SVI,-,841203003,otro
57,M,f,f,f,f,f,f,f,f,t,f,f,f,f,f,t,0.3,t,1.9,t,129,t,0.85,t,151,f,,SVI,-,841203004,otro
48,F,f,f,f,f,f,f,f,f,f,f,f,f,f,f,t,125,t,0.2,t,11,t,1.06,t,11,f,,other,F,841203005,hipotiroidismo
29,F,f,f,f,f,t,f,f,f,f,f,f,f,f,f,t,0.3,t,4.3,t,209,t,1.64,t,128,f,,STMW,I,841203012,otro
28,F,f,f,f,t,f,f,f,f,f,f,f,f,f,f,t,3,f,,t,82,t,0.88,t,93,f,,other,-,841203014,otro
61,F,t,f,f,f,f,f,f,f,f,f,f,f,f,f,t,0.3,f,,t,148,t,1.07,t,138,f,,other,-,841203024,otro
80,F,f,f,f,f,f,f,f,t,f,f,f,f,f,f,t,0.3,t,2.6,t,163,t,0.91,t,180,f,,other,AK,841203030,hipertiroidismo
26,F,f,f,f,f,f,f,f,f,f,f,f,f,f,f,t,1.5,t,1.5,t,119,t,0.94,t,126,f,,SVI,-,841203040,otro
35,F,f,f,f,f,f,f,f,f,f,f,f,f,f,f,t,0.3,t,2,t,125,t,0.94,t,133,f,,SVHC,-,841203043,otro
27,M,f,f,f,f,f,f,f,f,f,f,f,f,f,t,t,0.3,t,2.1,t,148,t,1.08,t,137,f,,SVHC,-,841203044,otro
27,M,f,f,f,f,f,f,f,f,f,f,f,f,f,f,t,0.3,t,2,t,108,t,1.01,t,107,f,,SVI,-,841203045,otro
57,M,f,f,f,t,f,f,f,f,f,f,f,f,f,f,t,0.3,t,1.9,t,145,t,0.81,t,180,f,,SVI,R,841203047,otro
72,F,f,f,f,f,f,f,f,f,f,f,f,f,f,f,t,0.15,t,1.5,t,66,t,0.97,t,69,f,,other,-,841203057,otro
72,M,f,f,f,f,f,f,f,f,f,f,f,f,f,f,t,0.15,t,2.1,t,122,f,,f,,f,,other,-,841203059,otro
69,F,f,f,f,f,f,f,f,f,f,f,f,f,f,f,t,0.15,t,2.7,t,101,t,1.06,t,96,f,,other,-,841203060,otro
27,F,f,f,f,f,f,f,f,f,f,f,f,f,f,f,t,5.1,t,2.3,t,121,t,1.21,t,101,f,,other,-,841203061,otro
76,M,f,f,f,f,f,f,f,f,f,f,f,f,f,f,t,0.15,t,1.5,t,125,t,0.75,t,165,f,,SVHC,R,841203064,otro
37,F,f,f,f,f,f,f,f,f,f,f,f,f,f,f,t,1.4,t,1.7,t,91,t,0.98,t,93,f,,other,-,841203065,otro
85,F,f,f,f,f,f,f,f,f,f,f,f,f,f,t,t,0.15,t,1.4,t,114,t,0.76,t,149,f,,SVHC,-,841204002,otro
26,F,f,f,f,f,f,f,f,f,f,f,f,f,f,f,t,2.2,f,,t,124,t,1.27,t,98,f,,other,I,841204009,otro
66,F,f,f,f,f,f,f,t,f,f,f,f,f,f,f,t,0.15,t,1.7,t,66,t,1.12,t,59,f,,other,-,841204023,otro
58,F,t,f,f,f,f,f,f,f,f,f,f,f,f,f,t,16,f,,t,67,t,0.82,t,82,f,,other,M,841204024,otro
54,M,f,f,f,f,f,f,f,f,f,f,f,f,f,f,t,0.15,t,2.3,t,88,t,0.97,t,91,f,,SVI,-,841204038,otro
61,M,f,f,f,f,f,f,f,f,f,f,f,f,f,f,t,0.15,t,2.2,t,121,t,1.16,t,105,f,,SVI,-,841204039,otro
71,M,f,f,f,f,f,f,f,f,f,f,f,f,f,f,t,0.8,t,2,t,70,t,0.95,t,74,f,,SVI,-,841204040,otro
67,F,f,f,f,f,f,f,f,f,f,f,f,f,f,f,t,1.4,t,0.8,t,89,t,0.93,t,96,f,,SVI,K,841204042,otro
67,M,f,f,f,f,f,f,f,f,f,f,f,f,f,f,t,18,t,1.7,t,72,t,0.82,t,88,f,,SVI,G,841204043,hipotiroidismo
22,F,f,f,f,f,f,f,f,f,f,f,f,f,f,f,t,0.9,t,2.6,t,172,t,1.34,t,129,f,,other,I,841204045,otro
71,F,f,f,f,f,f,f,f,f,f,f,f,f,f,f,t,0.2,t,2.2,t,119,t,0.98,t,121,f,,SVI,-,841204047,otro
79,F,f,f,f,f,f,f,f,f,f,f,f,f,f,f,t,15,t,1.3,t,50,t,0.91,t,55,f,,SVI,F,841204049,hipotiroidismo
59,F,f,f,f,f,f,f,f,f,t,f,f,f,f,f,t,0.9,t,2.6,t,118,t,1.13,t,105,f,,other,-,841204061,otro
59,F,f,f,f,f,f,f,f,t,f,f,f,f,f,f,t,0.9,f,,t,74,t,0.85,t,88,f,,other,-,841204062,otro
40,F,f,f,f,f,f,f,f,f,f,f,f,f,f,f,f,,f,,f,,f,,f,,t,20,other,-,841204072,otro
39,F,f,f,f,f,f,f,f,f,t,f,f,f,f,f,t,1.01,t,1.7,t,84,t,0.85,t,99,f,,other,-,841205006,otro
33,F,t,f,f,f,f,f,f,f,f,f,f,f,f,f,t,1.9,f,,t,88,t,0.8,t,110,f,,STMW,-,841205007,otro
62,M,t,f,f,f,f,f,f,t,f,f,f,f,f,f,t,39,t,1.3,t,45,t,0.82,t,55,f,,other,F,841205014,hipotiroidismo
53,M,f,f,f,f,f,f,f,f,f,f,f,f,f,f,t,1.4,t,1.9,t,77,t,0.76,t,100,f,,SVI,-,841205016,otro
53,F,f,f,f,f,f,f,f,f,f,f,f,f,f,f,t,1.3,t,2.1,t,178,t,1,t,178,f,,SVI,R,841205019,otro
45,F,f,t,f,f,f,f,f,t,f,f,f,f,f,f,t,0.9,t,1.8,t,126,t,0.92,t,136,f,,SVI,-,841205020,otro
13,M,f,f,f,f,f,f,f,f,f,f,f,f,f,f,f,,f,,t,108,t,1.01,t,107,t,25,other,-,841205022,otro
39,F,f,f,f,f,f,f,f,f,t,f,f,f,f,f,f,,f,,f,,f,,f,,t,29,other,-,841205026,otro
39,M,f,f,f,f,f,f,f,f,f,f,f,f,f,f,t,8.799999,t,1.8,t,67,t,0.9,t,75,f,,other,G,841205028,hipotiroidismo
54,M,t,f,f,f,f,f,f,f,f,f,f,f,f,f,t,0.15,f,,t,91,t,0.67,t,147,f,,other,-,841205036,otro
61,F,f,f,f,f,f,f,f,f,f,f,f,f,f,f,t,0.15,t,1.1,t,94,t,0.91,t,103,f,,SVI,K,841205040,otro
23,F,f,f,f,f,f,f,f,f,f,f,f,f,f,f,t,1.8,t,2.4,t,124,t,1.16,t,107,f,,SVHC,-,841205041,otro
61,M,f,f,f,f,f,f,f,f,f,f,f,f,f,f,t,0.5,t,1.3,t,93,t,0.84,t,111,f,,SVI,-,841205042,otro
61,F,f,f,f,f,f,f,f,f,f,f,f,f,f,f,t,288,t,0.7,t,14,t,1.13,t,12,f,,other,F,841206001,hipotiroidismo
50,F,f,f,f,f,f,f,f,f,f,f,f,f,f,f,t,1.7,t,2.3,t,82,t,0.95,t,86,f,,SVI,-,841206002,otro
41,F,f,f,f,f,f,f,f,f,f,f,f,f,f,f,t,2.8,t,1.9,t,78,f,,f,,f,,other,-,841206003,otro
46,F,t,f,f,f,f,f,f,f,f,f,f,f,f,f,t,0.15,t,1.8,t,144,t,0.92,t,156,f,,other,L,841206012,otro
33,F,f,f,f,f,f,f,f,f,f,f,f,f,f,f,t,0.6,t,1.7,t,115,t,0.95,t,122,f,,other,-,841206015,otro
32,F,f,f,f,f,f,f,f,t,t,f,f,f,f,f,t,1.3,t,1.9,t,84,t,0.85,t,98,f,,other,-,841206017,otro
56,F,t,f,f,f,f,f,f,f,f,f,f,f,f,f,t,0.1,t,2.2,t,125,t,0.89,t,140,f,,other,-,841206019,otro
56,,f,f,f,f,f,f,f,f,f,f,f,f,f,f,t,7.5,t,1.2,t,37,t,1.06,t,35,f,,other,F,841206037,hipotiroidismo
56,,f,f,f,f,f,f,f,f,f,f,f,f,f,f,t,14,t,4.7,t,117,t,0.96,t,122,f,,other,-,841206038,otro
23,F,t,f,f,f,f,f,f,t,f,f,f,f,f,f,f,,f,,t,171,t,1.29,t,133,f,,WEST,-,841206041,otro
59,F,f,f,f,f,f,f,f,f,t,f,f,f,f,f,f,,f,,t,139,t,0.98,t,141,f,,other,-,841206042,otro
59,,f,f,f,f,f,f,f,f,f,f,f,f,f,f,t,24,t,8.9,t,218,t,0.83,t,264,f,,other,D,841206045,hipertiroidismo
52,M,f,t,f,f,f,f,f,f,f,f,f,f,f,f,f,,f,,t,123,t,0.81,t,152,f,,other,-,841206047,otro
58,M,t,f,f,f,f,f,f,f,f,f,f,f,f,f,t,2.3,t,2.3,t,98,t,0.91,t,108,f,,other,-,841206048,otro
38,F,t,f,f,f,f,f,f,f,f,f,f,f,f,f,t,1,t,2,t,139,t,0.94,t,149,f,,other,-,841206049,otro
20,F,f,f,f,f,f,f,f,f,f,f,f,f,f,f,t,0.5,t,1.8,t,68,t,0.99,t,68,f,,other,-,841206052,otro
25,F,f,f,f,f,f,f,f,f,f,f,f,f,f,f,f,,t,2.6,t,143,t,1.24,t,115,f,,other,-,841206059,otro
49,F,f,f,f,f,f,f,f,f,f,f,f,f,f,f,t,0.6,t,1.9,t,77,f,,f,,f,,other,-,841206060,otro
53,F,f,f,f,t,f,f,f,f,f,f,f,f,f,f,t,2,t,1.6,t,103,t,0.89,t,116,f,,SVI,-,841206071,otro
80,F,f,f,f,f,f,f,f,f,f,f,f,f,f,f,t,2.3,t,2.5,t,106,f,,f,,f,,other,-,841206073,otro
84,F,f,f,f,f,f,f,f,f,f,f,f,f,f,f,t,4.1,t,1.8,t,100,t,0.99,t,101,f,,SVI,-,841206074,otro
79,F,f,f,f,f,f,f,f,f,f,f,f,f,f,f,t,0.4,t,1.5,t,96,t,0.69,t,142,f,,SVI,-,841206075,otro
79,F,f,f,f,f,f,f,f,f,f,f,f,f,f,f,t,2.1,t,2.2,t,122,t,1.13,t,108,f,,SVI,-,841206076,otro
67,M,t,f,f,f,f,f,f,f,f,f,f,f,f,f,t,3,t,0.9,t,63,t,0.68,t,92,f,,SVI,K,841206077,otro
35,F,t,f,f,f,f,f,f,f,f,f,f,f,f,f,t,0.4,f,,t,136,t,0.99,t,137,f,,other,-,841206079,otro
57,F,f,f,f,f,f,f,t,f,f,f,f,f,f,f,t,1.9,t,2.3,t,111,t,1.18,t,94,f,,other,-,841206082,otro
68,F,f,f,f,f,f,f,f,f,t,f,f,f,f,f,f,,t,2,f,,f,,f,,f,,other,-,841206086,otro
58,M,f,f,f,t,f,f,f,f,f,f,f,f,f,f,t,1.8,f,,f,,f,,f,,f,,other,-,841206088,otro
64,F,f,f,f,f,f,f,f,f,f,f,f,f,f,f,t,0.4,t,1.7,t,137,t,1,t,137,f,,other,-,841206089,otro
69,F,f,f,f,f,f,f,f,t,f,f,f,f,f,f,t,2.2,f,,t,80,t,1.06,t,76,f,,other,-,841206090,otro
64,F,t,f,f,f,f,f,f,f,f,f,f,f,f,f,f,,f,,t,141,t,1.15,t,124,f,,other,-,841206091,otro
24,F,f,f,f,f,f,f,f,f,f,f,f,t,f,f,f,,f,,f,,f,,f,,t,108,other,S,841206096,otro
75,F,f,f,f,f,f,f,f,f,f,f,f,t,f,f,f,,f,,f,,f,,f,,t,28,other,-,841206097,otro
41,F,f,f,f,f,f,f,f,f,f,f,f,f,f,f,f,,f,,t,99,t,1.12,t,89,f,,other,-,841206109,otro
65,F,f,f,f,f,f,f,f,f,f,f,f,f,f,f,t,0.5,t,2.2,t,112,t,1.05,t,107,f,,SVI,-,841207010,otro
65,F,f,f,f,f,f,f,f,f,f,f,f,f,f,f,t,0.4,t,1.6,t,108,t,0.93,t,117,f,,other,-,841207011,otro
56,F,t,f,f,f,f,f,f,f,f,f,f,f,f,f,t,0.4,t,1.8,t,139,t,0.97,t,143,f,,other,-,841207014,otro
76,F,f,f,f,f,f,f,f,t,f,f,f,f,f,f,t,1.4,t,4.2,t,112,t,0.99,t,113,f,,other,-,841207015,otro
75,F,f,f,f,f,f,f,f,f,f,f,f,f,f,t,t,1.7,t,1.8,t,106,t,0.93,t,114,f,,SVHC,-,841207016,otro
64,,f,f,f,t,f,f,f,f,f,f,f,f,f,f,t,1.5,t,2.2,t,93,t,0.85,t,110,f,,SVI,-,841207018,otro
64,M,f,f,f,f,f,f,f,t,f,f,f,f,f,f,t,0.4,f,,t,89,t,0.89,t,99,f,,other,-,841207019,otro
84,F,f,f,f,f,f,f,f,f,f,f,f,f,f,f,t,0.4,t,0.9,t,90,t,0.88,t,102,f,,SVI,K,841207020,otro
52,F,t,f,f,f,f,f,f,f,f,f,f,f,f,f,t,0.4,t,2,t,149,t,1.13,t,132,f,,other,-,841207029,otro
57,F,f,f,f,f,f,f,f,f,f,f,f,f,f,f,t,0.4,t,2.4,t,102,t,0.83,t,123,f,,SVHC,-,841207030,otro
57,F,f,f,f,f,f,f,f,f,t,f,f,f,f,f,f,,t,2.8,f,,f,,f,,f,,other,-,841207039,otro
57,,f,f,f,f,f,f,f,f,f,f,f,f,f,f,t,1.5,t,1.7,t,75,t,0.84,t,89,f,,other,-,841207049,otro
62,M,f,f,f,f,f,f,f,f,f,f,f,f,f,f,t,3.2,t,1.7,t,85,t,0.87,t,98,f,,SVHC,-,841207050,otro
57,M,f,f,f,f,f,f,f,f,t,f,f,f,f,f,f,,f,,t,134,t,1.03,t,130,f,,SVI,-,841207051,otro
32,M,f,f,f,f,f,f,f,f,f,f,f,f,f,t,t,2.1,t,2,t,111,t,0.94,t,118,f,,SVHC,-,841207052,otro
32,F,f,f,f,f,f,f,f,f,f,f,f,f,f,f,t,2.7,t,2.6,t,113,t,1.03,t,110,f,,SVI,-,841207054,otro
16,M,f,f,f,f,f,f,f,f,f,f,f,f,f,f,t,0.4,t,1.7,t,81,t,0.86,t,94,f,,SVI,-,841207055,otro
53,F,f,f,f,f,f,f,f,f,f,f,f,f,f,f,t,0.4,t,1.7,t,77,t,0.8,t,97,f,,SVI,-,841207056,otro
71,F,f,f,f,f,f,f,f,f,f,f,f,f,f,f,t,0.4,t,1.4,t,90,t,0.68,t,132,f,,SVI,-,841207057,otro
38,F,f,f,f,f,f,f,f,f,f,f,f,f,f,f,t,0.4,t,1.9,t,99,t,0.9,t,111,f,,SVI,-,841207058,otro
38,F,f,f,f,f,f,f,f,f,f,f,f,f,f,f,t,0.4,t,1.8,t,88,t,0.75,t,117,f,,SVI,-,841207059,otro
47,F,f,f,f,f,f,f,f,f,f,f,f,f,f,f,t,0.4,t,1.7,t,105,t,0.99,t,105,f,,SVI,-,841207060,otro
34,F,t,f,f,f,t,f,f,f,f,f,f,t,f,f,t,0.4,t,2.5,t,128,t,1.05,t,122,f,,STMW,-,841207062,otro
52,M,f,f,f,f,f,f,f,t,f,f,f,f,f,f,t,0.4,t,1.7,t,107,t,0.76,t,140,f,,other,-,841207068,otro
65,F,f,f,f,f,f,f,f,f,f,f,f,f,f,f,f,,f,,f,,f,,f,,t,30,other,-,841207078,otro
52,F,f,t,f,f,f,f,f,f,f,f,f,f,f,f,t,0.15,t,1.2,t,99,t,0.77,t,128,f,,SVI,-,841210003,otro
53,F,t,f,f,f,f,f,f,f,f,f,f,f,f,f,t,0.15,t,1.1,t,90,t,0.74,t,121,f,,SVI,K,841210005,otro
46,F,f,f,f,f,f,f,f,f,f,f,f,f,f,f,t,0.15,t,1.2,t,122,t,1.02,t,120,f,,other,-,841210006,otro
29,F,f,f,f,f,f,f,f,f,f,f,f,f,f,f,t,0.8,t,1.8,t,99,t,1.01,t,98,f,,SVI,-,841210009,otro
14,F,f,f,f,f,f,f,f,f,f,f,f,f,f,f,t,15,t,1.8,t,56,t,0.95,t,59,f,,SVI,F,841210010,hipotiroidismo
36,F,f,f,f,f,f,f,f,f,f,f,f,f,f,f,t,0.15,t,2,t,133,f,,f,,f,,other,-,841210015,otro
36,F,f,f,f,f,f,f,f,f,f,f,f,f,f,f,t,7.3,t,1.4,t,95,t,0.96,t,98,f,,SVI,G,841210031,hipotiroidismo
26,F,f,f,f,f,f,f,f,f,f,f,f,f,f,f,t,0.7,t,1.3,t,82,t,0.77,t,106,f,,other,-,841210034,otro
61,M,f,f,f,f,f,f,f,f,f,f,f,f,f,f,t,1.5,t,1.3,t,107,t,0.65,t,165,f,,SVHC,R,841210035,otro
61,M,f,f,f,f,f,f,f,f,f,f,f,f,f,f,t,0.15,t,2.2,t,101,t,0.84,t,119,f,,other,-,841210036,otro
59,M,f,f,f,f,f,f,f,f,f,f,f,f,f,f,t,3.1,t,1.2,t,80,f,,f,,f,,SVI,-,841210039,otro
82,M,f,f,f,f,f,f,f,f,f,f,f,f,f,f,t,1.3,t,1.2,t,90,t,0.94,t,96,f,,SVI,-,841210040,otro
38,M,t,f,f,f,f,f,f,t,f,f,f,f,f,f,f,,t,2,f,,f,,f,,f,,other,-,841210041,otro
28,M,f,f,f,f,f,f,f,f,f,f,f,f,f,f,t,1.9,t,2.5,t,93,t,0.84,t,111,f,,other,-,841210044,otro
27,F,f,f,f,f,f,f,f,f,f,f,f,f,f,f,t,1,t,2.3,t,60,t,0.9,t,67,f,,other,-,841211030,otro
40,F,f,f,f,f,f,f,f,f,f,f,t,f,f,f,t,0.15,t,1.6,t,114,t,0.81,t,141,f,,other,-,841211032,otro
40,F,t,f,f,f,f,f,f,f,f,f,f,f,f,f,t,11,f,,t,92,t,0.99,t,93,f,,other,M,841211035,otro
44,F,t,f,f,f,f,f,f,f,f,f,f,f,f,f,t,0.6,f,,t,117,t,0.93,t,126,f,,other,-,841211036,otro
44,F,f,f,f,f,f,f,f,f,f,f,f,f,f,f,t,2.4,t,1.1,t,105,f,,f,,f,,other,-,841211037,otro
78,F,t,f,f,f,f,f,f,t,f,f,f,f,f,f,t,21,t,0.7,t,42,t,0.96,t,43,f,,SVI,F,841211041,hipotiroidismo
69,F,f,f,f,f,f,f,f,f,f,f,f,f,f,f,t,3.6,t,0.9,t,88,t,0.79,t,111,f,,SVI,K,841211042,otro
45,F,f,f,f,f,f,f,f,f,f,f,f,f,f,f,t,1.9,t,1,t,82,t,0.73,t,112,f,,SVI,K,841211044,otro
54,M,f,f,f,f,f,f,f,f,f,f,f,f,f,f,t,2.7,t,1.9,t,122,t,1.11,t,110,f,,SVI,-,841211045,otro
73,M,f,f,f,f,f,f,f,f,f,f,f,f,f,f,t,1,t,0.7,t,92,t,0.61,t,150,f,,other,K,841211046,otro
60,F,f,f,f,f,f,f,f,t,t,f,f,f,f,f,t,4.4,t,2.1,t,86,f,,f,,f,,SVI,-,841211047,otro
57,M,f,f,f,f,f,f,f,f,f,f,f,f,f,f,t,24,t,1.3,t,52,t,0.79,t,66,f,,other,G,841211048,hipotiroidismo
57,,f,f,f,f,f,f,f,f,f,f,f,f,f,f,t,7.5,t,1.6,t,62,t,0.32,t,192,f,,other,R,841211059,otro
57,,f,f,f,f,f,f,f,f,f,f,f,f,f,f,t,4.4,t,2.8,t,252,t,0.29,t,881,f,,other,R,841211060,otro
57,F,f,f,f,f,f,f,t,f,f,f,f,f,f,f,t,0.15,t,2.2,t,92,t,0.76,t,121,f,,other,-,841211062,otro
60,M,t,f,f,f,f,f,f,f,f,f,f,f,f,f,f,,f,,f,,f,,f,,t,0.1,other,-,841211067,otro
21,M,f,f,f,f,f,f,f,f,f,f,f,f,f,f,f,,f,,f,,f,,f,,t,8.4,other,-,841211073,otro
54,F,t,f,f,f,f,f,f,f,f,f,f,f,f,f,t,0.45,f,,t,185,t,0.91,t,204,f,,other,N,841212009,otro
51,M,f,f,f,f,f,f,f,f,f,f,f,f,f,t,t,1.9,t,1.9,t,76,t,0.76,t,100,f,,other,-,841212011,otro
38,F,t,f,t,f,f,f,f,f,f,f,f,f,f,f,t,2.9,t,2.7,t,101,t,1.15,t,88,f,,other,-,841212013,otro
24,M,f,f,f,f,f,f,f,f,f,f,f,f,f,t,t,0.8,t,2,t,112,t,0.87,t,128,f,,SVHC,-,841212015,otro
40,F,t,f,f,f,f,f,f,f,f,f,f,f,f,t,t,0.15,t,1.7,t,106,t,0.75,t,141,f,,SVHC,-,841212016,otro
33,F,f,f,f,f,f,f,f,f,f,f,f,f,f,t,t,0.15,t,1.8,t,106,t,0.92,t,115,f,,SVHC,-,841212017,otro
38,M,f,f,f,f,f,f,f,f,f,f,f,f,f,t,t,0.6,t,2.5,t,131,t,1.01,t,129,f,,SVHC,-,841212018,otro
37,F,f,f,f,f,f,f,f,f,f,f,f,f,f,f,t,0.15,t,1.5,t,95,t,0.97,t,99,f,,other,-,841212020,otro
63,F,f,f,f,f,f,f,f,f,f,f,f,f,f,f,t,2.1,t,2,t,87,t,1.03,t,84,f,,other,-,841212027,otro
72,F,f,f,f,f,f,f,f,f,f,f,f,f,f,f,t,143,t,0.4,t,15,t,0.98,t,15,f,,SVI,F,841212030,hipotiroidismo
55,F,f,f,f,f,f,f,f,f,t,f,f,f,f,f,t,4.1,t,2,t,78,t,0.79,t,99,f,,STMW,-,841212037,otro
46,F,f,f,f,f,f,f,f,f,f,f,f,f,f,f,t,0.5,t,0.9,t,113,t,0.79,t,142,f,,SVI,K,841212039,otro
21,F,f,f,f,f,f,f,f,f,f,f,f,f,f,f,f,,f,,t,113,t,1.12,t,101,f,,other,-,841212047,otro
62,F,f,f,f,f,f,f,f,f,f,f,f,f,f,f,t,1.4,t,1.9,t,106,t,1.08,t,98,f,,other,-,841212054,otro
40,F,f,f,f,f,f,f,f,t,t,f,f,t,f,f,f,,f,,f,,f,,f,,t,27,other,-,841212063,otro
61,M,f,f,f,f,f,f,f,f,f,f,f,f,f,f,t,0.2,t,1.8,t,90,t,0.7,t,128,f,,SVI,-,841212075,otro
58,F,f,f,f,f,f,f,f,f,f,f,f,f,f,f,t,4.4,t,2.2,t,124,t,1.14,t,109,f,,SVI,-,841212076,otro
69,F,f,f,f,f,f,f,f,f,f,f,f,f,f,f,t,2.6,t,1.7,t,117,t,0.9,t,129,f,,SVI,-,841212077,otro
76,F,f,f,f,f,f,f,f,f,f,f,f,f,f,f,t,6.3,t,1.3,t,134,t,1.15,t,117,f,,SVI,G,841212078,hipotiroidismo
76,F,f,f,f,f,f,f,f,f,t,f,f,f,f,f,t,2.3,t,2.1,t,101,t,1.13,t,90,f,,other,-,841212079,otro
32,F,f,t,f,f,f,f,f,f,f,f,f,f,f,f,t,11,t,1.8,t,69,t,0.9,t,77,f,,other,G,841212082,hipotiroidismo
74,F,f,f,f,f,f,f,f,f,f,f,f,f,f,f,f,,f,,f,,f,,f,,t,25,other,-,841212085,otro
74,F,f,f,f,f,f,f,f,f,f,f,f,f,f,f,f,,f,,f,,f,,f,,t,33,other,S,841213008,otro
73,F,f,f,f,f,f,f,f,f,f,f,f,f,f,f,f,,f,,f,,f,,f,,t,23,other,-,841213009,otro
60,M,f,f,f,f,f,f,f,f,f,f,f,f,f,f,t,0.05,t,2.7,t,108,t,1.1,t,98,f,,other,-,841213010,otro
33,M,f,f,f,f,f,f,f,f,f,f,f,f,f,t,t,0.7,t,2.1,t,97,t,1.02,t,95,f,,SVHC,-,841213011,otro
72,F,f,f,f,f,f,f,f,f,f,f,f,f,f,f,t,0.8,t,2.2,t,83,t,1.05,t,79,f,,SVHC,-,841213012,otro
28,F,f,f,f,f,f,f,f,f,f,f,f,f,f,f,t,0.05,t,1.8,t,97,t,1.01,t,92,f,,other,-,841213014,otro
28,F,f,f,f,f,f,f,f,f,f,f,f,f,f,f,t,0.05,t,1.4,t,137,t,1,t,137,f,,other,-,841213015,otro
62,F,f,f,f,f,f,f,f,f,f,f,f,f,f,f,t,150,t,1.6,t,34,t,1.07,t,32,f,,other,F,841213019,hipotiroidismo
31,F,f,f,f,f,f,f,f,f,t,f,f,f,f,f,f,,t,3,t,169,t,0.96,t,176,f,,other,A,841213021,hipertiroidismo
50,F,t,f,f,f,f,f,f,t,f,f,f,f,f,f,t,0.05,t,2.1,t,100,t,0.84,t,119,f,,other,-,841213031,otro
42,M,f,f,f,f,f,f,f,f,f,f,f,f,f,f,t,235,t,0.5,t,2,t,1.24,t,1.4,f,,other,F,841213046,hipotiroidismo
61,F,t,f,f,f,f,f,f,f,f,f,f,f,f,f,t,0.05,f,,t,184,t,1.09,t,169,f,,other,L,841213056,otro
53,F,f,f,f,t,f,f,f,f,f,f,f,f,f,f,t,0.2,t,2.5,t,136,t,1.18,t,116,f,,other,-,841213057,otro
69,F,f,f,f,f,f,f,f,t,f,f,f,f,f,f,t,6.6,t,1.5,t,50,t,0.83,t,60,f,,SVI,F,841213058,hipotiroidismo
69,F,f,f,f,f,f,f,f,t,f,f,f,f,f,f,t,0.4,t,2.1,t,92,t,1.02,t,91,f,,other,-,841213060,otro
68,M,f,f,f,f,f,f,f,f,f,f,f,f,f,f,t,0.05,t,2,t,103,t,0.91,t,113,f,,SVI,-,841213061,otro
68,F,f,f,f,f,f,f,f,f,f,f,f,f,f,f,t,0.3,t,1.3,t,96,t,0.92,t,104,f,,SVI,-,841213062,otro
65,F,f,f,f,f,f,f,f,f,f,f,f,f,f,f,t,18,t,1.3,t,72,f,,f,,f,,SVI,G,841213063,hipotiroidismo
65,F,f,f,f,f,f,f,f,f,f,f,f,f,f,f,t,0.05,t,2.3,t,98,t,0.9,t,109,f,,SVI,-,841213067,otro
65,F,f,f,f,f,f,f,f,f,f,f,f,f,f,f,t,0.1,f,,f,,f,,f,,f,,other,-,841213070,otro
22,F,f,f,f,f,f,f,f,f,f,f,f,f,f,f,f,,f,,t,110,t,1.03,t,107,f,,other,-,841213073,otro
13,F,f,f,f,f,f,f,f,f,f,f,f,f,f,f,t,2.2,t,2.4,t,62,t,1.03,t,60,f,,other,-,841213078,otro
65,F,t,f,f,f,f,f,f,f,f,f,f,f,f,f,t,55,t,1,t,50,t,1.17,t,43,f,,other,F,841213082,hipotiroidismo
41,F,f,f,f,f,f,f,f,f,f,f,f,f,f,f,t,0.1,t,2.1,t,72,t,0.86,t,84,f,,other,-,841213085,otro
20,F,f,f,f,f,f,f,f,t,f,f,f,f,f,f,t,0.3,t,1.2,t,72,t,0.83,t,87,f,,other,-,841213089,otro
61,F,f,f,f,f,f,f,f,f,f,f,f,f,f,f,t,0.4,t,1.8,t,96,t,0.69,t,140,f,,SVI,-,841214005,otro
70,F,f,f,f,f,f,f,f,f,t,f,f,f,f,f,t,2.9,t,1.7,t,119,t,0.96,t,123,f,,other,-,841214006,otro
37,F,f,f,f,f,f,f,f,f,f,f,f,f,f,f,t,0.15,t,1.8,t,92,f,,f,,f,,other,-,841214007,otro
55,F,t,f,f,f,f,f,f,f,f,f,f,f,f,f,t,0.1,t,4.1,t,450,t,1.66,t,271,f,,other,N,841214008,otro
44,F,t,f,f,f,f,f,f,f,f,f,f,f,f,f,f,,f,,t,154,t,1.06,t,146,f,,WEST,-,841214020,otro
44,M,f,f,f,f,f,f,f,f,f,f,f,f,f,f,t,0.6,f,,f,,f,,f,,f,,other,-,841214046,otro
63,M,f,f,f,t,f,f,f,f,f,f,f,f,f,f,t,5.6,t,1.4,t,56,t,0.96,t,58,f,,SVI,K,841214047,otro
15,F,f,f,f,f,f,t,f,f,f,f,f,f,f,f,t,14,t,2.1,t,78,t,0.99,t,79,f,,SVI,Q,841214048,otro
29,F,f,f,f,f,f,t,f,f,f,f,f,f,f,f,t,2.8,t,2.2,t,120,t,0.97,t,123,f,,SVI,-,841214049,otro
78,M,f,f,f,f,f,f,f,f,f,f,f,f,f,f,t,0.3,t,1.2,t,118,t,0.76,t,154,f,,SVI,-,841214050,otro
81,F,f,f,f,f,f,f,f,f,f,f,f,f,f,f,t,0.1,t,1.8,t,128,t,0.86,t,150,f,,SVI,-,841214051,otro
57,M,t,f,f,f,f,f,f,f,f,f,t,f,f,f,t,0.1,t,4.5,t,159,t,1.04,t,153,f,,SVI,-,841214053,otro
84,F,f,f,f,f,f,f,f,f,f,f,f,f,f,f,t,1.3,t,1.3,t,101,t,0.83,t,121,f,,SVI,-,841214054,otro
84,,f,f,f,f,f,f,f,f,f,f,f,f,f,f,t,0.1,t,1.9,t,68,t,0.8,t,86,f,,SVI,-,841214055,otro
84,M,f,f,f,t,f,f,f,f,f,f,f,f,f,f,t,5.8,t,1.9,t,52,t,0.64,t,81,f,,other,-,841214056,otro
19,F,f,f,f,f,t,f,f,f,f,f,f,f,f,f,t,1.3,t,4.4,t,174,t,1.76,t,99,f,,SVI,I,841214057,otro
82,F,f,f,f,f,f,f,f,f,f,f,f,f,f,f,t,0.4,t,2.4,t,117,t,0.9,t,131,f,,SVI,-,841214058,otro
54,F,f,f,f,f,f,f,f,f,f,f,f,f,f,f,t,1.5,t,1.1,t,74,t,0.81,t,92,f,,SVI,K,841214059,otro
54,,f,f,f,f,f,f,f,f,f,f,f,t,f,f,f,,f,,f,,f,,f,,t,16,other,-,841214060,otro
28,F,f,f,f,f,f,f,f,f,f,f,f,f,f,f,f,,f,,f,,f,,f,,t,28,other,-,841214062,otro
26,F,f,f,f,f,f,f,f,f,f,f,f,f,f,f,t,0.4,t,1.9,t,81,t,0.79,t,102,f,,other,-,841217004,otro
34,F,f,f,f,f,f,f,f,f,t,f,f,f,f,f,f,,t,3.5,t,120,t,0.78,t,154,f,,other,B,841217006,hipertiroidismo
18,F,t,f,f,f,t,f,f,t,f,f,f,f,f,f,t,1,t,3,t,224,t,1.65,t,136,f,,STMW,I,841217013,otro
69,F,f,f,f,f,f,f,f,f,f,f,f,f,f,f,t,3.8,t,2.5,t,76,t,0.98,t,78,f,,SVI,-,841217017,otro
53,M,f,f,f,f,f,f,f,f,f,f,f,f,f,t,t,1,t,1.9,t,86,t,0.89,t,97,f,,SVHC,-,841217018,otro
54,F,f,f,f,f,f,f,f,f,f,f,t,f,f,f,t,1.4,t,1.4,t,79,t,0.81,t,98,f,,SVI,-,841217019,otro
35,F,f,f,f,f,f,f,f,f,f,f,f,f,f,f,t,0.3,t,1.5,t,70,t,0.8,t,88,f,,other,-,841217020,otro
85,M,f,f,f,f,f,f,f,f,f,f,f,f,f,f,t,0.1,t,0.8,t,80,t,0.64,t,125,f,,SVI,K,841217021,otro
85,F,f,f,f,f,f,f,f,f,f,f,f,f,f,f,t,0.1,t,2.3,t,76,t,1.03,t,84,f,,other,-,841217022,otro
43,F,f,f,t,f,f,f,f,f,t,f,f,f,f,f,t,0.7,t,1.9,t,104,t,0.99,t,104,f,,other,-,841217029,otro
59,M,f,f,f,f,f,f,f,f,t,f,f,f,f,f,f,,t,3.1,t,198,t,0.59,t,334,f,,other,A,841217030,hipertiroidismo
72,F,f,t,f,f,f,f,f,f,f,f,f,t,f,f,t,0.15,t,2.2,t,182,t,0.85,t,214,f,,SVI,-,841217032,otro
49,M,f,f,f,f,f,f,f,f,f,f,f,f,f,f,t,1.8,t,2.2,t,94,t,0.92,t,103,f,,SVI,-,841217034,otro
49,F,f,f,f,f,f,f,f,f,f,f,f,f,f,f,t,3.6,t,1.5,t,107,t,0.72,t,147,f,,SVI,-,841217035,otro
74,F,t,f,f,f,f,f,f,f,f,f,f,f,f,f,t,7.6,t,1.6,t,122,t,1.12,t,108,f,,other,M,841217036,otro
74,M,t,t,f,f,f,f,f,f,f,f,f,f,f,f,t,0.15,f,,t,123,t,0.76,t,162,f,,other,L,841217039,otro
74,F,f,f,f,f,f,f,f,f,f,f,f,f,f,f,t,2.9,t,1.9,t,60,t,0.76,t,79,f,,other,-,841217040,otro
60,M,f,f,f,f,f,f,f,f,f,f,f,f,f,f,t,0.5,t,2.3,t,108,t,0.67,t,161,f,,SVHC,R,841219010,otro
59,F,f,f,f,f,f,t,f,f,f,f,f,f,f,f,t,4.3,t,2.2,t,65,t,0.83,t,79,f,,SVI,-,841219012,otro
59,M,f,f,f,f,f,f,f,f,f,f,f,f,f,f,t,2.7,t,2.1,t,91,t,0.81,t,112,f,,other,-,841219013,otro
23,M,f,f,f,f,f,f,f,f,f,f,f,f,f,f,t,0.15,t,1.9,t,99,f,,f,,f,,other,-,841219038,otro
42,M,t,f,f,f,f,f,f,f,f,f,f,f,f,f,t,38,t,3.8,f,,f,,f,,f,,other,-,841219039,otro
68,M,f,f,f,t,f,f,f,f,f,f,f,f,f,f,t,1,t,1.6,t,95,t,0.88,t,108,f,,SVI,-,841219046,otro
73,F,f,f,f,f,f,f,f,f,f,f,f,f,f,f,t,3.4,t,2.5,t,96,t,0.97,t,99,f,,SVI,-,841219047,otro
80,M,f,f,f,t,f,f,f,f,f,f,f,f,f,f,t,0.15,t,1.6,t,63,t,0.7,t,90,f,,SVI,-,841219048,otro
35,M,f,f,f,f,f,f,f,f,f,f,f,f,f,f,t,0.15,t,1.7,t,106,t,0.76,t,140,f,,SVHC,-,841219049,otro
72,F,f,f,f,f,f,f,f,f,f,f,f,f,f,f,t,1.3,t,1.5,t,58,t,0.53,t,109,f,,SVI,J,841219050,otro
72,F,f,f,f,f,f,f,f,f,f,f,f,f,f,f,t,2.7,t,2.4,t,117,t,1.08,t,109,f,,SVI,-,841219051,otro
57,F,f,f,f,f,f,f,f,f,f,f,f,t,f,f,t,0.15,f,,t,107,t,0.93,t,116,f,,other,-,841219055,otro
65,F,f,f,f,f,f,f,f,f,f,f,f,f,f,f,t,1.6,t,1.7,t,74,t,1.02,t,73,f,,other,-,841219079,otro
87,F,f,f,f,f,f,f,f,f,f,f,f,f,f,f,t,0.15,t,1.8,t,194,t,0.85,t,228,f,,other,AK,841219080,hipertiroidismo
38,F,f,f,f,f,f,f,f,f,f,f,f,f,f,f,t,2.3,t,1.8,t,92,t,0.85,t,108,f,,STMW,-,841219086,otro
70,F,f,f,f,f,f,f,f,f,f,f,f,f,f,f,t,0.15,t,2.2,t,98,t,0.93,t,105,f,,SVI,-,841219090,otro
56,F,t,f,f,f,f,f,t,f,f,f,f,f,f,f,t,0.15,f,,t,181,t,0.96,t,187,f,,other,N,841219091,otro
73,F,f,f,f,f,f,f,f,f,f,f,f,f,f,f,t,0.15,t,1,t,100,t,0.69,t,143,f,,SVI,K,841219106,otro
73,F,t,f,f,f,f,f,f,f,f,f,f,f,f,f,t,0.15,t,1.9,t,162,t,0.79,t,205,f,,other,N,841219107,otro
57,M,f,f,f,f,f,f,f,f,f,f,f,f,f,f,t,0.15,t,1.6,t,93,t,0.78,t,120,f,,SVI,-,841219109,otro
74,F,f,f,f,f,f,f,f,f,f,f,f,f,f,f,t,0.6,t,1.7,t,112,t,1.01,t,111,f,,SVI,-,841219110,otro
74,F,f,f,f,f,f,f,f,f,f,f,f,f,f,f,t,0.5,t,1.9,t,130,t,0.91,t,143,f,,SVI,-,841219111,otro
69,M,f,f,f,f,f,f,f,f,f,f,f,f,f,f,t,0.15,t,1.9,t,73,t,0.78,t,94,f,,SVI,-,841219113,otro
29,F,f,f,f,f,f,f,f,f,f,f,f,f,f,f,t,1.8,t,3.5,t,138,t,1.44,t,96,f,,SVI,I,841219114,otro
28,F,f,f,f,f,f,f,f,f,f,f,f,f,f,f,t,0.15,t,8.099999,t,111,t,0.91,t,122,f,,SVI,I,841219115,otro
20,F,f,f,f,f,f,f,f,f,f,f,f,f,f,t,t,0.5,t,2.9,t,138,t,1.32,t,105,f,,SVHC,-,841219116,otro
77,F,f,f,f,f,f,f,f,t,f,f,f,f,f,f,f,,t,2.3,t,149,t,0.97,t,153,f,,SVI,-,841219124,otro
33,F,f,f,f,f,f,f,f,f,t,f,f,f,f,f,t,1.7,t,2.1,t,107,t,0.96,t,109,f,,other,-,841219138,otro
22,F,f,f,f,f,f,f,f,f,f,f,f,f,f,f,t,0.35,t,1.6,f,,f,,f,,f,,other,-,841220003,otro
22,F,f,f,f,f,f,f,f,f,f,f,f,f,f,f,t,1.3,t,1.8,t,89,t,0.82,t,109,f,,other,-,841220017,otro
30,F,f,f,f,f,f,f,f,f,f,f,f,f,f,t,t,0.35,t,2,t,106,t,0.97,t,109,f,,SVHC,-,841220018,otro
59,M,f,f,f,f,f,f,f,f,f,f,f,f,f,t,t,0.35,t,2.2,t,172,t,1.28,t,134,f,,SVHC,I,841220019,otro
44,F,f,f,f,f,f,f,f,f,f,f,f,f,f,t,t,0.35,t,1.1,t,62,t,0.73,t,85,f,,SVHC,K,841220020,otro
24,M,f,f,f,f,f,f,f,f,t,f,f,f,f,f,t,0.3,t,3.8,t,54,f,,f,,f,,other,A,841220028,hipertiroidismo
64,F,f,f,f,f,f,t,f,f,f,f,f,f,f,f,t,1.8,t,1.6,t,80,t,1.11,t,72,f,,other,-,841220042,otro
19,F,f,f,f,f,f,f,f,f,t,f,f,f,f,f,t,0.3,t,7.6,t,221,t,0.86,t,256,f,,other,A,841220047,hipertiroidismo
70,F,t,f,f,f,f,f,f,f,f,f,f,f,f,f,t,0.3,t,1.8,t,159,t,1,t,159,f,,other,L,841220048,otro
50,F,t,f,f,f,f,f,f,f,f,f,f,f,f,f,t,0.3,f,,t,130,t,1.08,t,121,f,,other,-,841220050,otro
50,F,t,f,f,f,f,f,f,f,f,f,f,f,f,f,t,0.3,t,1.7,t,125,t,0.96,t,130,f,,other,-,841220051,otro
68,F,t,f,f,f,f,f,f,f,f,f,f,f,f,f,t,0.3,t,1.2,t,69,t,1.07,t,64,f,,other,-,841220052,otro
58,F,f,f,f,f,f,f,f,f,t,f,f,f,f,f,t,1.2,t,1.9,t,90,t,1.06,t,85,f,,other,-,841220053,otro
48,F,f,f,f,f,f,f,f,f,t,f,f,f,f,f,t,0.3,t,8.9,t,212,t,0.88,t,240,f,,other,A,841220058,hipertiroidismo
62,M,t,f,f,f,f,f,f,f,f,f,f,f,f,f,t,1.2,t,2.5,t,102,t,1.11,t,92,f,,other,-,841220059,otro
75,F,f,f,f,f,f,f,f,f,f,f,f,f,f,f,t,0.3,t,2.4,t,177,t,1.14,t,155,f,,SVI,-,841220066,otro
57,F,f,f,f,f,f,f,f,f,f,f,f,f,f,f,t,1.1,t,1.8,t,81,t,1.38,t,59,f,,SVI,I,841220067,otro
77,M,f,f,f,f,f,f,f,f,f,f,f,f,f,f,t,0.3,t,1.9,t,70,t,0.96,t,73,f,,SVI,-,841220069,otro
80,M,f,f,f,f,f,f,f,f,f,f,f,f,f,f,t,2.1,t,1.8,t,104,t,0.89,t,117,f,,other,-,841220070,otro
46,M,f,f,f,f,f,f,f,f,t,f,f,f,f,f,f,,f,,f,,f,,f,,t,16,other,-,841220076,otro
66,F,t,f,f,f,f,f,f,f,f,f,f,f,f,f,t,0.25,t,5,t,215,t,1.17,t,183,f,,other,N,841220079,otro
41,F,f,f,f,f,f,f,f,f,f,f,f,f,f,f,t,0.9,f,,t,69,t,0.86,t,80,f,,other,-,841220080,otro
35,F,t,f,f,f,f,f,f,f,f,f,f,f,f,f,t,31,t,2.6,f,,f,,f,,f,,other,-,841220082,otro
64,F,t,f,f,f,f,f,f,f,f,f,f,f,f,f,t,0.25,f,,t,115,t,0.81,t,142,f,,other,-,841220090,otro
64,F,t,f,f,f,f,f,f,f,f,f,f,f,f,f,t,2.1,t,4.5,t,208,t,1.76,t,118,f,,other,-,841221005,otro
61,F,f,f,f,f,f,f,f,f,t,f,f,f,f,f,t,1.5,t,1.8,t,113,t,1.01,t,112,f,,SVI,-,841221011,otro
66,M,f,f,f,f,f,f,f,f,f,f,f,f,f,f,t,1.5,t,1.9,t,59,t,0.62,t,96,f,,SVI,-,841221013,otro
39,M,f,f,f,f,f,f,f,f,f,f,f,f,f,f,t,0.25,t,3.1,t,85,t,0.88,t,97,f,,other,-,841221014,otro
69,F,f,f,f,f,f,f,f,t,f,f,f,f,f,f,t,6.5,t,1.8,t,45,t,0.89,t,51,f,,SVI,F,841221016,hipotiroidismo
69,F,f,f,f,f,f,f,f,f,f,f,f,f,f,f,t,0.25,t,2.7,t,93,f,,f,,f,,other,-,841221017,otro
83,F,f,f,f,f,f,f,f,f,f,f,f,f,f,f,t,0.25,t,1.1,t,117,t,0.68,t,170,f,,SVI,-,841221032,otro
59,M,f,f,f,f,f,f,f,f,f,f,f,f,f,f,t,0.7,t,1.9,t,96,t,0.94,t,101,f,,SVHC,-,841221033,otro
59,F,f,f,f,f,f,f,f,f,f,f,f,f,f,f,t,1.2,t,1.9,t,89,t,1,t,89,f,,SVI,-,841221046,otro
41,F,f,f,f,f,f,t,f,f,f,f,f,f,f,f,t,18,t,2.1,t,93,t,1.16,t,80,f,,SVI,Q,841221047,otro
78,F,f,f,f,f,f,f,f,f,f,f,f,f,f,f,t,0.25,t,2.1,t,100,t,1.17,t,85,f,,SVI,-,841221048,otro
80,F,f,f,f,f,f,f,f,f,f,f,f,f,f,f,t,0.25,t,1,t,86,t,0.64,t,134,f,,SVI,K,841221049,otro
51,M,f,f,f,f,f,f,f,f,f,f,f,f,f,f,t,0.25,t,2.2,t,129,t,1.05,t,122,f,,SVI,-,841221050,otro
61,F,f,f,f,f,f,f,f,f,f,f,f,f,f,f,t,0.25,t,1.8,t,102,t,0.76,t,135,f,,SVI,-,841221051,otro
69,F,f,f,f,f,f,f,f,t,f,f,f,f,f,f,t,6.5,t,2.1,t,56,t,0.87,t,64,f,,SVI,F,841221052,hipotiroidismo
69,F,f,f,f,f,f,f,f,f,f,f,f,f,f,f,t,0.3,t,1.9,t,94,t,1.04,t,90,f,,other,-,841221069,otro
31,F,f,f,f,t,f,f,f,f,f,f,f,f,f,f,t,1.8,t,1.6,t,98,t,0.75,t,131,f,,other,-,841221070,otro
37,F,f,f,f,f,f,f,f,f,f,f,f,f,f,f,t,0.25,t,2,t,107,t,1.08,t,99,f,,SVHC,-,841224002,otro
75,F,f,f,f,f,f,f,f,f,f,f,f,f,f,f,t,0.25,t,2.2,t,111,t,1,t,111,f,,other,-,841224004,otro
75,F,f,f,f,f,f,f,f,f,f,f,f,f,f,f,t,0.25,t,1.1,t,92,t,1.01,t,91,f,,SVI,K,841224008,otro
75,F,f,f,f,t,f,f,f,f,f,f,f,f,f,f,t,0.25,t,1.2,t,115,t,1,t,115,f,,other,-,841224009,otro
37,F,f,f,f,f,f,f,f,f,f,f,f,t,f,f,t,0.25,t,0.7,t,61,t,0.72,t,84,f,,SVI,K,841224010,otro
47,M,f,f,f,f,f,f,f,f,f,f,f,f,f,f,t,1,t,1.3,t,78,t,0.81,t,96,f,,SVI,-,841224011,otro
40,M,f,f,f,f,f,f,f,f,f,f,f,f,f,t,t,0.25,t,2.5,t,106,t,1,t,106,f,,SVHC,-,841227007,otro
74,F,f,f,f,f,f,f,f,f,f,f,f,f,f,f,t,1.4,t,1.4,t,126,t,0.89,t,141,f,,SVHC,-,841227008,otro
72,M,f,f,f,f,f,f,f,f,f,f,f,f,f,f,t,4.3,t,2.5,t,88,t,1.33,t,66,f,,SVI,-,841227019,otro
72,F,f,f,f,f,f,f,f,f,f,f,f,f,f,f,t,0.25,t,2.6,t,92,t,0.94,t,98,f,,SVI,-,841228009,otro
73,F,f,f,f,f,f,f,f,f,t,f,f,f,f,f,t,5.1,t,1.5,t,101,t,1.14,t,89,f,,SVI,-,841228010,otro
73,F,t,f,f,f,f,f,t,f,f,f,f,f,f,f,t,0.6,t,1.5,t,120,t,0.82,t,146,f,,other,-,850102001,otro
24,F,f,f,f,f,f,f,f,f,f,f,f,f,f,f,t,0.25,t,3,t,143,t,1.33,t,108,f,,SVHC,I,850102005,otro
47,,f,f,f,f,f,f,f,f,f,f,f,f,f,f,t,1.9,t,2.4,t,102,t,1.31,t,78,f,,SVHC,-,850102006,otro
64,M,f,f,f,f,f,f,f,f,f,f,f,f,f,f,t,0.9,t,1.7,t,77,t,0.9,t,85,f,,SVHC,-,850102007,otro
23,F,f,f,f,f,f,f,f,f,f,f,f,f,f,f,t,0.25,t,2.6,t,139,t,0.9,t,153,f,,SVI,-,850102008,otro
69,M,f,f,f,f,f,f,f,f,f,f,f,f,f,f,t,0.25,t,1.6,t,86,t,0.7,t,123,f,,SVI,-,850102010,otro
85,M,f,f,f,f,f,f,f,f,f,f,f,f,f,f,t,0.25,t,2.3,t,128,t,1.06,t,121,f,,SVI,-,850102011,otro
48,M,f,f,f,f,f,f,f,f,f,f,f,f,f,f,t,2.1,t,2,t,86,t,0.78,t,110,f,,SVI,-,850102017,otro
67,F,t,f,f,f,f,f,f,f,f,f,f,f,f,f,t,1.3,t,2.4,t,87,t,1.09,t,80,f,,other,-,850102018,otro
76,F,f,f,f,f,f,f,f,f,f,f,f,f,f,f,t,0.1,t,2.9,t,124,t,1.28,t,97,f,,other,I,850102019,otro
62,F,f,f,f,t,f,f,f,f,f,f,f,f,f,f,t,11,t,0.8,t,73,t,0.74,t,98,f,,SVI,GK,850102020,hipotiroidismo
18,M,f,f,f,f,f,f,f,f,f,f,f,f,f,t,t,0.1,t,2.3,t,98,t,0.85,t,115,f,,SVHC,-,850103007,otro
59,F,f,f,f,f,f,f,f,f,f,f,f,f,f,f,t,0.8,t,2.3,t,94,f,,f,,f,,other,-,850103008,otro
49,F,t,f,f,f,f,f,f,f,f,f,f,f,f,f,t,0.6,t,2.3,t,113,t,1.02,t,111,f,,SVHC,-,850103009,otro
53,M,f,f,f,f,f,f,f,f,f,f,f,f,f,t,t,2.3,t,2,t,63,t,0.95,t,66,f,,SVHC,-,850103010,otro
39,F,f,f,f,f,f,f,f,f,f,f,f,f,f,f,t,0.1,t,1.8,t,90,t,0.71,t,126,f,,other,-,850103011,otro
39,,f,f,f,f,f,f,f,f,t,f,f,f,f,f,t,0.6,t,2,t,114,t,1,t,114,f,,SVI,-,850103012,otro
65,M,f,f,f,f,f,f,f,f,f,f,f,f,f,t,t,1.6,t,1.8,t,78,t,0.92,t,85,f,,SVHC,-,850103013,otro
64,F,t,f,f,f,f,f,f,f,f,f,f,f,f,f,t,32,t,1.4,t,85,t,1.18,t,71,f,,other,M,850103014,otro
50,F,t,f,f,f,f,f,t,f,f,f,f,f,f,f,t,61,f,,t,13,t,1.18,t,11,f,,other,F,850103017,hipotiroidismo
76,F,t,f,f,f,f,f,f,f,f,f,f,f,f,f,t,0.1,t,2.1,t,98,t,1.01,t,97,f,,other,-,850103025,otro
62,F,f,f,f,f,f,f,f,f,f,f,f,f,f,f,t,3.7,f,,t,86,t,0.91,t,95,f,,other,-,850103026,otro
63,F,f,f,f,f,f,f,f,f,f,f,f,t,f,f,f,,f,,f,,f,,f,,t,26,other,-,850103040,otro
53,M,f,f,f,f,f,f,f,f,f,f,f,f,f,t,t,0.6,t,2.6,t,136,t,1.19,t,114,f,,SVHC,-,850103042,otro
62,M,f,f,f,f,f,f,f,f,f,f,f,f,f,f,t,2.1,t,2.1,t,87,t,0.93,t,94,f,,SVI,-,850103043,otro
77,M,f,f,f,f,f,f,f,f,f,f,f,f,f,f,t,0.9,t,2.4,t,100,t,0.8,t,124,f,,SVI,-,850103044,otro
77,F,f,f,f,f,f,f,f,f,f,f,f,f,f,f,t,0.8,t,1.4,t,124,t,1.2,t,103,f,,SVI,-,850103046,otro
78,F,f,f,f,f,f,f,f,t,f,f,f,f,f,f,t,25,t,0.9,t,50,t,0.84,t,60,f,,SVI,F,850103047,hipotiroidismo
27,F,f,f,f,f,f,f,f,f,f,f,f,f,f,f,t,0.5,t,1.3,t,108,t,0.79,t,137,f,,SVI,-,850103048,otro
57,F,f,f,f,f,f,f,f,f,f,f,f,f,f,f,f,,f,,f,,f,,f,,t,20,other,-,850103052,otro
28,F,f,f,t,f,f,f,f,f,f,f,f,f,f,f,f,,f,,f,,f,,f,,t,39,other,S,850103056,otro
72,M,f,f,f,f,f,f,f,f,f,f,f,f,f,f,t,0.3,t,0.6,t,120,t,1.06,t,113,f,,SVI,K,850104002,otro
22,F,f,f,f,f,f,f,f,f,f,f,f,f,f,f,t,0.5,t,1.7,t,83,t,0.86,t,97,f,,other,-,850104011,otro
22,F,f,f,f,f,f,f,f,f,f,f,f,f,f,f,t,0.9,t,2.5,t,110,t,1,t,110,f,,other,-,850104012,otro
33,M,f,f,f,f,f,f,f,f,f,f,f,f,f,f,t,0.4,t,2.2,t,90,t,0.98,t,91,f,,other,-,850104013,otro
44,F,f,f,f,f,f,f,f,f,f,f,f,f,f,f,t,0.9,t,1.8,t,119,t,0.98,t,120,f,,other,-,850104014,otro
31,F,f,f,f,f,f,f,f,f,f,f,f,f,f,f,t,0.1,t,3.2,t,207,t,1.57,t,132,f,,STMW,I,850104016,otro
38,F,f,f,f,f,f,f,f,f,f,f,f,f,f,f,t,1.3,t,2.8,t,122,t,1.1,t,111,f,,other,-,850104017,otro
38,,f,f,f,f,f,f,f,f,f,f,f,f,f,f,t,9.599999,t,4.8,t,168,t,0.28,t,612,f,,other,D,850104023,hipertiroidismo
38,,f,f,f,f,f,f,f,f,f,f,f,f,f,f,t,7.9,t,4.7,t,123,t,0.28,t,445,f,,other,D,850104024,hipertiroidismo
20,F,t,f,f,f,f,f,f,f,f,f,f,f,f,f,f,,f,,f,,f,,f,,t,17,other,-,850104031,otro
72,F,f,f,f,f,f,f,f,f,t,f,f,f,f,f,t,0.1,t,2.5,t,180,t,0.83,t,217,f,,SVI,AK,850104032,hipertiroidismo
78,F,f,f,f,f,f,f,f,t,f,f,f,f,f,f,t,0.1,t,0.6,t,70,t,0.9,t,177,f,,SVI,-,850104033,otro
61,F,f,f,f,t,f,f,f,f,f,f,f,f,f,f,t,9.799999,t,0.4,t,81,t,0.64,t,126,f,,SVI,GK,850104034,hipotiroidismo
38,M,f,f,f,f,f,f,f,f,f,f,f,f,f,f,t,0.1,t,1.5,t,106,t,0.79,t,134,f,,SVI,-,850104035,otro
83,F,f,f,f,f,f,f,f,f,f,f,f,f,f,f,t,2.9,t,1.4,t,95,t,0.81,t,118,f,,SVI,-,850104036,otro
53,M,f,f,f,f,f,f,f,f,f,f,f,f,f,f,t,1.4,t,1.9,t,104,t,0.93,t,112,f,,SVI,-,850104037,otro
66,F,f,f,f,f,f,f,f,f,f,f,f,f,f,f,t,0.1,t,1.8,t,108,t,0.71,t,151,f,,SVI,-,850104038,otro
53,F,t,f,f,f,f,f,f,f,f,f,f,f,f,f,t,0.1,f,,t,129,t,1.08,t,119,f,,other,-,850104043,otro
50,F,t,f,f,f,f,f,f,f,f,f,f,f,f,f,t,4,f,,t,120,t,0.8,t,150,f,,other,-,850104055,otro
49,M,f,f,f,f,f,f,f,f,f,f,f,f,f,f,t,0.5,t,1.8,t,86,t,0.82,t,105,f,,SVHC,-,850104056,otro
55,F,f,f,f,f,f,f,f,f,f,f,f,f,f,f,t,0.1,t,1.8,t,103,t,0.91,t,113,f,,SVHC,-,850104057,otro
31,F,f,f,f,f,t,f,f,f,f,f,f,t,f,f,f,,t,3,t,158,t,1.01,t,156,f,,other,A,850104059,hipertiroidismo
54,F,f,f,f,t,f,f,f,f,f,f,f,f,f,f,t,0.4,f,,t,60,t,0.87,t,69,f,,other,-,850104062,otro
54,M,f,f,f,f,f,f,f,f,f,f,f,f,f,t,t,0.1,t,1.9,t,102,t,0.93,t,110,f,,SVHC,-,850107002,otro
61,M,f,f,f,f,f,f,f,f,f,f,f,f,f,f,t,1,t,2.2,t,91,t,0.87,t,105,f,,other,-,850107003,otro
49,M,f,t,f,f,f,f,f,f,f,f,f,f,f,f,t,0.1,t,1.3,t,82,t,1,t,82,f,,SVI,-,850107020,otro
28,F,f,f,f,f,f,f,f,f,t,f,f,f,f,f,t,0.1,t,1.8,t,85,t,0.78,t,109,f,,other,-,850107032,otro
55,F,t,f,f,f,f,f,f,f,f,f,f,f,f,f,t,0.05,t,2.8,t,189,t,1.66,t,114,f,,other,-,850107044,otro
80,F,f,f,f,f,f,f,f,f,f,f,f,f,f,f,f,,t,2.8,t,103,t,1,t,103,f,,other,-,850108004,otro
28,M,f,f,f,f,f,f,f,f,f,f,f,f,f,f,t,0.05,t,1.6,t,91,t,0.88,t,103,f,,SVHC,-,850108007,otro
63,M,f,f,f,f,f,f,f,f,f,f,f,f,f,f,t,0.3,t,0.8,t,74,t,0.85,t,87,f,,other,-,850108009,otro
59,F,f,f,f,f,f,f,f,f,f,f,f,t,f,f,t,0.05,t,3.6,t,94,t,1.02,t,92,f,,SVI,C,850108010,hipertiroidismo
67,M,f,f,f,f,f,f,f,t,f,f,f,f,f,f,t,2.1,t,2,t,83,t,0.96,t,87,f,,SVI,-,850108011,otro
86,F,f,f,f,f,f,f,f,f,f,f,f,f,f,f,t,0.05,t,2,t,79,t,0.62,t,126,f,,SVI,-,850108012,otro
72,F,f,f,f,f,f,f,f,f,f,f,f,f,f,f,t,1,t,1.7,t,93,t,0.78,t,119,f,,SVI,-,850108013,otro
78,M,f,f,f,f,f,f,f,f,f,f,f,f,f,f,t,2.4,t,1.3,t,87,t,0.89,t,97,f,,SVI,-,850108014,otro
72,F,f,f,f,f,f,f,f,f,f,f,f,f,f,f,t,1.6,t,2.2,t,107,t,1.12,t,96,f,,other,-,850108015,otro
72,F,t,f,f,f,f,f,f,f,f,f,f,t,f,f,f,,t,3.2,f,,f,,f,,f,,other,-,850108030,otro
27,F,f,f,f,f,f,f,f,f,f,f,f,f,f,f,t,1.9,t,1.5,t,104,f,,f,,f,,other,-,850108042,otro
62,F,f,f,f,f,f,f,f,f,f,f,f,f,f,f,t,2.6,t,2.1,t,79,t,0.89,t,90,f,,other,-,850108044,otro
62,M,f,f,f,f,f,f,f,f,f,f,f,f,f,f,t,1.4,t,3.9,t,97,t,0.84,t,115,f,,other,R,850108054,otro
65,F,f,f,f,f,f,f,f,f,f,f,f,f,f,f,t,2,t,2.6,t,134,t,0.99,t,136,f,,SVI,-,850108056,otro
30,F,f,f,f,f,f,f,f,f,f,f,f,f,f,f,t,0.2,t,2.6,t,80,t,0.84,t,95,f,,SVHC,-,850108057,otro
80,F,f,f,f,f,f,f,f,f,f,f,f,f,f,f,t,0.8,t,2.3,t,124,t,1.04,t,118,f,,SVI,-,850108058,otro
70,F,f,f,f,f,f,f,f,f,f,f,f,f,f,f,t,2.3,t,1.8,t,122,t,0.85,t,144,f,,SVI,-,850108059,otro
57,M,f,f,f,f,f,f,f,f,f,f,f,f,f,f,t,0.3,t,2.1,t,122,t,0.82,t,150,f,,SVI,-,850108060,otro
57,M,f,f,f,f,f,f,f,f,f,f,f,f,f,f,t,1,t,2.2,t,79,t,0.7,t,114,f,,SVI,-,850108062,otro
47,M,f,f,f,f,f,f,f,f,f,f,f,f,f,f,t,0.3,t,2.1,t,99,t,0.85,t,117,f,,SVI,-,850108063,otro
58,F,f,f,f,f,f,f,f,f,f,f,f,f,f,f,t,0.8,t,2.2,t,96,t,0.86,t,111,f,,SVI,-,850108064,otro
58,F,f,f,f,f,f,f,f,f,f,f,f,f,f,f,t,0.05,t,1.9,t,123,t,0.99,t,124,f,,SVI,-,850108065,otro
36,M,f,f,f,f,f,f,f,f,f,f,f,f,f,f,t,0.3,t,1.1,t,69,t,0.6,t,114,f,,SVI,K,850108067,otro
16,F,f,f,f,f,f,f,f,f,t,f,f,f,f,f,t,0.05,t,6.2,t,255,t,1.04,t,244,f,,other,A,850108069,hipertiroidismo
28,F,t,f,f,f,t,f,f,f,f,f,f,f,f,f,t,2.5,t,2.6,t,179,t,1.55,t,115,f,,other,-,850108076,otro
56,F,f,f,t,f,f,f,f,f,f,f,f,f,f,f,t,8.2,t,2,t,66,t,0.94,t,70,f,,other,G,850108077,hipotiroidismo
31,M,f,f,f,f,f,f,f,f,f,f,f,f,f,f,t,0.8,t,2.6,t,113,t,0.91,t,123,f,,other,-,850109001,otro
55,M,f,f,f,f,f,f,f,t,f,f,f,f,f,f,t,0.3,f,,t,76,t,1.01,t,76,f,,SVI,-,850109013,otro
33,M,f,f,f,f,f,f,f,f,f,f,f,f,f,t,t,0.3,t,2.5,t,107,t,0.92,t,116,f,,SVHC,-,850109015,otro
42,,t,f,f,f,f,f,f,f,f,f,f,f,f,f,t,0.05,t,2,t,129,t,1.02,t,126,f,,other,-,850109020,otro
26,F,f,f,f,f,f,f,f,f,f,f,f,f,f,f,f,,f,,f,,f,,f,,t,23,other,-,850109039,otro
69,M,f,f,f,f,f,f,f,f,f,f,f,f,f,f,f,,f,,t,109,t,1.03,t,106,f,,other,-,850228011,otro
29,M,f,f,f,f,f,f,f,f,f,f,f,f,f,f,t,0.2,t,2.2,t,89,t,0.99,t,90,f,,other,-,850301001,otro
55,F,f,f,f,f,f,f,f,f,f,f,f,f,f,f,t,0.2,t,3.6,t,301,t,1.75,t,172,f,,other,A,850301003,hipertiroidismo
55,M,t,f,f,t,f,f,f,f,f,f,f,f,f,f,t,7.6,t,1,t,86,t,0.84,t,102,f,,other,MK,850301005,otro
29,F,f,f,f,f,f,f,f,f,f,f,f,f,f,f,t,0.2,t,2.7,t,103,f,,f,,f,,other,-,850301007,otro
38,F,f,f,f,f,f,f,f,f,f,f,f,f,f,t,t,4.8,t,2.4,t,114,t,0.84,t,135,f,,SVHC,-,850301009,otro
40,M,f,f,f,f,f,f,f,f,f,f,f,f,f,f,t,0.2,t,1.6,t,95,t,0.99,t,96,f,,SVHC,-,850301010,otro
27,F,f,f,f,f,f,f,f,f,f,f,f,f,f,t,t,1.7,t,1.9,t,146,t,1.19,t,123,f,,SVHC,-,850301011,otro
50,F,f,f,f,f,f,f,f,f,f,f,f,f,f,f,t,0.2,t,2,t,121,t,1.04,t,116,f,,SVHC,-,850301013,otro
67,F,f,f,f,f,f,f,f,f,f,f,f,f,f,f,t,2.1,t,1.4,t,119,t,0.98,t,121,f,,SVI,-,850301017,otro
67,,f,f,f,t,f,f,f,f,f,f,f,f,f,f,t,0.2,t,0.9,t,75,t,0.73,t,102,f,,other,K,850301018,otro
58,M,f,f,f,f,f,f,f,f,f,f,f,f,f,f,t,0.2,t,2.1,t,106,t,0.94,t,113,f,,other,-,850301019,otro
16,F,f,f,f,f,f,f,f,f,f,f,f,f,f,f,f,,t,5,t,164,t,1.26,t,130,f,,other,-,850301020,otro
32,F,f,f,f,f,t,f,f,f,f,f,f,f,f,f,t,0.25,t,2.5,t,105,t,1.05,t,100,f,,STMW,-,850301031,otro
25,F,f,f,f,f,f,f,f,f,f,f,f,f,f,f,t,1.1,t,2.2,t,112,t,0.98,t,115,f,,STMW,-,850301032,otro
73,F,f,f,f,f,f,f,f,f,f,f,f,f,f,f,t,47,t,1.1,t,52,t,0.9,t,58,f,,other,F,850301057,hipotiroidismo
78,F,f,f,f,t,f,f,f,f,f,f,f,f,f,f,t,0.7,t,1.6,t,102,t,1.23,t,83,f,,SVI,-,850301059,otro
65,M,f,f,f,f,f,f,f,f,f,f,f,f,f,f,t,1.2,t,0.6,t,61,t,0.59,t,105,f,,SVI,K,850301061,otro
72,F,f,f,f,f,f,f,f,f,f,f,f,f,f,f,t,2.3,t,2,t,130,f,,f,,f,,other,-,850301063,otro
74,F,f,f,f,f,f,f,f,t,f,f,f,f,f,f,t,1.3,t,1.2,t,89,t,0.94,t,95,f,,other,-,850301064,otro
49,M,f,f,f,f,f,f,f,f,f,f,f,f,f,f,t,0.2,t,2,t,94,t,0.97,t,98,f,,SVHC,-,850304002,otro
69,M,f,f,f,f,f,f,f,t,f,f,f,f,f,f,t,0.2,t,2.5,t,124,t,1.15,t,108,f,,other,-,850304003,otro
22,F,f,f,f,f,f,f,f,f,f,f,f,f,f,f,t,0.2,t,1.8,t,157,t,0.9,t,175,f,,other,AK,850304005,hipertiroidismo
38,M,f,f,f,f,f,f,f,t,f,f,f,f,f,f,t,3.9,t,2.2,t,61,t,0.76,t,80,f,,other,-,850304006,otro
38,F,f,f,f,f,f,f,f,f,f,f,f,f,f,f,f,,f,,t,144,t,0.94,t,154,f,,other,-,850304009,otro
43,F,f,f,f,f,f,f,f,f,f,f,f,f,f,f,t,70,t,0.5,t,2.9,t,1.05,t,2.8,f,,other,F,850304013,hipotiroidismo
42,F,f,f,f,f,f,f,f,f,f,f,f,f,f,f,t,31,t,0.8,t,13,t,1.19,t,11,f,,other,F,850304014,hipotiroidismo
70,F,f,f,f,f,f,f,f,t,f,f,f,f,f,f,t,3.7,f,,t,69,t,0.83,t,83,f,,other,-,850304027,otro
70,F,f,f,f,f,f,f,t,f,f,f,f,f,f,f,t,0.9,f,,t,70,t,0.8,t,87,f,,other,-,850304029,otro
30,M,f,f,f,f,f,f,f,f,f,f,f,f,f,f,t,0.2,t,1.9,t,86,t,0.9,t,96,f,,other,-,850304038,otro
28,F,t,f,f,f,f,f,f,f,f,f,f,f,f,f,t,0.2,t,2,t,115,t,0.92,t,124,f,,other,-,850304045,otro
58,F,f,f,f,f,f,f,f,t,t,f,f,f,f,f,t,0.2,f,,t,256,t,0.9,t,283,f,,other,A,850304049,hipertiroidismo
65,M,f,f,f,f,f,f,f,f,f,f,f,f,f,f,t,0.2,t,1.9,t,134,t,0.98,t,137,f,,SVI,-,850305001,otro
43,M,f,f,f,f,f,f,f,f,f,f,f,f,f,f,t,0.2,t,1.9,t,98,t,0.89,t,110,f,,SVHC,-,850305011,otro
63,F,f,t,f,t,f,f,f,f,f,f,f,f,f,f,t,0.2,t,0.9,t,110,t,0.82,t,134,f,,SVI,K,850305013,otro
63,F,f,f,f,f,f,f,f,f,f,f,f,f,f,f,t,0.9,t,2.1,t,153,t,1.22,t,126,f,,other,-,850305014,otro
63,F,f,f,f,f,f,f,f,f,f,f,f,f,f,f,t,1.4,t,1.9,t,118,f,,f,,f,,other,-,850305015,otro
36,F,t,f,f,f,f,f,f,f,f,f,f,f,f,f,t,2.1,t,2.4,t,179,t,1.36,t,131,f,,other,-,850305016,otro
71,F,t,f,f,f,f,f,f,f,f,f,f,f,f,f,t,0.2,t,1.6,t,122,t,0.81,t,152,f,,other,-,850305020,otro
43,F,t,f,f,f,f,f,f,f,f,f,f,f,f,f,t,0.2,f,,t,197,t,1.08,t,182,f,,other,N,850305032,otro
43,F,t,f,f,f,f,f,f,t,f,f,f,f,f,f,t,2.6,t,1.8,t,137,t,1.02,t,134,f,,other,-,850305043,otro
50,M,f,f,f,f,f,f,f,f,f,f,f,f,f,f,t,0.2,t,1.8,t,123,t,0.97,t,126,f,,other,-,850305044,otro
42,F,f,f,f,f,f,f,f,f,f,f,f,f,f,f,t,2.3,t,1.1,t,93,t,0.73,t,127,f,,other,-,850305045,otro
55,M,f,f,f,f,f,f,f,f,f,f,f,f,f,f,t,2.1,t,0.8,t,75,t,0.77,t,98,f,,SVI,K,850305046,otro
53,F,f,f,f,f,f,f,f,f,f,f,f,f,f,f,t,3.1,t,2.4,t,87,t,0.94,t,93,f,,SVHC,-,850306007,otro
61,F,f,f,f,t,f,f,f,f,f,f,f,f,f,f,t,0.2,t,3.8,t,252,t,1.13,t,222,f,,other,A,850306013,hipertiroidismo
37,M,f,t,f,f,f,f,f,f,f,f,f,f,f,f,f,,f,,t,116,t,0.9,t,128,f,,other,-,850306015,otro
45,F,f,f,f,f,f,f,f,f,f,f,f,f,f,f,t,0.2,t,2,t,87,f,,f,,f,,other,-,850306023,otro
26,F,f,f,f,f,f,t,f,f,t,f,f,f,f,f,t,11,f,,t,89,t,1.04,t,86,f,,other,-,850306024,otro
26,F,f,f,f,f,f,f,f,f,f,f,f,f,f,f,t,0.2,t,5.1,t,187,t,1.17,t,160,f,,other,A,850306048,hipertiroidismo
84,F,t,f,f,f,f,f,f,f,f,f,f,f,f,f,t,0.2,t,0.7,t,137,t,0.84,t,164,f,,SVI,L,850306049,otro
59,F,f,f,f,f,f,f,f,f,f,f,f,f,f,f,t,4.3,t,1.2,t,59,t,0.83,t,71,f,,SVI,-,850306050,otro
62,F,f,f,f,f,f,f,f,f,t,f,f,f,f,f,t,0.2,t,0.8,t,124,t,0.9,t,137,f,,SVI,K,850306051,otro
67,M,f,f,f,f,f,f,f,f,f,f,f,f,f,f,t,0.2,t,1.9,t,109,t,1.03,t,106,f,,SVI,-,850306052,otro
67,,f,f,f,f,f,f,f,f,f,f,f,f,f,f,t,2.8,t,2.2,t,105,t,0.91,t,115,f,,other,-,850306053,otro
78,F,f,f,f,f,f,f,f,f,f,f,f,f,f,f,t,6.3,t,1.1,t,56,t,0.86,t,65,f,,SVI,GK,850306054,hipotiroidismo
85,F,f,f,f,f,f,f,f,f,f,f,f,f,f,f,t,0.2,t,1.3,t,111,t,0.94,t,118,f,,SVI,-,850306055,otro
53,F,f,f,f,f,f,f,f,f,f,f,f,f,f,f,t,25,t,0.4,t,39,t,0.61,t,64,f,,SVI,F,850306061,hipotiroidismo
49,F,f,f,f,t,f,f,f,f,f,f,f,f,f,f,t,1,t,1.6,t,93,t,0.94,t,99,f,,other,-,850306062,otro
1,M,t,f,f,f,f,f,f,f,f,f,f,f,f,f,f,,f,,f,,f,,f,,t,3.1,other,-,850306065,otro
20,F,f,f,f,f,f,f,f,f,f,f,f,f,f,f,t,0.9,t,3.3,t,156,t,1.67,t,93,f,,STMW,I,850307002,otro
59,F,t,f,f,f,f,f,f,f,f,f,f,f,f,f,t,0.2,t,2.8,t,142,t,0.99,t,143,f,,other,-,850307015,otro
56,F,t,f,f,f,f,f,t,t,f,f,f,f,f,f,t,2.2,t,1.4,t,88,t,0.77,t,114,f,,other,-,850307016,otro
18,,t,f,f,f,f,f,f,f,f,f,f,f,f,f,t,0.2,t,2.1,t,120,t,1.12,t,107,f,,other,-,850307017,otro
78,F,f,f,f,f,f,f,f,f,f,f,f,f,f,f,t,0.9,t,2.3,t,112,t,1.08,t,104,f,,other,-,850307018,otro
69,F,f,f,f,f,f,f,f,f,f,f,f,f,f,f,t,6.8,t,2.2,t,77,f,,f,,f,,other,G,850307023,hipotiroidismo
52,F,f,f,f,f,f,f,f,f,f,f,f,f,f,f,t,0.9,t,2.7,t,114,t,1.31,t,87,f,,other,-,850307024,otro
46,M,f,f,f,f,f,f,f,f,f,f,f,f,f,f,t,0.8,t,2.1,t,108,t,0.91,t,119,f,,other,-,850307025,otro
66,F,t,f,f,f,f,f,f,f,f,f,f,f,f,f,t,0.2,t,2.5,t,142,t,1.25,t,113,f,,other,-,850307031,otro
66,F,f,f,f,f,f,f,f,f,f,f,f,f,f,f,t,0.2,t,1.6,t,137,t,0.95,t,144,f,,other,-,850307033,otro
36,F,f,f,f,f,f,f,f,f,f,f,f,f,f,f,t,0.8,t,2.3,t,72,t,1.05,t,68,f,,other,-,850307034,otro
63,M,f,t,f,f,f,f,f,f,f,f,f,f,f,f,f,,f,,t,52,t,0.85,t,61,f,,other,-,850307037,otro
49,F,t,f,f,f,f,f,t,f,t,f,f,f,f,f,t,0.2,t,2.4,t,137,f,,f,,f,,other,-,850307040,otro
68,M,f,f,f,f,f,f,f,f,f,f,f,f,f,f,f,,f,,f,,f,,f,,t,22,other,-,850307051,otro
64,F,f,f,f,f,f,f,f,f,f,f,f,f,f,f,f,,f,,f,,f,,f,,t,29,other,-,850307053,otro
68,F,f,f,f,f,f,f,t,f,f,f,f,f,f,f,t,1.6,t,2.5,t,99,t,1.09,t,90,f,,other,-,850307055,otro
73,F,f,f,f,f,f,t,f,f,f,f,f,f,f,f,t,3,t,1.9,t,106,f,,f,,f,,other,-,850307056,otro
57,F,f,f,f,f,f,f,t,f,f,f,f,f,f,f,t,0.1,t,2.4,t,81,t,0.89,t,91,f,,other,-,850307057,otro
29,M,f,f,f,t,f,f,f,f,f,f,f,f,f,f,t,1.3,t,0.9,t,74,t,0.71,t,104,f,,SVI,K,850307058,otro
29,F,f,f,f,t,f,f,f,f,f,f,f,f,f,f,t,0.2,t,0.9,t,54,t,0.76,t,72,f,,SVI,K,850307059,otro
77,F,f,f,f,f,f,f,f,f,f,f,f,f,f,f,t,0.2,t,1.6,t,84,t,0.87,t,97,f,,SVI,-,850307060,otro
65,F,f,f,f,f,f,f,f,f,f,f,f,f,f,f,t,0.2,t,2.4,t,129,t,0.98,t,131,f,,SVHC,-,850307062,otro
62,M,f,f,f,f,f,f,f,f,f,f,f,f,f,f,t,1.1,t,1.7,t,105,t,1.02,t,103,f,,SVHC,-,850307063,otro
35,M,f,f,f,f,f,f,f,f,t,f,f,f,f,f,f,,t,2.2,t,81,t,0.96,t,84,f,,other,-,850307064,otro
43,M,f,f,f,f,f,f,f,f,f,f,f,f,f,f,t,0.1,f,,t,62,t,0.94,t,66,f,,other,-,850307070,otro
38,F,f,f,f,f,f,f,f,f,f,f,f,f,f,f,t,0.4,t,2.4,t,102,t,1.12,t,92,f,,other,-,850307072,otro
48,F,f,f,f,f,f,f,t,t,f,f,f,f,f,f,t,0.1,f,,t,119,t,0.91,t,131,f,,other,-,850307074,otro
35,F,f,f,f,f,f,f,f,t,f,f,f,f,f,f,t,2.3,t,2.4,t,130,t,1.11,t,117,f,,other,-,850307077,otro
78,F,f,f,f,t,f,f,f,f,f,f,f,f,f,f,f,,f,,f,,f,,f,,t,30,other,-,850307081,otro
63,F,f,f,f,f,f,f,f,t,f,f,f,f,f,f,t,2.6,t,1.3,t,128,t,1.07,t,120,f,,SVI,-,850308002,otro
52,M,f,f,f,f,f,f,f,f,f,f,f,f,f,f,t,1.1,t,2.7,t,159,t,1.19,t,134,f,,SVHC,-,850308039,otro
68,M,f,f,f,f,f,f,f,f,f,f,f,f,f,f,t,0.1,t,1.8,t,80,t,0.77,t,104,f,,SVI,-,850308040,otro
24,M,t,f,f,t,f,f,f,f,f,f,f,f,f,f,t,3.3,t,1.2,t,70,t,0.87,t,80,f,,SVI,-,850308042,otro
63,M,f,f,f,f,f,f,f,f,f,f,f,f,f,f,t,0.4,t,1.4,t,115,t,1.02,t,113,f,,SVI,-,850308043,otro
68,M,f,f,f,f,f,f,f,f,f,f,f,f,f,f,t,0.3,t,2.2,t,99,t,0.86,t,115,f,,SVI,-,850308044,otro
61,F,f,f,f,f,f,f,f,f,f,f,f,f,f,f,t,1.5,t,1.7,t,111,t,0.94,t,118,f,,SVI,-,850308045,otro
59,F,f,f,f,f,f,f,f,f,f,f,f,f,f,f,t,0.7,t,1.6,t,129,t,1.07,t,121,f,,SVI,-,850308046,otro
57,M,f,f,f,t,f,f,f,f,f,f,f,f,f,f,t,1,t,1.6,t,73,t,0.97,t,75,f,,SVI,-,850308047,otro
57,F,t,f,f,f,f,f,f,f,f,f,f,f,f,f,t,0.1,t,2.2,t,150,t,1.01,t,149,f,,SVI,-,850308048,otro
59,M,f,f,f,f,f,f,f,f,f,f,f,f,f,f,t,2.3,t,2,t,74,t,0.69,t,107,f,,SVI,-,850308049,otro
25,F,f,f,f,f,f,f,f,f,f,f,f,f,f,f,t,0.3,t,3.1,t,129,f,,f,,f,,other,I,850308052,otro
25,M,f,f,f,f,f,f,f,f,f,f,f,f,f,f,t,0.4,t,2.3,t,107,t,0.94,t,114,f,,other,-,850308053,otro
31,F,f,f,f,f,t,f,f,f,f,f,f,t,f,f,f,,t,2.9,t,159,t,1.43,t,111,f,,other,C|I,850308070,otro
36,M,f,f,f,f,f,f,f,f,f,f,f,f,f,f,f,,f,,t,95,t,0.76,t,125,f,,other,-,850308071,otro
72,F,t,f,t,f,f,f,f,f,f,f,f,f,f,f,t,0.4,f,,t,186,t,1.24,t,150,f,,other,-,850308074,otro
49,F,f,f,f,f,f,f,f,f,f,f,f,f,f,f,t,0.1,t,2.5,t,109,t,1.08,t,100,f,,other,-,850311001,otro
71,M,f,f,f,f,f,f,f,f,f,f,f,f,f,f,t,0.1,t,1.4,t,120,t,0.87,t,138,f,,other,-,850311003,otro
34,F,t,f,f,f,f,f,f,f,f,f,f,f,f,f,t,0.1,t,3.9,t,200,t,1.36,t,147,f,,STMW,I,850311009,otro
29,F,f,f,f,f,t,f,f,f,f,f,f,f,f,f,t,0.1,t,3.1,t,142,t,1.77,t,80,f,,STMW,I,850311010,otro
69,F,f,f,f,f,f,f,f,f,f,f,f,f,f,f,t,0.8,t,2.4,t,73,t,0.97,t,75,f,,other,-,850311024,otro
69,M,f,f,f,f,f,f,f,t,f,f,f,f,f,f,t,0.05,t,2.6,t,93,t,0.88,t,106,f,,other,-,850311028,otro
52,F,f,f,f,f,f,f,f,f,f,f,f,f,f,f,t,0.7,t,2,t,85,t,0.89,t,96,f,,SVHC,-,850311029,otro
32,F,f,f,f,f,t,f,f,f,f,f,f,f,f,t,t,0.5,t,3,t,167,t,1.82,t,92,f,,SVHC,I,850311036,otro
32,F,f,f,f,f,f,f,f,f,t,f,f,f,f,f,t,0.1,t,1.9,t,126,t,0.76,t,163,f,,SVI,R,850311038,otro
73,F,f,f,f,f,f,f,f,f,f,f,f,f,f,f,t,1,t,1.6,t,76,t,0.81,t,94,f,,SVI,-,850311039,otro
73,F,f,f,f,f,f,f,f,f,f,f,f,f,f,f,t,0.1,t,1.8,t,137,t,0.98,t,140,f,,other,-,850311040,otro
73,F,f,f,f,f,f,f,f,f,f,f,f,f,f,f,t,0.1,t,2,t,192,t,1.02,t,188,f,,SVI,AK,850311041,hipertiroidismo
29,F,f,f,f,f,f,f,f,f,f,f,f,f,f,f,t,0.1,t,2.2,t,85,t,1.06,t,80,f,,SVHC,-,850311042,otro
51,F,f,f,f,f,f,f,f,f,f,f,f,f,f,f,t,24,t,0.4,t,3,t,0.99,t,3,f,,other,F,850311047,hipotiroidismo
67,F,f,f,f,f,f,f,f,f,f,f,f,f,f,f,t,1.9,f,,t,152,t,1.13,t,135,f,,other,-,850311048,otro
25,F,f,f,f,f,f,t,f,f,f,f,f,f,f,f,t,4.9,f,,t,74,t,0.92,t,80,f,,other,-,850311053,otro
32,F,f,f,f,f,f,f,f,f,f,f,f,f,f,f,t,2.4,f,,t,59,t,0.5,t,119,f,,other,J,850312001,otro
32,F,f,f,f,f,f,f,f,f,f,f,f,f,f,f,t,0.05,t,1.4,t,139,t,0.88,t,157,f,,SVI,R,850312002,otro
27,M,f,f,f,f,f,f,f,f,f,f,f,f,f,f,f,,t,2.3,t,100,t,0.88,t,113,f,,other,-,850312011,otro
33,F,f,f,f,f,f,f,f,f,f,f,f,f,f,f,f,,f,,t,87,t,0.86,t,101,f,,other,-,850312032,otro
33,F,f,f,f,f,f,f,f,t,f,f,f,f,f,f,t,16,t,1.7,t,75,f,,f,,f,,other,G,850312036,hipotiroidismo
59,M,f,f,f,f,f,f,f,f,f,f,f,f,f,f,t,1.5,t,2.1,t,77,t,0.72,t,107,f,,SVI,-,850312037,otro
78,F,f,f,f,t,f,f,f,f,f,f,f,f,f,f,t,1,t,2.3,t,96,t,1.05,t,92,f,,SVI,-,850312038,otro
64,F,f,f,f,f,f,f,f,f,f,f,f,f,f,f,t,1.5,t,2.8,t,130,t,1.18,t,111,f,,SVI,-,850312039,otro
71,M,f,f,f,f,f,f,f,f,f,f,f,f,f,f,t,1.9,t,1.2,t,61,t,0.8,t,76,f,,other,-,850312040,otro
55,F,f,f,f,f,f,f,f,f,f,f,f,f,f,f,t,1.6,t,1.7,t,76,t,0.65,t,116,f,,SVHC,-,850312042,otro
55,F,t,f,f,f,f,f,f,f,f,f,f,f,f,f,t,0.05,t,2,t,149,t,1.09,t,136,f,,other,-,850312056,otro
62,F,f,f,f,f,f,f,f,f,f,f,f,f,f,f,t,0.4,t,2.2,t,85,t,1.07,t,79,f,,other,-,850313001,otro
17,F,f,f,f,f,f,f,f,f,f,f,f,f,f,f,f,,f,,f,,f,,f,,t,20,other,-,850313014,otro
35,F,f,f,f,f,f,f,f,f,f,f,f,f,f,f,f,,f,,f,,f,,f,,t,31,other,S,850313019,otro
35,F,f,f,f,f,f,f,f,f,f,f,f,f,f,f,t,1.5,t,2,t,93,t,1.01,t,93,f,,other,-,850313024,otro
56,F,f,f,f,f,f,f,f,f,f,f,f,f,f,f,f,,t,2.1,t,113,t,0.94,t,120,f,,other,-,850313039,otro
26,F,f,f,f,t,f,f,f,f,f,f,f,f,f,f,t,1.3,t,2.5,t,132,t,1.24,t,107,f,,other,-,850313057,otro
74,F,f,f,f,f,f,f,f,f,f,f,f,f,f,f,t,1,t,1.8,t,105,t,0.9,t,117,f,,other,-,850313058,otro
92,F,t,f,f,f,f,f,f,f,f,f,f,t,f,f,t,0.3,f,,f,,f,,f,,f,,other,-,850313064,otro
79,F,f,f,f,f,f,f,f,f,f,f,f,f,f,f,t,2.1,t,2.2,t,97,t,1.01,t,97,f,,other,-,850313071,otro
70,F,f,f,f,f,f,f,f,f,f,f,f,f,f,f,t,0.9,t,1.8,t,94,t,0.82,t,115,f,,SVI,-,850313072,otro
42,F,f,f,f,f,f,f,f,f,f,f,f,f,f,f,t,3.3,t,1.7,t,56,t,0.9,t,62,f,,SVI,K,850313073,otro
76,M,f,f,f,f,f,f,f,f,f,f,f,f,f,f,t,0.3,t,2.3,t,146,t,1,t,146,f,,SVI,-,850313074,otro
76,F,f,f,f,f,f,f,f,f,f,f,f,f,f,f,t,1.2,t,2.5,t,133,t,1.16,t,115,f,,other,-,850313075,otro
59,F,f,f,f,f,f,f,f,f,f,f,f,f,f,f,t,0.3,t,2.1,t,82,t,0.88,t,93,f,,other,-,850313076,otro
75,M,f,f,f,f,f,f,f,f,f,f,f,f,f,f,t,1,t,1.5,t,121,t,0.8,t,153,f,,SVI,-,850313077,otro
53,M,f,f,f,f,f,f,f,f,f,f,f,f,f,f,t,0.3,t,1.2,t,105,t,0.91,t,115,f,,SVHC,-,850313078,otro
46,M,f,f,f,f,f,f,f,f,f,f,f,f,f,t,t,1.1,t,2.9,t,125,t,1.02,t,122,f,,SVHC,-,850313079,otro
70,F,f,f,f,t,f,f,f,f,f,f,f,f,f,f,t,0.3,t,1.8,t,98,t,0.93,t,105,f,,SVHD,-,850313080,otro
75,M,f,f,f,f,f,f,f,f,f,f,f,f,f,f,t,1.8,t,2,t,84,t,0.9,t,93,f,,SVI,-,850313081,otro
75,F,f,f,f,f,f,f,f,f,f,f,f,f,f,f,t,2.4,t,2.6,t,108,t,1.05,t,102,f,,SVI,-,850314001,otro
75,F,f,f,f,f,f,f,f,f,f,f,f,f,f,f,t,0.3,t,2.1,t,117,t,0.95,t,123,f,,SVI,-,850314003,otro
57,F,f,f,f,f,f,f,f,f,f,f,f,f,f,f,t,1.5,t,2.5,t,135,t,1.02,t,132,f,,other,-,850314007,otro
41,F,f,f,f,f,f,f,t,f,f,f,f,f,f,f,t,0.3,t,2.3,t,111,t,0.83,t,134,f,,other,-,850314010,otro
26,F,f,f,f,f,f,f,f,f,f,f,f,f,f,f,t,2.3,t,1.8,t,93,t,1.19,t,78,f,,other,-,850314011,otro
23,F,f,f,f,f,f,f,f,f,f,f,f,f,f,f,t,0.7,t,1.9,t,116,t,0.89,t,130,f,,other,-,850314015,otro
71,F,t,f,f,f,f,f,f,f,f,f,f,f,f,f,t,3.6,t,1.7,t,89,t,1.04,t,86,f,,other,-,850314016,otro
32,F,t,f,f,f,t,f,f,f,t,f,f,f,f,f,t,0.3,t,3,t,101,t,1.14,t,89,f,,other,I,850314017,otro
71,F,f,f,f,f,f,f,f,f,f,f,f,f,f,f,t,0.3,t,2.3,t,120,t,0.8,t,149,f,,other,-,850314032,otro
71,F,f,f,f,f,f,f,f,f,f,f,f,f,f,f,t,0.3,t,2.1,t,119,t,1.03,t,116,f,,other,-,850314036,otro
62,F,f,f,f,f,f,f,f,f,f,f,f,f,f,f,t,0.3,t,2,t,89,t,0.89,t,99,f,,other,-,850314037,otro
54,F,t,f,f,f,f,f,f,f,f,f,f,f,f,f,t,0.3,t,2.3,t,134,t,0.82,t,163,f,,other,L,850314038,otro
49,F,t,f,f,f,f,f,f,f,f,f,f,f,f,f,t,0.8,t,2.5,t,205,t,1.2,t,170,f,,other,L,850314040,otro
54,F,f,f,f,f,f,f,f,f,f,f,f,t,f,f,f,,f,,t,96,t,1.28,t,75,f,,other,I,850314042,otro
52,F,f,f,f,f,f,f,f,f,f,f,f,f,f,f,t,0.3,f,,t,129,t,0.19,t,142,f,,other,-,850314044,otro
45,F,t,f,f,f,f,f,f,f,f,f,f,f,f,f,t,0.9,t,2.3,t,138,t,1.01,t,126,f,,other,-,850314045,otro
60,M,f,f,f,f,f,f,f,f,f,f,f,f,f,f,t,0.3,t,1.8,t,114,t,1,t,114,f,,SVI,-,850314046,otro
65,M,f,f,f,f,f,f,f,f,f,f,f,f,f,f,t,14.799999,t,1.5,t,61,t,0.85,t,72,f,,SVI,G,850314047,hipotiroidismo
72,M,f,f,f,f,f,f,f,f,f,f,f,f,f,f,t,0.7,t,2,t,82,t,0.94,t,87,f,,SVI,-,850314048,otro
54,F,t,f,f,f,f,f,f,f,f,f,f,f,f,f,t,7,f,,t,95,t,0.98,t,98,f,,other,M,850314056,otro
21,F,f,f,f,f,f,f,f,f,f,f,f,f,f,f,f,,t,3.1,f,,f,,f,,f,,other,-,850314057,otro
21,F,f,f,f,f,f,f,f,f,f,f,f,f,f,f,t,0.9,t,1.8,t,84,t,0.75,t,113,f,,other,-,850314065,otro
21,F,f,f,f,f,f,f,f,f,f,f,f,f,f,f,t,0.3,t,2.6,t,106,t,1.06,t,101,f,,other,-,850314066,otro
73,F,f,f,f,f,f,f,f,f,f,f,f,f,f,f,t,2.5,t,2.1,t,123,t,1.03,t,119,f,,SVI,-,850314068,otro
58,F,f,f,f,f,f,f,f,t,f,f,f,f,f,f,t,1.3,t,1.9,t,66,t,0.96,t,68,f,,other,-,850314070,otro
57,F,f,f,f,f,f,f,f,f,t,f,f,f,f,f,f,,f,,f,,f,,f,,t,23,other,-,850314076,otro
35,F,f,f,f,f,f,f,f,f,f,f,f,f,f,f,f,,f,,f,,f,,f,,t,35,other,S,850314078,otro
60,M,f,f,f,f,f,f,f,f,f,f,f,f,f,f,f,,f,,f,,f,,f,,t,17,other,-,850314079,otro
56,M,f,f,f,f,f,f,f,f,f,f,f,f,f,f,f,,f,,f,,f,,f,,t,17,other,-,850314080,otro
51,F,f,f,f,f,f,f,f,f,f,f,f,f,f,f,f,,f,,f,,f,,f,,t,49,other,S,850314081,otro
55,F,f,f,f,f,f,f,f,f,f,f,f,f,f,f,f,,f,,f,,f,,f,,t,23,other,-,850314082,otro
32,F,f,f,f,f,f,t,f,f,f,f,f,f,f,f,t,1.8,t,2.2,t,101,t,1.13,t,90,f,,other,-,850314085,otro
52,M,f,f,f,f,f,f,f,f,f,f,f,f,f,f,t,0.25,f,,t,119,t,0.92,t,129,f,,other,-,850314086,otro
60,F,f,f,f,f,f,f,t,t,f,f,f,f,f,f,t,5.9,f,,t,126,t,1.13,t,111,f,,other,-,850314087,otro
77,M,t,f,f,f,f,f,f,f,f,f,f,f,f,f,t,0.9,f,,t,131,t,0.74,t,176,f,,other,-,850314089,otro
38,F,f,f,f,f,f,f,f,f,f,f,f,f,f,f,t,0.9,t,2.4,t,91,f,,f,,f,,other,-,850315002,otro
73,F,f,f,f,t,f,f,f,f,f,f,f,f,f,f,t,0.8,t,1.9,t,121,t,1.01,t,119,f,,other,-,850315007,otro
80,F,f,f,f,f,f,f,f,f,f,f,f,f,f,f,t,2.1,t,1.4,t,111,t,0.97,t,115,f,,SVI,-,850315008,otro
53,M,f,f,f,f,f,f,f,f,f,f,f,f,f,f,t,1,t,2.2,t,108,t,0.89,t,121,f,,other,-,850315010,otro
39,F,f,f,f,f,f,f,f,f,f,f,f,f,f,f,t,1.5,t,1.9,t,102,t,0.87,t,118,f,,SVI,-,850315032,otro
77,F,f,f,f,f,f,f,f,f,f,f,f,f,f,f,t,1.6,t,2.3,t,144,t,0.95,t,152,f,,SVI,-,850315033,otro
20,M,f,f,f,f,f,f,f,f,f,f,f,f,f,t,t,1.6,t,2.4,t,93,t,0.92,t,101,f,,SVI,-,850315034,otro
54,F,f,f,f,f,f,f,f,f,f,f,f,f,f,f,t,1.6,t,2.9,t,115,t,1.07,t,107,f,,other,-,850315038,otro
77,F,f,f,f,f,f,f,f,f,f,f,f,f,f,f,f,,t,2.6,f,,f,,f,,f,,other,-,850315061,otro
69,F,f,f,f,f,f,f,f,f,f,f,f,f,f,f,t,1.2,t,2.3,t,135,t,1.07,t,127,f,,other,-,850315062,otro
46,F,f,f,f,f,f,f,f,f,f,f,f,f,f,f,t,2.5,f,,t,109,t,1.11,t,98,f,,other,-,850318010,otro
51,F,t,f,f,f,f,f,f,f,f,f,f,f,f,f,t,1.4,f,,t,151,t,1.06,t,142,f,,other,-,850318013,otro
44,M,f,f,f,f,f,f,f,f,f,f,f,f,f,f,f,,f,,t,118,t,0.95,t,124,f,,other,-,850318014,otro
68,,f,f,f,f,f,f,f,f,f,f,f,f,f,f,t,26,t,0.3,t,6,t,0.8,t,7.6,f,,other,F,850318018,hipotiroidismo
58,F,t,f,f,f,f,f,f,f,f,f,f,f,f,f,t,1.3,f,,t,123,t,0.93,t,132,f,,other,-,850318019,otro
36,F,f,f,f,t,f,f,f,f,f,f,f,f,f,f,f,,t,1.8,t,82,f,,f,,f,,SVI,-,850318021,otro
26,M,f,f,f,f,f,f,f,f,f,f,f,f,f,f,t,1.4,t,1.5,t,90,t,0.9,t,100,f,,SVHC,-,850318024,otro
61,F,t,f,f,f,f,f,f,t,f,f,f,f,f,f,f,,t,2,t,147,f,,f,,f,,other,-,850318027,otro
49,M,f,f,f,f,f,f,f,f,f,f,f,f,f,f,t,2.4,t,2.7,t,93,t,0.99,t,94,f,,SVHC,-,850318028,otro
70,F,f,f,f,f,f,f,f,f,f,f,f,f,f,f,t,1,t,2,t,91,t,0.95,t,96,f,,SVI,-,850318031,otro
62,F,f,f,f,f,f,f,f,f,t,f,f,f,f,f,t,1.2,f,,t,84,t,0.9,t,94,f,,other,-,850318032,otro
56,F,f,f,f,f,f,f,f,f,f,f,f,f,f,f,t,1.9,f,,t,129,t,1.05,t,123,f,,other,-,850318033,otro
67,M,f,f,f,f,f,f,f,f,f,f,f,f,f,f,t,0.8,t,2.3,t,104,t,1.04,t,100,f,,SVI,-,850318035,otro
45,M,f,f,f,f,f,f,f,f,t,f,f,f,f,f,t,0.2,t,2.1,t,101,t,0.84,t,121,f,,SVI,-,850318036,otro
32,F,f,f,f,f,f,f,f,f,f,f,f,f,f,f,f,,f,,f,,f,,f,,t,19,other,-,850318047,otro
53,F,f,f,f,f,f,f,f,f,f,f,f,f,f,f,t,1.1,t,2.2,t,83,t,1.05,t,79,f,,other,-,850318055,otro
45,F,t,f,f,f,f,f,f,f,f,f,f,f,f,f,t,0.2,t,2,t,133,t,0.98,t,136,f,,other,-,850318059,otro
38,M,t,f,f,f,f,f,f,f,f,f,f,f,f,f,t,0.2,t,2,t,78,t,0.85,t,92,f,,SVI,-,850319004,otro
73,F,f,f,f,f,f,f,f,f,t,f,f,f,f,f,t,0.2,t,2.5,t,136,t,0.89,t,153,f,,other,-,850319011,otro
62,F,f,f,f,f,f,f,f,f,f,f,f,f,f,f,t,1.3,t,1.8,t,112,t,0.89,t,126,f,,SVI,-,850319014,otro
37,F,f,f,f,f,f,t,f,f,f,f,f,f,f,f,t,27,t,1.7,t,87,f,,f,,f,,other,Q,850319024,otro
35,F,f,f,f,f,f,f,f,f,f,f,f,f,f,t,t,1.2,t,1.9,t,95,t,1.1,t,87,f,,SVHC,-,850319045,otro
35,F,f,f,f,f,f,f,f,f,f,f,f,f,f,f,t,1.2,t,2,t,89,f,,f,,f,,other,-,850319046,otro
35,M,f,f,f,f,f,f,f,f,f,f,f,f,f,f,t,0.2,t,1,t,68,t,0.88,t,78,f,,SVI,K,850319047,otro
81,M,f,f,f,f,f,f,f,f,f,f,f,f,f,f,t,1.4,t,2,t,97,t,1.2,t,81,f,,other,-,850319048,otro
81,F,f,f,f,f,f,f,f,f,f,f,f,f,f,f,t,0.2,t,2.2,t,133,t,0.78,t,171,f,,other,R,850319049,otro
62,F,f,f,f,f,f,f,f,f,f,f,f,f,f,f,t,0.8,t,1.3,t,110,t,1.12,t,98,f,,other,-,850319050,otro
50,F,f,f,f,f,f,f,f,f,f,f,f,f,f,f,t,3.1,t,1.9,t,77,t,0.8,t,97,f,,SVI,-,850319053,otro
62,M,t,f,f,f,f,f,f,f,f,f,f,f,f,f,f,,t,2.6,t,142,f,,f,,f,,other,-,850319057,otro
27,F,f,f,t,f,f,f,f,f,f,f,f,f,f,f,t,2.3,t,2.6,t,100,f,,f,,f,,other,-,850319058,otro
37,M,f,f,f,f,f,f,f,f,f,f,f,f,f,f,f,,t,4.3,t,187,t,0.96,t,194,f,,other,A,850319067,hipertiroidismo
51,M,t,f,f,f,f,f,f,f,f,f,f,f,f,f,f,,f,,t,71,t,0.87,t,82,f,,other,-,850319068,otro
70,F,f,f,f,f,f,f,f,f,f,f,f,t,f,f,t,1.6,t,1.8,t,107,t,1.11,t,97,f,,other,-,850320001,otro
52,F,f,f,f,f,f,f,f,f,f,f,f,f,f,f,t,0.2,f,,t,105,t,0.97,t,108,f,,other,-,850320016,otro
47,F,f,f,f,f,f,f,f,f,f,f,f,f,f,f,t,3.2,t,1.8,t,95,t,1.09,t,87,f,,SVHC,-,850320017,otro
29,F,f,f,f,f,f,f,f,f,f,f,f,f,f,f,t,0.8,t,3.1,t,169,t,1.49,t,114,f,,STMW,I,850320024,otro
27,F,f,f,f,f,f,f,f,f,f,f,f,f,f,f,f,,f,,f,,f,,f,,t,25,other,-,850320040,otro
32,F,f,f,f,f,f,f,f,f,f,f,f,f,f,f,f,,f,,f,,f,,f,,t,24,other,-,850320048,otro
52,F,f,f,f,f,f,f,f,f,f,f,f,f,f,f,f,,f,,f,,f,,f,,t,30,other,-,850320050,otro
52,F,f,f,f,f,f,f,f,f,f,f,f,f,f,f,t,1.7,t,2.1,t,103,t,1.03,t,100,f,,other,-,850320061,otro
52,F,f,f,f,f,f,f,f,f,f,f,f,f,f,f,t,2.9,t,2,t,73,t,1.04,t,70,f,,other,-,850320070,otro
75,F,t,f,f,f,f,f,f,f,f,f,f,f,f,f,t,0.1,t,1.9,t,152,t,0.81,t,188,f,,other,N,850320071,otro
25,F,f,f,f,t,f,f,f,f,f,f,f,t,f,f,t,0.1,t,1.7,t,92,t,0.89,t,103,f,,other,-,850320072,otro
49,F,f,t,f,f,f,f,f,f,f,f,f,f,f,f,t,0.1,t,2.7,t,141,t,1.17,t,120,f,,SVI,-,850320076,otro
30,F,f,f,f,f,f,f,f,f,f,f,f,f,f,f,t,2.6,t,2.1,t,97,f,,f,,f,,other,-,850320077,otro
73,F,f,f,f,t,f,f,f,f,f,f,f,f,f,f,t,1.6,t,2,t,105,t,1.17,t,89,f,,SVI,-,850320079,otro
12,M,f,f,f,f,f,f,f,f,f,f,f,f,f,f,t,2.1,t,2.7,t,93,f,,f,,f,,SVI,-,850320081,otro
63,F,t,f,f,f,f,f,f,f,f,f,f,f,f,f,t,0.1,f,,t,117,t,0.98,t,120,f,,other,-,850320082,otro
21,F,f,f,f,f,t,f,f,f,f,f,f,f,f,f,f,,f,,f,,f,,f,,t,100,other,S,850320090,otro
43,F,f,f,f,f,f,f,f,f,f,f,f,f,f,f,f,,f,,f,,f,,f,,t,37,other,S,850320092,otro
26,F,f,f,f,f,f,f,f,f,f,f,f,f,f,f,f,,f,,f,,f,,f,,t,22,other,-,850320093,otro
58,F,f,f,f,f,f,f,f,f,f,f,f,f,f,f,t,0.1,t,2,t,101,t,1.2,t,84,f,,SVHC,-,850321001,otro
42,F,f,f,f,f,f,f,f,f,f,f,f,f,f,f,t,1.8,t,2,t,66,t,0.93,t,71,f,,SVHC,-,850321002,otro
42,F,f,f,f,f,f,f,f,f,f,f,f,f,f,f,t,0.1,t,1.5,t,87,t,0.8,t,109,f,,other,-,850321004,otro
70,F,t,f,f,f,f,f,f,f,f,f,f,f,f,f,t,0.1,t,1.8,t,170,t,0.99,t,171,f,,SVHD,N,850321005,otro
57,F,f,f,f,t,f,f,f,f,f,f,f,f,f,f,t,1.2,t,1.4,t,118,t,1.02,t,116,f,,SVI,-,850321006,otro
43,M,f,f,f,f,f,f,f,f,f,f,f,f,f,f,t,1.5,t,1.2,t,78,t,0.72,t,108,f,,other,-,850321007,otro
37,F,f,f,f,f,f,f,f,f,f,f,f,f,f,f,t,18,t,1.5,t,98,t,0.88,t,112,f,,other,G,850321008,hipotiroidismo
63,M,f,f,f,f,f,f,f,f,f,f,f,f,f,f,t,1.1,t,2.3,t,90,t,0.88,t,102,f,,other,-,850321014,otro
49,F,f,f,f,f,f,f,f,f,f,f,f,f,f,f,t,0.1,t,0.3,t,32,t,0.53,t,60,f,,SVI,K,850321018,otro
37,F,f,f,f,f,f,f,f,f,f,f,f,f,f,f,t,1.2,t,2,t,103,t,1.09,t,95,f,,SVI,-,850321020,otro
21,F,f,f,f,f,f,f,f,f,t,f,f,f,f,f,t,0.4,t,3.4,t,189,t,1.35,t,140,f,,other,I,850321022,otro
19,F,f,f,t,f,f,f,f,f,f,f,f,f,f,f,t,0.1,t,4.2,t,128,t,0.98,t,130,f,,other,-,850321023,otro
75,F,t,f,f,f,f,f,f,f,f,f,f,f,f,f,t,0.1,t,3.1,t,141,t,0.95,t,149,f,,other,-,850321026,otro
29,F,f,f,f,f,f,f,f,f,f,f,f,f,f,f,f,,f,,t,90,t,1,t,90,f,,other,-,850321027,otro
74,F,f,f,f,f,f,f,f,f,f,f,f,f,f,f,t,2.2,t,2.6,t,84,t,0.98,t,86,f,,other,-,850321029,otro
26,F,f,f,f,f,f,f,f,f,f,f,f,f,f,f,t,2,f,,t,137,t,1.63,t,84,f,,other,I,850321047,otro
73,M,f,f,f,f,f,f,f,f,f,f,f,f,f,f,t,0.4,t,2.3,t,94,t,0.9,t,105,f,,SVI,-,850321048,otro
53,M,f,f,f,f,f,f,f,f,f,f,f,f,f,f,t,0.4,f,,t,115,t,0.9,t,128,f,,SVI,-,850321050,otro
53,F,f,f,f,f,f,f,f,f,f,f,f,f,f,f,t,0.1,f,,t,184,t,1.21,t,153,f,,other,-,850321051,otro
70,F,f,f,f,f,f,f,f,f,f,f,f,f,f,f,t,0.8,t,1.8,t,82,t,0.77,t,107,f,,other,-,850321053,otro
58,F,t,f,f,f,f,t,f,f,f,f,f,f,f,f,t,0.5,t,2.3,t,115,t,1,t,115,f,,other,-,850322013,otro
78,F,f,f,f,f,f,f,f,f,f,f,f,f,f,f,t,10,t,2,t,69,t,0.96,t,71,f,,SVI,G,850322014,hipotiroidismo
33,M,f,f,f,f,f,f,f,f,f,f,f,f,f,f,t,1,t,2.4,t,120,t,0.98,t,123,f,,SVHC,-,850322036,otro
65,F,f,f,f,f,f,f,f,f,f,f,f,f,f,f,t,0.6,t,2,t,144,t,1,t,145,f,,SVHC,-,850322037,otro
63,F,f,f,f,f,f,f,f,f,f,f,f,f,f,f,t,2,t,1.8,t,133,t,1.16,t,115,f,,SVI,-,850322038,otro
60,M,f,f,f,f,f,f,f,f,f,f,f,f,f,f,t,0.4,t,2.4,t,77,t,0.99,t,78,f,,SVI,-,850322039,otro
53,M,f,f,f,f,f,f,f,f,f,f,f,f,f,f,t,1,t,2.1,t,74,t,0.9,t,83,f,,SVI,-,850322040,otro
77,F,f,f,f,f,f,f,f,f,f,f,f,f,f,f,t,1,t,2.4,t,101,t,1.17,t,87,f,,other,-,850322041,otro
77,M,f,f,f,f,f,f,f,f,f,f,f,f,f,f,t,0.6,t,1.2,t,146,t,0.93,t,157,f,,SVI,R,850322042,otro
77,M,f,f,f,f,f,f,f,f,f,f,f,f,f,f,t,3.9,t,2,t,105,t,1.05,t,100,f,,SVI,-,850322043,otro
39,M,f,f,f,f,f,f,f,f,f,f,f,f,f,f,t,1.4,t,2.4,t,112,t,1.03,t,109,f,,other,-,850322053,otro
56,F,f,f,f,f,f,f,f,f,f,f,f,f,f,f,t,0.05,f,,t,230,t,1.06,t,217,f,,other,A,850325001,hipertiroidismo
19,F,f,f,f,f,f,f,f,f,f,f,f,f,f,f,t,1.3,t,2.5,t,151,t,1.21,t,125,f,,other,-,850325008,otro
84,F,f,f,f,f,f,f,f,f,f,f,f,f,f,f,t,2.2,t,0.3,t,73,t,0.85,t,86,f,,other,K,850325009,otro
67,M,f,t,f,f,f,f,f,f,f,f,f,f,f,f,f,,f,,t,106,t,0.92,t,115,f,,other,-,850325029,otro
67,F,f,f,f,f,f,f,f,f,f,f,f,f,f,f,t,1.7,t,2.3,t,104,f,,f,,f,,SVI,-,850325045,otro
49,M,f,f,f,f,f,f,f,f,f,f,f,f,f,f,t,0.5,t,1.8,t,128,t,1,t,128,f,,SVI,-,850325047,otro
70,F,f,f,f,f,f,f,f,f,f,f,f,f,f,f,t,1.8,t,1.8,t,85,t,0.92,t,92,f,,SVHC,-,850325048,otro
74,F,f,f,f,t,f,f,f,f,f,f,f,f,f,f,t,3,t,1.2,t,96,t,0.93,t,103,f,,SVI,-,850325050,otro
66,F,f,f,f,t,f,f,f,f,f,f,f,f,f,f,t,0.1,t,0.6,t,121,t,0.85,t,143,f,,SVI,K,850325051,otro
33,F,f,f,f,f,f,f,f,f,f,f,f,f,f,f,t,0.5,t,1.9,t,92,t,0.92,t,101,f,,other,-,850326014,otro
89,F,f,f,f,f,f,f,f,f,f,f,f,f,f,f,t,0.7,t,1.5,t,120,t,0.92,t,130,f,,SVI,-,850326016,otro
39,F,f,f,f,f,f,t,f,f,t,f,f,f,f,f,t,4,t,1.7,t,63,f,,f,,f,,other,-,850326034,otro
39,F,f,f,f,f,f,f,f,f,f,f,f,t,f,f,f,,f,,f,,f,,f,,t,23,other,-,850326047,otro
50,M,f,f,f,f,f,f,f,f,f,f,f,f,f,f,t,0.4,t,2.8,t,94,t,0.88,t,106,f,,SVHC,-,850327018,otro
61,F,f,f,f,f,f,f,f,t,f,f,f,f,f,f,t,0.4,f,,t,113,t,1.06,t,106,f,,other,-,850327019,otro
41,M,f,f,f,f,f,f,f,t,f,f,f,f,f,f,t,0.4,f,,t,91,t,0.96,t,95,f,,other,-,850327020,otro
41,F,f,f,f,f,f,f,f,f,f,f,f,f,f,f,t,0.4,t,2.5,t,98,t,1.01,t,96,f,,other,-,850327021,otro
72,M,f,f,f,f,f,f,f,f,f,f,f,f,f,f,t,0.3,t,1.9,t,104,t,1.01,t,104,f,,SVI,-,850327023,otro
37,M,f,f,f,f,f,f,f,f,f,f,f,f,f,f,t,0.7,t,2.1,t,98,t,0.99,t,100,f,,SVI,-,850327024,otro
40,F,f,f,f,f,f,f,f,f,f,f,f,f,f,f,t,42,t,0.2,t,4.8,t,0.9,t,5.4,f,,other,F,850327028,hipotiroidismo
32,F,f,f,f,f,f,f,f,f,f,f,f,f,f,f,f,,f,,f,,f,,f,,t,24,other,-,850327034,otro
79,M,f,f,f,f,f,f,f,f,f,f,f,f,f,f,t,0.2,t,1.6,t,82,t,0.8,t,104,f,,other,-,850327044,otro
56,F,f,f,f,f,f,f,f,f,f,f,f,f,f,f,t,0.6,t,2.4,t,142,t,1.12,t,127,f,,other,-,850327045,otro
65,F,t,f,f,f,f,f,f,f,f,f,f,f,f,f,t,0.05,t,3.4,t,210,t,1.05,t,199,f,,other,N,850327046,otro
56,M,f,f,f,f,f,f,f,t,f,f,f,f,f,f,t,0.05,t,1.9,t,137,t,1.09,t,126,f,,SVI,-,850327048,otro
39,M,f,f,f,f,f,f,f,f,f,f,f,f,f,t,t,0.05,t,2.3,t,95,t,0.89,t,106,f,,SVHC,-,850327049,otro
85,M,f,f,f,f,f,f,f,f,f,f,f,f,f,f,t,0.5,t,1.2,t,93,t,0.79,t,117,f,,SVI,-,850327050,otro
83,M,f,f,f,f,f,f,f,f,f,f,f,f,f,f,t,0.2,t,1.1,t,95,t,0.73,t,129,f,,SVI,K,850327051,otro
83,F,f,f,f,f,f,f,f,f,f,f,f,f,f,f,t,1.9,t,2.6,t,119,t,1.22,t,97,f,,other,-,850327052,otro
16,M,f,f,f,f,f,f,f,f,f,f,t,f,f,f,t,0.5,t,3.2,t,137,t,1.16,t,119,f,,SVI,-,850327053,otro
73,M,f,f,f,f,f,f,f,f,f,f,f,f,f,f,t,0.1,t,1.5,t,77,t,0.79,t,97,f,,SVI,-,850327055,otro
72,M,f,f,f,f,f,f,f,f,f,f,f,f,f,f,t,0.05,t,1.1,t,108,t,0.66,t,165,f,,SVI,-,850327056,otro
35,M,f,f,f,f,f,f,f,f,f,f,f,f,f,f,t,0.05,t,2.3,t,112,t,1,t,112,f,,SVI,-,850327057,otro
54,F,f,t,f,t,f,f,f,f,f,f,f,f,f,f,t,0.05,t,1.2,t,112,t,0.77,t,145,f,,SVI,-,850327058,otro
34,F,f,f,f,f,f,f,f,f,f,f,f,f,f,f,f,,f,,f,,f,,f,,t,27,other,-,850327067,otro
68,M,f,f,f,f,f,f,f,f,f,f,f,f,f,f,t,0.6,f,,f,,f,,f,,f,,other,-,850327076,otro
84,F,t,f,f,f,f,f,f,f,f,f,f,f,f,f,t,0.3,f,,t,154,t,0.97,t,159,f,,other,L,850327077,otro
28,F,f,f,t,f,f,f,f,f,f,f,f,f,f,f,t,0.3,t,2.9,t,171,t,1.2,t,143,f,,other,-,850327081,otro
60,F,f,f,f,f,f,f,f,f,f,f,f,f,f,f,t,8.099999,t,1.8,t,59,t,0.96,t,61,f,,other,F,850328002,hipotiroidismo
57,M,f,f,f,t,f,f,f,f,f,f,f,f,f,f,t,0.9,t,1.5,t,91,t,0.78,t,116,f,,other,-,850328003,otro
25,F,f,f,f,f,f,f,f,f,f,f,f,f,f,f,t,4.6,t,2.4,t,61,t,0.82,t,75,f,,SVHD,-,850328004,otro
25,F,f,f,f,f,f,f,f,f,f,f,f,f,f,f,t,0.3,t,4.1,t,158,t,1.42,t,111,f,,other,I,850328005,otro
31,F,f,f,f,f,f,f,f,f,f,f,f,f,f,f,t,0.3,t,2.7,t,108,t,1.05,t,103,f,,SVHC,-,850328007,otro
64,F,f,f,f,f,f,f,f,f,f,f,f,f,f,f,t,0.3,t,2.8,t,123,t,1.23,t,100,f,,SVHC,-,850328008,otro
38,F,f,f,f,f,f,f,f,f,f,f,f,f,f,f,t,0.5,t,2.2,t,88,t,0.96,t,92,f,,SVI,-,850328009,otro
38,F,f,f,f,f,f,f,f,f,f,f,f,f,f,f,t,0.3,t,2.5,t,88,t,0.95,t,93,f,,other,-,850328011,otro
64,F,f,t,f,f,f,f,f,f,f,f,f,f,f,f,f,,f,,t,145,t,0.93,t,155,f,,other,-,850328012,otro
66,F,t,f,f,f,f,f,f,f,f,f,f,f,f,f,t,0.3,t,1.6,t,120,t,0.91,t,132,f,,other,-,850328016,otro
57,M,f,f,f,f,f,f,f,f,f,f,t,f,f,f,f,,f,,t,88,t,0.86,t,102,f,,other,-,850328023,otro
69,M,t,f,f,f,f,f,t,f,t,f,f,f,f,f,t,0.3,t,2.6,t,89,t,1.1,t,81,f,,other,-,850328024,otro
68,F,t,f,f,f,f,f,f,f,f,f,f,f,f,f,t,0.3,t,1.7,t,144,t,0.96,t,150,f,,other,-,850328025,otro
32,F,f,f,f,f,f,f,f,f,f,f,f,f,f,f,f,,f,,f,,f,,f,,t,27,other,-,850328029,otro
57,M,f,f,f,f,f,f,f,f,f,f,f,f,f,f,t,0.9,t,1.5,t,91,t,0.79,t,115,f,,SVHD,-,850328036,otro
75,F,f,f,f,f,f,f,f,f,f,f,f,f,f,f,t,1.6,t,1.5,t,85,t,0.94,t,90,f,,SVI,-,850328038,otro
70,F,f,f,f,f,f,f,f,f,f,f,f,f,f,f,t,0.15,t,1.1,t,171,t,1.09,t,157,f,,other,R,850328039,otro
70,F,f,f,f,f,f,f,f,f,f,f,f,f,f,f,t,2,t,2.2,t,138,t,1.24,t,111,f,,other,-,850328041,otro
31,F,f,f,f,f,f,f,f,f,f,f,f,f,f,f,f,,f,,t,196,t,0.94,t,209,f,,other,A,850328042,hipertiroidismo
55,M,f,f,f,f,f,f,f,f,f,f,f,f,f,f,t,2.7,t,2.4,t,133,t,1,t,132,f,,other,-,850328045,otro
72,M,f,f,f,f,f,f,f,f,f,f,f,f,f,f,t,0.8,t,1.8,t,93,t,0.79,t,117,f,,SVHC,-,850328046,otro
49,F,f,t,f,f,f,f,f,f,f,f,f,f,f,f,t,2.2,t,1.2,t,89,t,1.09,t,82,f,,SVI,-,850328047,otro
59,F,f,f,f,t,f,f,f,f,f,f,f,f,f,f,t,0.6,t,1.5,t,133,t,1.19,t,112,f,,SVI,-,850328048,otro
69,F,f,f,f,f,f,f,f,f,f,f,f,f,f,f,t,20,t,1,t,51,t,0.84,t,61,f,,SVI,F,850328053,hipotiroidismo
69,F,f,f,f,f,f,f,f,f,f,f,f,f,f,f,t,0.5,t,0.8,t,87,t,0.89,t,98,f,,SVI,K,850328054,otro
58,M,f,f,f,f,f,f,f,f,f,f,f,f,f,f,t,0.9,t,1.6,t,91,t,1.06,t,86,f,,SVI,-,850328055,otro
65,F,t,f,f,f,f,f,f,f,f,f,f,f,f,f,t,0.4,f,,t,175,t,1.12,t,156,f,,other,L,850328059,otro
74,F,f,f,f,f,f,f,f,f,f,f,f,f,f,f,t,1.3,t,1.9,t,99,t,1.12,t,88,f,,other,-,850328063,otro
40,F,t,f,f,f,f,f,f,f,t,f,f,f,f,f,f,,f,,f,,f,,f,,t,27,other,-,850328068,otro
32,F,t,f,f,t,f,f,f,f,f,f,f,f,f,f,t,0.15,t,2.4,t,135,t,1.15,t,118,f,,other,-,850329014,otro
56,F,f,f,f,f,f,f,f,f,f,f,f,f,f,f,t,0.6,t,2.7,t,100,t,1.04,t,96,f,,other,-,850329015,otro
68,M,f,f,f,f,f,f,f,f,f,f,f,f,f,f,t,0.5,t,2.3,t,81,t,0.92,t,88,f,,SVI,-,850329017,otro
79,F,f,f,f,f,f,f,f,f,f,f,f,f,f,f,t,0.4,t,2,t,143,t,1.28,t,112,f,,other,-,850329018,otro
57,F,f,f,f,f,f,f,f,f,t,f,f,f,f,f,f,,f,,f,,f,,f,,t,23,other,-,850329036,otro
39,F,f,f,f,f,f,f,f,f,f,f,f,f,f,f,f,,f,,f,,f,,f,,t,26,other,-,850329040,otro
59,F,f,f,f,f,f,f,f,f,f,f,f,f,f,t,t,1.3,t,3.2,t,149,t,1.17,t,127,f,,SVHC,-,850329070,otro
68,M,t,f,f,f,f,f,f,f,f,f,f,f,f,f,t,1.3,t,1.5,t,74,t,0.72,t,103,f,,SVI,-,850329071,otro
89,M,f,f,f,f,f,f,f,f,f,f,f,f,f,f,t,0.8,t,0.6,t,101,t,0.73,t,138,f,,SVI,K,850329072,otro
89,F,f,f,f,f,f,f,f,f,f,f,f,f,f,f,f,,f,,f,,f,,f,,t,20,other,-,850329073,otro
40,F,f,f,f,f,t,f,f,f,f,f,f,f,f,f,t,0.15,t,3,t,210,t,1.48,t,142,f,,other,I,850329076,otro
70,F,f,f,f,f,f,f,f,f,f,f,f,f,f,f,f,,f,,f,,f,,f,,t,20,other,-,850329077,otro
70,F,f,f,f,f,f,f,f,f,f,f,f,f,f,f,f,,f,,f,,f,,f,,t,23,other,-,850329079,otro
57,F,f,f,f,f,f,f,f,f,f,f,f,f,f,f,f,,f,,f,,f,,f,,t,18,other,-,850329083,otro
45,M,f,f,f,f,f,f,f,f,f,f,f,f,f,f,t,0.9,t,2.6,t,92,t,0.9,t,102,f,,other,-,850401001,otro
73,M,f,f,f,f,f,f,f,f,f,f,f,f,f,f,t,0.1,t,1.7,t,107,t,0.94,t,113,f,,other,-,850401002,otro
74,M,f,f,f,f,f,f,f,f,f,f,f,f,f,f,t,0.1,t,2,t,113,t,0.97,t,116,f,,SVI,-,850401003,otro
51,M,f,f,f,f,f,t,f,f,f,f,f,f,f,f,t,1.9,t,2.2,t,74,t,0.91,t,81,f,,other,-,850401005,otro
46,F,f,f,f,f,f,f,f,f,f,f,f,f,f,f,t,0.6,t,2.3,t,101,t,0.99,t,102,f,,SVHC,-,850401006,otro
46,F,f,f,f,f,f,f,f,f,f,f,f,f,f,f,t,0.3,t,2.2,t,85,t,1.13,t,75,f,,other,-,850401009,otro
56,F,f,f,f,f,f,f,f,f,f,f,f,f,f,f,t,0.6,f,,t,117,t,1.11,t,105,f,,other,-,850401013,otro
12,M,t,f,f,f,f,f,f,f,f,f,f,f,f,f,t,0.1,t,3,t,176,t,0.89,t,197,f,,other,N,850401018,otro
15,F,t,f,f,f,f,f,f,f,f,f,f,f,f,f,t,0.1,t,2.3,t,183,t,0.89,t,205,f,,other,N,850401019,otro
58,F,t,f,f,f,f,f,f,t,f,f,f,f,f,f,t,3.2,t,2.1,t,75,t,1.04,t,72,f,,other,-,850401020,otro
66,M,f,f,f,f,f,f,f,f,f,f,f,f,f,f,t,0.9,t,1.9,t,72,t,0.84,t,86,f,,other,-,850401021,otro
20,F,f,f,f,f,f,f,f,f,t,f,f,f,f,f,t,0.9,t,2.4,t,123,t,0.99,t,125,f,,other,-,850401049,otro
58,M,f,f,f,f,f,f,f,f,f,f,f,f,f,f,t,1.1,t,0.9,t,83,t,0.78,t,106,f,,SVI,K,850401053,otro
62,M,f,f,f,t,f,f,f,f,f,f,f,f,f,f,t,12,t,1.5,t,105,t,0.86,t,122,f,,other,G,850401054,hipotiroidismo
74,F,f,f,f,f,f,f,f,t,f,f,f,f,f,f,t,0.6,t,1.6,t,95,t,1.07,t,89,f,,SVI,-,850401056,otro
67,M,f,f,f,f,f,f,f,f,f,f,f,f,f,f,t,0.1,t,2.1,t,96,t,1.01,t,95,f,,SVI,-,850402011,otro
46,F,f,f,f,f,f,f,f,f,f,f,f,f,f,f,t,0.1,t,0.7,t,69,t,0.77,t,89,f,,SVI,K,850402012,otro
41,F,f,f,f,f,f,f,f,f,f,f,f,f,f,t,t,0.3,t,1.9,t,117,t,1.08,t,108,f,,SVHC,-,850402013,otro
32,M,f,f,f,f,f,f,f,f,f,f,f,f,f,f,t,1,t,2.9,t,152,t,1.17,t,130,f,,SVHC,I,850402014,otro
28,M,f,f,f,f,f,f,f,f,f,f,f,f,f,f,t,0.5,t,2.2,t,107,t,0.94,t,113,f,,SVHC,-,850402015,otro
28,M,f,f,f,f,f,f,f,f,f,f,f,f,f,f,t,2.2,t,2.2,t,82,t,0.94,t,87,f,,SVHC,-,850402016,otro
25,F,f,f,f,f,f,f,f,f,f,f,f,f,f,f,t,0.9,t,2.6,t,120,t,1.24,t,96,f,,other,-,850402017,otro
54,M,f,f,f,f,f,f,f,f,f,f,f,f,f,f,t,1,t,2.4,t,107,t,1.06,t,101,f,,other,-,850402018,otro
54,F,f,f,f,f,f,f,f,f,f,f,f,f,f,f,t,1.2,t,1.7,t,81,t,0.87,t,94,f,,other,-,850402019,otro
64,F,t,f,f,f,f,f,f,f,f,f,f,f,f,f,t,0.1,f,,t,123,t,0.74,t,166,f,,other,L,850402026,otro
57,M,f,f,f,f,f,f,f,f,t,f,f,f,f,f,f,,t,1.8,t,71,t,0.72,t,99,f,,other,-,850402027,otro
84,F,t,f,f,f,f,f,f,f,f,f,f,f,f,f,t,26,f,,t,73,t,1.03,t,72,f,,other,M,850402032,otro
68,M,f,f,f,t,f,f,f,f,f,f,f,f,f,f,t,1.1,t,1.8,t,89,t,0.83,t,105,f,,other,-,850402042,otro
56,M,f,f,f,f,f,f,f,f,f,f,f,f,f,f,t,5.4,t,1.7,t,104,t,1.01,t,103,f,,SVI,-,850402043,otro
27,M,f,f,f,f,f,f,f,f,f,f,f,f,f,f,f,,f,,t,79,t,0.79,t,100,f,,other,-,850402046,otro
26,M,f,f,f,f,f,f,f,f,f,f,f,f,f,f,t,1.4,t,2.5,t,98,t,0.92,t,107,f,,other,-,850402062,otro
38,F,f,f,f,f,f,f,f,f,f,f,f,t,f,f,f,,f,,f,,f,,f,,t,22,other,-,850402066,otro
37,F,f,f,f,f,f,f,f,f,f,f,f,f,f,f,f,,f,,f,,f,,f,,t,28,other,-,850402072,otro
26,F,f,f,f,f,f,f,f,f,f,f,f,f,f,f,f,,f,,f,,f,,f,,t,24,other,-,850402077,otro
26,F,f,f,f,f,f,f,f,f,f,f,f,f,f,f,f,,f,,f,,f,,f,,t,38,other,S,850402078,otro
35,F,f,f,f,f,f,f,f,f,f,f,f,f,f,f,t,3,t,2.9,t,87,t,1.1,t,79,f,,SVHC,I,850403003,otro
19,F,f,f,f,f,f,f,f,f,f,f,f,f,f,t,t,1.6,t,2.2,t,96,t,0.94,t,102,f,,SVHC,-,850403008,otro
19,F,f,f,f,f,f,f,f,f,f,f,f,f,f,t,t,1.7,t,1.9,t,89,t,0.88,t,102,f,,SVHC,-,850403009,otro
28,F,f,f,f,f,f,f,f,f,f,f,f,f,f,f,t,9,t,3.1,t,131,t,1.23,t,106,f,,other,GI,850403018,hipotiroidismo
39,F,f,f,f,f,f,f,f,f,f,f,f,f,f,f,f,,f,,f,,f,,f,,t,23,other,-,850403038,otro
51,F,f,f,f,f,f,f,f,f,f,f,f,f,f,f,t,1.5,t,2.4,t,103,t,1.14,t,90,f,,other,-,850403046,otro
56,M,f,f,f,f,f,f,f,f,f,f,f,f,f,f,t,0.2,t,2.1,t,69,t,0.81,t,86,f,,other,-,850403047,otro
60,F,f,f,f,t,f,f,f,f,f,f,f,f,f,f,t,1,t,2.1,t,97,t,1.1,t,90,f,,SVI,-,850403048,otro
62,M,f,f,f,f,f,f,f,f,f,f,f,f,f,f,t,0.1,t,0.7,t,71,t,0.74,t,96,f,,other,-,850403049,otro
73,F,f,f,f,f,f,f,f,f,f,f,f,f,f,f,t,1.8,t,1.6,t,110,t,0.98,t,112,f,,SVI,-,850403050,otro
73,F,f,f,f,f,f,f,f,f,f,f,f,f,f,f,t,0.1,t,0.6,t,113,t,0.89,t,127,f,,SVI,K,850403052,otro
28,F,f,f,f,f,f,f,f,f,f,f,f,f,f,f,t,1,t,2.5,t,134,t,1.13,t,119,f,,other,-,850403053,otro
28,F,f,f,f,f,f,f,f,f,f,f,f,f,f,f,t,4.4,t,2.8,t,103,t,1.1,t,94,f,,other,-,850403067,otro
77,F,f,f,f,f,f,f,f,t,f,f,f,f,f,f,t,12,f,,t,77,t,1.06,t,73,f,,other,G,850404001,hipotiroidismo
75,M,f,f,f,f,f,f,f,f,f,f,f,f,f,f,t,1.3,t,2.2,t,100,t,0.97,t,104,f,,SVI,-,850404003,otro
47,M,f,f,f,f,f,f,f,f,f,f,f,f,f,f,t,0.6,t,2.9,t,113,t,1.13,t,100,f,,other,-,850404004,otro
47,M,f,f,f,f,f,f,f,f,f,f,f,f,f,f,t,0.7,t,1.9,t,99,t,0.79,t,125,f,,SVHC,-,850404005,otro
47,F,f,f,f,f,f,f,f,f,f,f,f,f,f,f,t,0.5,t,2.1,t,56,t,0.96,t,58,f,,other,R,850404006,otro
47,M,f,f,f,f,f,f,f,f,f,f,f,f,f,f,t,0.9,t,2.1,t,91,t,0.98,t,92,f,,SVHC,-,850404007,otro
56,F,f,f,f,f,f,f,f,t,f,f,f,f,f,f,t,1.4,t,2.3,t,111,t,0.97,t,115,f,,other,-,850404015,otro
60,,f,f,f,f,f,f,f,f,f,f,f,f,f,f,t,0.9,t,2.4,t,111,t,1.12,t,99,f,,other,-,850404023,otro
32,F,f,f,f,f,f,f,f,f,f,f,f,f,f,f,t,1.6,t,1.3,t,119,t,0.9,t,133,f,,SVI,-,850404031,otro
29,F,f,f,f,f,f,f,f,f,f,f,f,f,f,f,t,1.3,t,1.6,t,90,t,0.97,t,93,f,,other,-,850404032,otro
45,M,f,f,f,f,f,f,f,f,f,f,f,f,f,f,t,1.7,t,2,t,71,t,0.93,t,76,f,,other,-,850404033,otro
75,F,f,f,t,f,f,f,f,f,t,f,f,f,f,f,t,0.2,t,3.4,t,103,t,1.32,t,78,f,,other,I,850404050,otro
56,M,f,f,f,f,f,f,f,f,f,f,f,f,f,f,t,0.8,t,1.8,t,76,t,0.8,t,95,f,,SVI,-,850404054,otro
56,F,f,f,f,f,f,f,f,f,f,f,f,f,f,f,t,0.2,t,2.2,t,108,t,0.88,t,122,f,,SVI,-,850404055,otro
68,M,f,f,f,f,f,f,f,f,f,f,f,f,f,f,t,1.2,t,1.2,t,84,t,0.78,t,107,f,,SVI,-,850404059,otro
17,F,f,f,f,f,f,f,f,f,f,f,f,t,f,f,t,0.6,t,2.6,t,102,t,0.97,t,106,f,,other,-,850404061,otro
22,F,t,f,f,f,f,f,f,f,t,f,f,f,f,f,t,0.2,t,2.3,t,147,t,1.01,t,145,f,,other,-,850404063,otro
26,M,f,f,f,f,f,f,f,f,f,f,t,f,f,f,t,2.2,t,2.9,t,85,t,1.08,t,79,f,,other,-,850404066,otro
42,F,t,f,f,f,f,f,f,f,f,f,f,f,f,f,t,0.4,f,,t,258,t,1.14,t,227,f,,other,L,850404070,otro
18,F,f,f,f,f,f,f,f,t,f,f,f,f,f,f,t,9.599999,t,2.4,t,220,t,1.68,t,131,f,,STMW,-,850409004,otro
48,F,f,f,f,f,f,f,f,t,f,f,f,f,f,f,t,98,t,1.9,t,29,t,1.11,t,26,f,,other,F,850409005,hipotiroidismo
41,F,t,f,f,f,f,f,f,f,f,f,f,f,f,f,t,1.8,t,2.4,t,115,t,1.11,t,104,f,,other,-,850409006,otro
69,F,f,f,f,f,f,f,f,f,f,f,f,f,f,f,t,21,t,0.8,t,53,t,0.86,t,61,f,,SVI,F,850409007,hipotiroidismo
69,F,t,f,f,f,f,f,f,f,f,f,f,f,f,f,t,3.3,t,1.5,t,130,t,0.86,t,151,f,,other,-,850409011,otro
26,F,t,f,f,f,t,f,f,f,f,f,f,f,f,f,t,0.2,t,3.9,t,122,t,1.28,t,96,f,,other,I,850409012,otro
33,F,f,f,f,f,f,f,f,f,t,f,f,f,f,f,f,,t,2.3,t,110,t,1.01,t,109,f,,other,-,850409026,otro
78,F,f,f,f,f,f,f,f,f,f,f,f,f,f,f,t,2.5,t,1.1,t,70,t,0.92,t,76,f,,other,K,850409037,otro
78,,f,f,f,f,f,f,f,f,f,f,f,f,f,f,t,0.3,t,1.7,t,76,t,0.86,t,88,f,,SVHC,-,850409044,otro
78,F,f,f,f,f,f,f,f,f,f,f,f,f,f,f,t,1.9,t,2.4,t,109,f,,f,,f,,other,-,850409046,otro
30,F,f,f,f,f,f,f,f,f,f,f,f,t,f,f,t,0.3,t,1.8,t,117,t,0.97,t,121,f,,SVI,-,850409047,otro
66,M,f,f,f,f,f,f,f,f,f,f,f,f,f,f,t,1.3,t,1.7,t,86,t,0.91,t,94,f,,other,-,850409048,otro
34,F,f,f,f,f,f,f,f,f,t,f,f,f,f,f,f,,t,5.3,t,181,t,1.04,t,174,f,,other,A,850409049,hipertiroidismo
39,F,t,f,t,f,f,f,f,f,f,f,f,f,f,f,t,1.5,t,2.8,t,131,t,1.26,t,104,f,,other,-,850410004,otro
59,M,t,f,f,f,f,f,f,f,f,f,f,f,f,f,t,0.3,t,1.9,t,144,t,0.93,t,156,f,,other,L,850410009,otro
59,M,f,f,f,f,f,f,f,f,f,f,f,f,f,f,t,1.2,t,1.2,t,70,t,0.71,t,99,f,,other,-,850410010,otro
59,M,f,f,f,f,f,f,f,f,f,f,f,f,f,t,t,1,t,1.4,t,83,t,0.86,t,96,f,,SVHC,-,850410011,otro
55,M,f,f,f,f,f,f,f,f,f,f,f,f,f,t,t,0.3,t,2.1,t,100,t,1.05,t,96,f,,SVHC,-,850410012,otro
42,F,f,f,f,f,f,f,f,f,f,f,f,f,f,f,t,0.7,t,1.5,t,90,t,1.14,t,79,f,,other,-,850410013,otro
51,M,f,f,f,f,f,f,f,f,f,f,f,f,f,f,t,1.2,t,2.3,t,72,t,0.84,t,85,f,,SVI,-,850410014,otro
33,M,f,f,f,f,f,f,f,f,f,f,f,f,f,t,t,1,t,2.2,t,84,t,0.84,t,100,f,,SVHC,-,850410015,otro
51,F,f,f,f,f,f,f,f,f,f,f,f,f,f,t,t,0.9,t,1.7,t,95,t,0.95,t,100,f,,SVHC,-,850410016,otro
59,M,f,f,f,f,f,f,t,f,f,f,f,f,f,f,t,0.3,t,1.6,t,112,t,0.75,t,148,f,,other,-,850410023,otro
65,F,f,f,f,f,f,f,f,f,f,f,f,f,f,f,t,1.6,t,1.9,t,99,t,1.03,t,97,f,,SVI,-,850410039,otro
60,F,f,f,f,f,f,f,f,f,f,f,f,f,f,f,t,2.4,t,2.1,t,93,t,0.96,t,97,f,,SVI,-,850410040,otro
66,F,f,f,f,f,f,f,f,f,f,f,f,t,f,f,t,0.6,t,2.2,t,123,t,0.93,t,132,f,,SVI,-,850410041,otro
37,F,f,f,f,f,f,f,f,f,f,f,f,f,f,f,t,1,t,2.3,t,89,t,0.94,t,95,f,,other,-,850410042,otro
28,F,t,f,f,f,f,f,f,f,f,f,f,f,f,f,t,0.3,f,,t,209,t,1.08,t,194,f,,other,N,850410043,otro
79,F,f,f,f,f,f,f,f,f,f,f,f,f,f,f,t,29,t,1.6,t,47,t,0.97,t,48,f,,other,F,850410045,hipotiroidismo
48,F,f,f,f,f,f,f,f,f,f,f,f,f,f,f,t,0.3,t,2.4,t,117,t,1.02,t,115,f,,other,-,850410050,otro
70,F,f,f,f,f,f,f,f,f,f,f,f,f,f,f,f,,f,,f,,f,,f,,t,30,other,-,850410052,otro
53,F,f,f,f,f,f,f,f,f,f,f,f,f,f,f,f,,f,,f,,f,,f,,t,63,other,S,850410056,otro
56,F,f,f,f,f,f,f,f,f,f,f,f,f,f,f,f,,f,,f,,f,,f,,t,24,other,-,850410059,otro
57,F,f,f,f,f,f,f,f,f,f,f,f,f,f,f,f,,f,,f,,f,,f,,t,22,other,-,850410060,otro
17,F,f,f,f,f,f,f,f,f,f,f,f,f,f,f,f,,f,,t,83,t,0.99,t,84,f,,other,-,850410063,otro
17,F,f,f,f,f,f,f,f,t,f,f,f,f,f,f,t,0.9,t,1.4,t,111,t,1.02,t,109,f,,other,-,850411001,otro
17,F,f,f,f,f,f,f,f,t,t,f,f,f,f,f,t,0.3,t,1.5,t,101,t,0.81,t,125,f,,other,-,850411003,otro
33,F,f,f,f,f,f,f,f,f,f,f,f,f,f,f,t,0.3,t,2.1,t,112,f,,f,,f,,other,-,850411004,otro
18,F,f,f,f,f,f,f,f,f,f,f,f,f,f,f,t,0.9,t,3,t,143,t,1.32,t,108,f,,other,I,850411006,otro
74,F,t,f,f,f,f,f,f,t,f,f,f,f,f,f,t,21,t,1.8,t,126,t,1.18,t,107,f,,other,M,850411008,otro
34,F,t,f,f,f,f,f,f,f,f,f,t,f,f,f,f,,f,,t,103,t,1.38,t,75,f,,other,I,850411018,otro
48,M,f,f,f,f,f,f,f,f,f,f,f,f,f,f,f,,f,,t,82,t,0.93,t,88,f,,other,-,850411019,otro
46,F,t,f,f,f,f,f,f,f,f,f,f,f,f,f,t,0.3,t,2.2,t,187,t,1.1,t,170,f,,other,N,850411020,otro
46,F,f,f,f,f,f,f,f,f,f,f,f,f,f,f,t,6.4,t,2.3,t,64,t,0.98,t,65,f,,other,G,850411027,hipotiroidismo
36,M,f,f,f,t,f,f,f,f,f,f,f,f,f,f,f,,f,,f,,f,,f,,t,26,other,-,850411029,otro
22,F,f,f,f,f,f,f,f,f,f,f,f,f,f,f,t,1.3,f,,t,110,t,0.94,t,117,f,,other,-,850411046,otro
70,F,t,f,f,f,f,f,f,f,f,f,f,f,f,f,t,0.15,f,,t,162,t,1.12,t,146,f,,other,-,850411051,otro
48,M,f,f,f,f,f,f,f,f,f,f,f,f,f,f,t,0.3,t,2.6,t,119,t,1.2,t,100,f,,other,-,850411052,otro
59,M,t,f,f,f,f,f,f,f,f,f,f,f,f,f,t,0.15,t,2.5,t,90,t,0.85,t,106,f,,other,-,850411053,otro
59,M,f,f,f,f,f,f,f,f,f,f,f,f,f,f,t,0.5,t,2.1,t,86,t,0.81,t,107,f,,other,-,850411061,otro
39,F,f,f,f,f,f,f,f,f,f,f,f,f,f,f,t,0.5,t,2.2,t,121,t,1.01,t,121,f,,other,-,850411062,otro
62,M,f,f,f,f,f,f,f,f,f,f,f,f,f,f,t,17,t,1.7,t,65,t,0.68,t,97,f,,other,G,850412003,hipotiroidismo
77,F,f,f,f,f,f,f,f,f,f,f,f,f,f,f,t,23,t,0.5,t,33,t,0.67,t,49,f,,SVI,F,850412005,hipotiroidismo
77,F,f,f,f,f,f,f,f,f,f,f,f,f,f,f,t,18,t,0.3,t,44,t,0.56,t,77,f,,SVI,GKJ,850412006,hipotiroidismo
85,F,f,f,f,f,f,f,f,t,f,f,f,f,f,f,t,7.3,t,2.4,t,66,t,1.09,t,61,f,,other,-,850412011,otro
41,F,f,f,f,f,f,f,f,f,f,f,f,t,f,f,f,,f,,f,,f,,f,,t,8.799999,other,-,850412019,otro
38,F,f,f,f,f,f,f,f,f,f,f,f,f,f,f,f,,f,,f,,f,,f,,t,33,other,S,850412021,otro
37,F,t,f,f,f,f,f,f,f,f,f,f,f,f,f,f,,f,,f,,f,,f,,t,24,other,-,850412022,otro
55,F,f,f,f,f,f,f,f,f,f,f,f,f,f,f,t,0.15,t,2,t,98,t,0.67,t,131,f,,other,-,850412026,otro
15,F,f,f,t,f,f,f,f,f,t,f,f,f,f,f,f,,f,,f,,f,,f,,t,24,other,-,850412027,otro
65,F,f,f,f,f,f,f,f,f,f,f,f,f,f,f,f,,f,,f,,f,,f,,t,30,other,-,850412028,otro
64,F,f,f,f,f,f,f,f,f,f,f,f,f,f,f,f,,f,,f,,f,,f,,t,43,other,S,850412029,otro
15,M,f,f,f,f,f,f,f,f,f,f,f,f,f,f,f,,f,,f,,f,,f,,t,19,other,-,850412030,otro
34,F,f,f,f,f,f,f,f,f,f,f,f,f,f,f,t,0.15,t,2.7,t,96,t,1.05,t,91,f,,other,-,850412044,otro
35,M,f,f,f,f,f,f,f,f,f,f,t,f,f,f,t,0.3,t,2,t,75,t,1.21,t,62,f,,SVI,-,850412062,otro
73,F,f,f,f,t,f,f,f,f,f,f,f,f,f,f,t,2.1,t,2.8,t,109,t,1.32,t,83,f,,other,-,850412067,otro
65,F,f,f,f,f,f,f,f,f,t,f,f,f,f,f,t,0.15,t,3.5,t,217,t,0.98,t,221,f,,other,A,850412068,hipertiroidismo
35,F,f,f,f,f,f,f,f,f,f,f,f,f,f,f,t,0.15,t,5.1,t,167,t,1,t,168,f,,other,A,850412069,hipertiroidismo
68,F,f,f,f,f,f,f,f,f,f,f,f,f,f,f,t,1.4,t,2.4,t,149,t,1.18,t,126,f,,other,-,850412071,otro
81,F,f,f,f,f,f,f,f,t,f,f,f,f,f,f,t,0.5,t,2.2,t,102,t,0.85,t,119,f,,SVI,-,850412073,otro
90,M,f,f,f,f,f,f,f,f,f,f,f,f,f,f,t,0.15,t,1.7,t,118,t,0.82,t,144,f,,SVI,-,850412074,otro
47,F,f,f,f,f,f,f,f,f,t,f,f,f,f,f,t,0.15,t,4.3,t,189,t,1.07,t,176,f,,other,A,850412085,hipertiroidismo
63,M,t,f,f,f,f,f,f,f,f,f,f,f,f,f,t,0.15,f,,t,79,t,0.81,t,97,f,,other,-,850412086,otro
32,M,f,f,f,f,f,f,f,f,f,f,t,f,f,f,t,1,t,2.4,t,121,t,1.2,t,101,f,,other,-,850412087,otro
59,M,f,f,f,f,f,f,f,f,f,f,f,f,f,f,t,0.9,t,2,t,88,f,,f,,f,,other,-,850415001,otro
48,F,f,f,f,f,f,f,f,f,f,f,f,f,f,f,t,0.15,t,2.7,t,119,t,1.12,t,106,f,,SVI,-,850415003,otro
28,F,f,f,f,f,f,f,f,f,f,f,f,f,f,t,t,2.5,t,2.9,t,86,t,1.19,t,72,f,,SVHC,-,850415004,otro
47,M,f,f,f,f,f,f,f,f,f,f,f,f,f,f,t,0.6,t,1.7,t,94,f,,f,,f,,other,-,850415005,otro
59,M,f,f,f,f,f,f,f,f,f,f,f,f,f,f,t,0.15,t,2.8,t,84,t,0.99,t,86,f,,other,-,850415006,otro
67,M,f,f,f,f,f,f,f,f,f,f,f,f,f,t,t,0.15,t,1.6,t,94,t,0.87,t,108,f,,SVHC,-,850415007,otro
39,F,f,f,f,f,f,f,f,f,f,f,f,f,f,f,t,0.3,f,,f,,f,,f,,f,,SVI,-,850415008,otro
46,F,f,f,f,f,f,f,f,f,f,f,f,f,f,t,t,1.4,t,1.6,t,86,t,0.74,t,111,f,,SVHC,-,850415010,otro
54,M,f,f,f,f,f,f,f,t,f,f,f,f,f,f,t,0.6,t,1.8,t,100,t,0.77,t,130,f,,other,-,850415011,otro
39,M,f,t,f,f,f,f,f,f,f,f,f,f,f,f,f,,f,,t,63,t,0.87,t,72,f,,other,-,850415013,otro
24,F,f,f,f,f,f,f,f,f,f,f,f,f,f,f,t,65,t,0.7,t,28,t,1,t,28,f,,other,F,850415021,hipotiroidismo
24,M,f,f,f,f,f,f,f,f,t,f,f,f,f,f,t,0.15,t,2.7,t,116,t,0.82,t,143,f,,other,-,850415027,otro
27,M,f,f,f,f,f,f,f,f,f,f,f,f,f,f,t,0.2,t,2.2,t,99,t,0.82,t,120,f,,SVHC,-,850415041,otro
46,F,f,f,f,f,f,f,f,f,f,f,f,f,f,f,t,0.15,t,3,t,161,t,0.93,t,174,f,,other,A,850415052,hipertiroidismo
55,M,f,f,f,f,f,f,f,f,f,f,f,t,f,f,t,10,t,2.1,t,65,f,,f,,f,,other,G,850415053,hipotiroidismo
55,M,f,f,f,f,f,f,f,f,f,f,f,f,f,f,t,0.15,t,2.5,t,109,t,0.75,t,145,f,,SVHC,-,850415061,otro
22,M,f,f,f,f,f,f,f,f,t,f,f,f,f,f,t,1,t,2.3,t,87,t,0.89,t,98,f,,other,-,850415062,otro
22,M,f,f,f,f,f,f,f,f,f,f,f,f,f,f,t,2.1,t,2.3,t,81,t,1.01,t,80,f,,SVHC,-,850416008,otro
39,F,f,f,f,f,f,f,f,f,f,f,f,f,f,f,t,24,t,1.9,t,65,f,,f,,f,,other,G,850416014,hipotiroidismo
27,F,f,f,f,f,f,f,f,f,f,f,f,f,f,f,t,0.15,t,2.8,t,199,t,1.46,t,137,f,,STMW,-,850416015,otro
29,F,f,f,f,f,t,f,f,f,f,f,f,f,f,f,t,0.15,t,3.6,t,144,t,1.76,t,82,f,,STMW,I,850416017,otro
29,M,f,f,f,f,f,f,f,f,f,f,f,f,f,f,f,,f,,f,,f,,f,,t,27,other,-,850416039,otro
29,F,f,f,f,f,f,f,f,f,f,f,f,f,f,f,f,,f,,f,,f,,f,,t,16,other,-,850416040,otro
51,F,f,f,f,f,f,f,f,f,t,f,f,f,f,f,f,,t,2.6,f,,f,,f,,f,,other,-,850416045,otro
59,F,f,f,f,f,f,f,f,f,t,f,f,f,f,f,t,0.1,t,2.5,t,100,t,0.98,t,103,f,,other,-,850416046,otro
41,F,t,f,f,f,f,f,f,f,f,f,f,f,f,f,t,6,t,1.9,t,114,t,1,t,114,f,,other,-,850416049,otro
74,F,f,f,f,f,f,f,f,f,f,f,f,f,f,f,t,1.7,t,1.4,t,75,t,0.74,t,101,f,,SVI,-,850416053,otro
39,F,f,f,f,f,f,f,f,f,f,f,f,f,f,f,t,0.15,t,1.6,t,74,t,0.89,t,83,f,,SVI,-,850416055,otro
32,M,f,f,f,f,f,f,f,f,f,f,f,f,f,t,t,0.15,t,2.9,t,132,t,1.14,t,116,f,,SVHC,-,850416056,otro
66,F,f,f,f,f,f,f,f,f,f,f,f,f,f,f,t,0.15,t,0.8,t,90,t,0.77,t,117,f,,SVI,K,850416058,otro
50,F,t,f,f,f,f,f,f,f,f,f,f,f,f,f,t,0.15,f,,t,248,t,1.5,t,165,f,,other,L,850416060,otro
50,F,t,f,f,f,f,f,f,f,f,f,f,f,f,f,t,0.15,t,2.2,t,151,t,0.91,t,166,f,,other,L,850416082,otro
50,F,f,f,f,f,f,f,f,f,f,f,f,f,f,f,t,0.8,t,2.1,t,105,t,1.02,t,100,f,,other,-,850416083,otro
59,F,f,f,f,f,f,f,f,f,f,f,f,f,f,f,f,,f,,f,,f,,f,,t,29,other,-,850416085,otro
38,F,f,f,f,f,f,f,f,f,f,f,f,f,f,f,t,0.15,t,4.3,t,144,t,1.62,t,89,f,,STMW,I,850417005,otro
62,M,f,f,f,f,f,f,f,f,f,f,f,f,f,f,t,1.1,t,2.3,t,130,t,1.24,t,105,f,,other,-,850417007,otro
56,F,f,f,f,f,f,f,f,f,f,f,f,f,f,f,t,0.4,t,2.3,t,120,t,1.03,t,117,f,,other,-,850417008,otro
28,,t,f,f,f,f,f,f,f,f,f,f,f,f,f,t,1.7,f,,t,138,t,1.21,t,115,f,,other,-,850417009,otro
15,M,f,f,f,f,f,f,f,f,f,f,f,f,f,f,t,1.1,f,,t,67,t,0.93,t,73,f,,other,-,850417019,otro
89,M,f,f,f,f,f,f,f,f,f,f,f,f,f,f,t,0.9,t,2.4,t,105,t,0.95,t,110,f,,SVI,-,850417020,otro
41,F,f,f,f,f,f,f,f,f,f,f,f,f,f,f,t,0.7,t,2.2,t,104,t,1.02,t,102,f,,SVHC,-,850417029,otro
87,F,f,f,f,f,f,f,f,f,f,f,f,f,f,f,t,0.15,t,1.7,t,162,t,0.87,t,186,f,,SVI,AK,850417031,hipertiroidismo
45,F,f,f,f,f,f,f,f,f,f,f,f,f,f,f,t,0.6,t,1.9,t,121,t,1.04,t,116,f,,SVI,-,850417032,otro
85,F,f,f,f,f,f,f,f,f,f,f,f,f,f,f,t,0.8,t,2.1,t,100,t,1.06,t,95,f,,SVI,-,850417033,otro
30,M,f,t,f,f,f,f,f,f,f,f,f,f,f,f,f,,t,1.8,t,96,t,0.93,t,103,f,,other,-,850417038,otro
30,F,f,f,f,f,f,f,f,f,f,f,f,f,f,f,t,1.2,t,3.5,t,120,t,1.22,t,98,f,,other,I,850417066,otro
70,F,f,f,f,f,f,f,f,f,f,f,f,t,f,f,t,0.2,t,2.7,t,79,t,0.98,t,81,f,,other,-,850417067,otro
71,F,f,f,f,f,f,f,f,f,f,f,f,f,f,f,t,0.6,t,1,t,88,t,0.94,t,94,f,,SVHC,K,850417071,otro
62,F,f,f,f,f,f,f,f,f,f,f,f,f,f,f,t,1.6,t,1.9,t,66,t,0.71,t,93,f,,other,-,850417072,otro
60,F,f,f,f,f,f,f,f,f,f,f,f,t,f,f,t,12,t,2.2,t,71,t,1.4,t,51,f,,SVI,F,850417074,hipotiroidismo
74,F,f,f,f,f,f,f,f,f,f,f,f,f,f,f,t,1.6,t,0.7,t,82,t,0.88,t,93,f,,SVI,K,850417075,otro
32,F,f,f,f,f,f,f,f,f,f,f,f,f,f,f,t,0.6,t,1.6,t,134,t,1.2,t,112,f,,other,-,850417076,otro
68,M,f,f,f,f,f,f,f,f,f,f,f,f,f,f,t,0.2,t,0.9,t,72,t,0.77,t,94,f,,SVI,K,850417077,otro
71,M,f,f,f,f,f,f,f,f,f,f,f,f,f,f,t,0.2,t,2.2,t,140,t,1.14,t,123,f,,SVI,-,850417080,otro
64,M,f,f,f,f,f,f,f,f,f,f,f,f,f,f,t,1,t,0.7,t,91,t,0.83,t,110,f,,SVI,K,850417081,otro
64,F,t,f,f,f,f,f,f,f,f,f,f,f,f,f,t,6.7,t,2,t,110,t,1.17,t,94,f,,other,M,850417082,otro
21,F,f,f,f,f,t,f,f,f,f,f,f,t,f,f,t,0.2,t,2.5,t,108,t,1.13,t,96,f,,STMW,-,850418008,otro
54,M,t,f,f,f,f,f,f,f,f,f,f,f,f,f,t,0.2,f,,t,101,t,0.64,t,158,f,,other,L,850418010,otro
21,F,f,f,t,f,f,f,f,f,f,f,f,f,f,f,t,1.3,t,1.8,t,95,t,0.96,t,99,f,,other,-,850418015,otro
59,M,f,f,f,f,f,f,f,f,f,f,f,f,f,f,t,2.7,t,2.1,t,86,t,0.92,t,93,f,,other,-,850418017,otro
66,F,f,f,f,f,f,f,t,f,f,f,f,f,f,f,t,3.8,t,2.1,t,79,t,1.07,t,74,f,,other,-,850418019,otro
57,M,t,f,f,f,f,f,f,f,f,f,f,f,f,f,t,0.2,t,1.6,t,141,t,0.89,t,158,f,,other,L,850418020,otro
57,F,t,f,f,f,f,f,f,f,f,f,f,f,f,f,t,0.2,f,,t,121,t,0.79,t,153,f,,other,-,850418027,otro
41,F,t,f,f,f,f,f,f,f,f,f,f,f,f,f,t,0.2,t,2.6,t,197,t,1.01,t,195,f,,other,N,850418029,otro
57,M,f,t,f,f,f,f,f,f,f,f,f,f,f,f,f,,t,2.2,t,104,t,1.07,t,97,f,,other,-,850418032,otro
28,F,f,f,f,f,f,f,f,t,f,f,f,f,f,f,t,1,t,2.3,t,116,t,1.13,t,103,f,,other,-,850418042,otro
62,F,f,f,f,f,f,f,f,f,f,f,f,f,f,f,f,,f,,t,91,t,1.01,t,90,f,,other,-,850418048,otro
21,F,f,f,f,f,f,f,f,f,t,f,f,f,f,f,f,,f,,f,,f,,f,,t,200,other,S,850418049,otro
19,F,f,f,f,f,f,f,f,f,f,f,f,f,f,f,f,,f,,f,,f,,f,,t,65,other,S,850418051,otro
19,F,f,f,f,f,f,f,f,f,f,f,f,f,f,f,f,,f,,f,,f,,f,,t,24,other,-,850418052,otro
62,F,f,f,f,f,f,f,f,f,f,f,f,f,f,f,f,,f,,f,,f,,f,,f,,other,-,850418054,otro
67,F,f,f,f,f,f,f,f,f,f,f,f,f,f,f,f,,f,,f,,f,,f,,t,24,other,-,850418057,otro
65,F,f,f,f,f,f,f,f,f,f,f,f,f,f,f,t,21,t,1.2,t,72,f,,f,,f,,other,G,850418060,hipotiroidismo
43,F,f,f,f,f,f,f,t,f,t,f,f,f,f,f,t,3.5,t,1.7,t,99,t,1.14,t,87,f,,other,-,850418066,otro
51,F,t,f,f,f,f,f,f,f,f,f,f,f,f,f,t,0.25,t,1.9,t,101,t,1.08,t,94,f,,other,-,850418068,otro
60,F,f,f,f,f,f,f,f,f,f,f,f,f,f,f,f,,f,,f,,f,,f,,t,24,other,-,850418073,otro
14,M,f,f,f,f,f,f,f,f,f,f,f,f,f,f,t,1.4,f,,t,91,t,0.93,t,98,f,,other,-,850418077,otro
41,M,f,f,f,f,f,f,f,f,f,f,f,f,f,f,t,0.25,t,3.1,t,134,t,1,t,134,f,,other,-,850418079,otro
68,F,f,f,f,f,f,f,f,f,f,f,f,f,f,f,t,1.4,t,1.3,t,119,t,1.11,t,107,f,,SVI,-,850419010,otro
65,F,f,f,f,f,f,f,f,t,f,f,f,f,f,f,t,0.5,f,,t,90,t,1.09,t,83,f,,other,-,850419011,otro
53,F,f,f,f,f,f,f,f,t,f,f,f,f,f,f,t,0.25,t,2.1,t,145,t,1.03,t,141,f,,other,-,850419012,otro
36,F,f,f,f,f,f,f,f,f,f,f,f,f,f,t,t,0.25,t,1.7,t,83,t,0.92,t,90,f,,SVHC,-,850419015,otro
50,F,f,f,f,f,f,f,f,f,f,f,f,f,f,f,t,0.25,t,2,t,77,t,0.75,t,103,f,,other,-,850419016,otro
58,M,f,f,f,f,f,f,f,f,f,f,f,f,f,f,t,1.3,t,2.3,t,77,f,,f,,f,,other,-,850419017,otro
34,F,t,f,f,f,f,f,f,t,f,f,f,f,f,f,t,0.25,t,6.7,t,230,t,1.73,t,133,f,,STMW,I,850419021,otro
84,F,f,f,f,f,f,f,f,f,f,f,f,f,f,f,t,0.25,t,2,t,134,t,0.79,t,170,f,,SVI,R,850419048,otro
35,M,f,f,f,f,f,f,f,f,f,f,f,f,f,f,t,0.25,t,0.4,t,38,t,1.08,t,35,f,,SVI,K,850419049,otro
35,F,f,f,f,f,f,f,f,f,f,f,f,f,f,f,t,0.5,t,2.2,t,89,f,,f,,f,,other,-,850419051,otro
37,F,t,f,f,f,f,f,f,f,f,f,f,f,f,f,t,0.25,f,,t,133,t,0.98,t,136,f,,other,-,850419062,otro
58,F,t,f,f,f,f,f,f,f,f,f,f,f,f,f,t,1.5,t,1.6,t,103,t,0.9,t,114,f,,other,-,850419064,otro
34,F,f,f,f,f,f,f,f,t,f,f,f,f,f,f,t,0.6,t,2.3,t,76,t,1.05,t,73,f,,other,-,850419066,otro
49,M,f,f,f,f,f,f,f,f,f,f,f,f,f,f,t,1.7,t,2.3,t,123,t,1.15,t,106,f,,SVI,-,850422005,otro
22,F,f,f,f,f,f,f,f,f,f,f,f,f,f,f,t,1.3,t,2.3,t,83,t,0.97,t,85,f,,SVHC,-,850422006,otro
56,F,f,f,f,f,f,f,f,f,f,f,f,f,f,f,t,0.25,t,2,t,83,t,0.87,t,96,f,,SVHC,-,850422007,otro
63,F,f,f,f,f,f,f,f,f,f,t,f,f,f,f,t,2.8,t,2,t,93,t,1.04,t,89,f,,SVHC,-,850422008,otro
75,F,f,f,f,f,f,f,f,t,f,f,f,f,f,f,t,2.3,t,1.3,t,88,t,0.85,t,103,f,,SVI,-,850422009,otro
62,M,f,f,f,f,f,f,f,f,f,f,f,f,f,f,t,100,t,0.4,t,10,t,1,t,10,f,,SVI,F,850422012,hipotiroidismo
54,M,f,t,f,f,f,f,f,f,f,f,f,f,f,f,f,,t,1.9,t,95,t,0.88,t,109,f,,other,-,850422019,otro
30,,f,f,f,f,f,f,f,f,f,f,f,f,f,f,t,0.9,t,1.9,t,76,t,0.83,t,92,f,,other,-,850422020,otro
34,M,f,f,f,f,f,f,f,f,f,f,f,f,f,f,t,1.1,t,1.8,t,93,t,0.9,t,103,f,,other,-,850422021,otro
34,F,f,f,f,f,f,f,f,f,f,f,f,f,f,f,t,35,t,1.4,t,78,t,0.98,t,80,f,,other,G,850422023,hipotiroidismo
39,F,t,f,f,f,f,f,f,f,f,f,f,f,f,f,t,0.25,t,1.9,t,94,t,0.93,t,101,f,,other,-,850422024,otro
49,M,f,f,f,f,f,f,f,f,f,f,f,f,f,f,t,2.1,t,1.3,t,120,t,1.43,t,83,f,,SVI,-,850422031,otro
55,M,f,f,f,f,f,f,f,f,f,f,f,f,f,f,t,0.2,t,1.8,t,134,t,1.02,t,131,f,,SVI,-,850422032,otro
39,F,f,f,f,f,f,f,f,f,f,f,f,f,f,f,t,0.7,t,1.2,t,81,t,0.99,t,82,f,,SVI,-,850422033,otro
76,F,f,f,f,f,f,f,f,f,f,f,f,f,f,f,t,11,t,1.2,t,86,t,0.85,t,101,f,,SVI,G,850422034,hipotiroidismo
59,F,f,f,f,f,f,f,f,f,f,f,f,f,f,f,t,0.2,f,,t,82,t,0.73,t,112,f,,other,-,850422046,otro
59,F,f,f,f,f,f,f,f,f,f,f,f,f,f,f,t,0.4,t,2.1,t,78,t,0.82,t,95,f,,other,-,850422047,otro
72,F,f,f,f,f,f,f,f,f,f,f,f,f,f,f,t,0.2,t,2.3,t,87,t,0.94,t,93,f,,other,-,850422048,otro
72,F,f,f,f,f,f,f,f,f,f,f,f,f,f,f,t,1.4,t,1.4,t,115,t,0.97,t,118,f,,SVHC,-,850423010,otro
72,F,f,f,f,f,f,f,f,f,f,f,f,f,f,f,t,0.6,t,2,t,106,t,1.05,t,101,f,,SVHC,-,850423011,otro
62,M,f,f,f,f,f,f,f,f,f,f,f,f,f,f,t,1.2,f,,t,90,t,1.16,t,77,f,,other,-,850423012,otro
73,F,f,f,f,f,f,f,f,f,f,f,f,f,f,f,t,0.7,t,2,t,116,t,0.99,t,117,f,,other,-,850423014,otro
58,F,f,f,f,f,f,f,f,f,f,f,f,f,f,f,t,0.8,f,,t,98,t,1.02,t,96,f,,other,-,850423015,otro
41,F,f,f,f,f,t,f,f,f,t,f,f,f,f,f,t,0.2,f,,t,430,t,1.09,t,395,f,,STMW,A,850423016,hipertiroidismo
47,M,f,f,f,f,f,f,f,f,f,f,f,f,f,f,t,0.2,t,1.5,t,61,t,0.91,t,67,f,,other,-,850423023,otro
35,F,f,f,f,f,f,f,f,f,f,f,f,f,f,f,t,0.2,t,2.1,t,139,t,1,t,139,f,,SVI,-,850423025,otro
38,M,f,f,f,f,f,f,f,f,f,f,f,f,f,f,t,0.2,t,1.5,t,48,t,0.71,t,67,f,,other,J,850423027,otro
56,M,f,f,f,f,f,f,f,f,f,f,f,f,f,f,t,1,t,2.3,t,103,t,1.08,t,95,f,,SVI,-,850423030,otro
49,M,f,f,f,f,f,f,f,f,f,f,f,f,f,f,t,0.7,t,2.1,t,102,t,0.93,t,110,f,,SVI,-,850423031,otro
75,F,f,f,f,f,f,f,f,f,f,f,f,f,f,f,t,0.6,t,1.8,t,99,t,1.03,t,96,f,,SVI,-,850423032,otro
82,F,f,f,f,t,f,f,f,f,f,f,f,f,f,f,t,0.2,t,1.4,t,113,t,0.85,t,132,f,,SVI,-,850423034,otro
20,F,f,f,f,f,f,f,f,f,f,f,t,f,f,f,t,0.2,t,3,t,135,t,1.29,t,105,f,,other,-,850423035,otro
58,F,f,f,f,f,f,f,f,f,f,f,f,f,f,f,f,,f,,f,,f,,f,,t,21,other,-,850423047,otro
11,F,f,f,f,f,f,f,f,f,f,f,f,f,f,f,f,,f,,t,89,t,0.89,t,100,f,,other,-,850423050,otro
13,F,f,f,f,f,f,f,f,f,f,f,f,f,f,f,f,,f,,t,94,t,0.91,t,103,f,,other,-,850423051,otro
25,F,f,f,f,f,f,f,f,f,f,f,f,f,f,f,f,,f,,f,,f,,f,,t,29,other,-,850424003,otro
33,F,f,f,f,f,f,f,f,f,f,f,f,f,f,f,f,,f,,f,,f,,f,,t,31,other,S,850424007,otro
61,F,f,f,f,f,f,f,f,f,f,f,t,f,f,f,t,0.15,t,2.1,t,97,t,1.03,t,95,f,,other,-,850424020,otro
38,,f,f,f,f,f,f,f,f,f,f,f,f,f,f,t,2.9,t,1.8,t,93,t,0.95,t,98,f,,other,-,850424026,otro
38,,f,f,f,f,f,f,f,f,f,f,f,f,f,f,t,1.2,t,2,t,101,t,1.01,t,100,f,,SVHC,-,850424027,otro
82,F,f,f,f,f,f,f,f,f,f,f,f,f,f,f,t,0.2,t,0.1,t,50,t,0.31,t,161,f,,SVI,-,850424028,otro
77,F,f,f,f,f,f,f,f,f,f,f,f,f,f,f,t,0.7,t,2.2,t,72,t,1.18,t,62,f,,SVI,-,850424029,otro
58,F,f,f,f,f,f,f,f,f,f,f,f,f,f,f,t,1.6,t,2,t,109,t,1.09,t,100,f,,SVHC,-,850424031,otro
27,F,f,f,f,f,f,f,f,f,f,f,f,f,f,f,t,0.15,t,1.6,t,101,t,1.09,t,92,f,,SVHC,-,850424069,otro
27,F,f,f,f,f,f,f,f,f,f,f,f,f,f,f,f,,f,,t,103,t,1.14,t,91,f,,other,-,850426002,otro
73,F,f,f,f,f,f,f,f,f,f,f,f,f,f,f,t,1.9,t,1.5,t,113,t,1.06,t,106,f,,SVI,-,850426006,otro
45,M,f,f,f,f,f,f,f,f,f,f,f,f,f,f,t,0.9,t,1.9,t,83,t,0.67,t,124,f,,SVI,-,850426008,otro
48,M,f,f,f,f,f,f,f,f,f,f,f,f,f,f,t,2.2,t,2.1,t,55,t,0.85,t,65,f,,SVHC,-,850426009,otro
28,M,f,f,f,f,f,f,f,f,f,f,f,f,f,f,t,1,t,3.1,t,107,t,1.05,t,103,f,,SVHC,-,850426010,otro
31,M,f,f,f,f,f,f,f,f,f,f,f,f,f,f,t,1.4,t,2.3,t,150,t,1.42,t,106,f,,SVHC,-,850426012,otro
35,M,f,f,f,f,f,f,f,f,f,f,f,f,f,t,t,0.1,t,2.8,t,138,t,1.13,t,122,f,,SVHC,-,850426013,otro
60,M,f,f,f,f,f,f,f,f,f,f,f,f,f,f,t,26,t,2,t,69,t,0.97,t,71,f,,other,G,850426014,hipotiroidismo
60,M,f,f,f,f,f,f,f,f,f,f,f,f,f,f,t,2.1,t,1.4,t,89,t,0.99,t,90,f,,other,-,850426015,otro
75,F,f,f,f,f,f,f,f,f,f,f,f,f,f,f,t,1,t,2.2,t,120,t,1.03,t,117,f,,other,-,850426021,otro
58,F,f,f,f,f,f,f,f,f,f,f,f,f,f,f,t,0.15,t,2.5,t,87,t,0.79,t,109,f,,other,-,850426024,otro
73,F,t,f,f,f,f,f,f,t,f,f,f,f,f,f,t,2.6,t,1.6,t,89,t,0.94,t,95,f,,SVI,-,850426038,otro
54,F,f,f,f,f,f,f,f,f,f,f,f,f,f,f,t,0.6,t,2.2,t,98,t,1.03,t,96,f,,SVI,-,850426043,otro
60,F,f,f,f,f,f,f,f,f,f,f,f,f,f,f,t,0.5,t,1,t,73,t,0.82,t,89,f,,SVHC,K,850426044,otro
37,M,f,f,f,f,f,f,f,f,f,f,f,f,f,f,t,0.7,t,2.6,t,98,t,0.95,t,103,f,,SVI,-,850426047,otro
60,M,f,f,f,f,f,f,f,f,f,f,f,f,f,f,t,0.4,t,1.9,t,106,t,1.06,t,100,f,,SVI,-,850426048,otro
82,M,f,t,f,f,f,f,f,f,f,f,f,f,f,f,t,0.15,t,1.4,t,133,t,1,t,134,f,,SVI,-,850426049,otro
41,F,f,f,f,f,f,f,f,f,t,f,f,f,f,f,t,0.15,t,7.3,t,430,t,1.09,t,395,f,,STMW,A,850426056,hipertiroidismo
20,F,f,f,t,f,f,f,f,f,f,f,f,f,f,f,t,0.15,t,2.5,t,93,t,1,t,93,f,,other,-,850426057,otro
46,F,f,f,f,f,f,f,f,f,f,f,f,f,f,f,t,4,t,1.9,t,69,f,,f,,f,,other,-,850429002,otro
19,M,f,f,f,f,f,f,f,f,f,f,f,f,f,f,t,18.4,t,2,t,105,f,,f,,f,,other,G,850429006,hipotiroidismo
51,M,f,f,f,f,f,f,f,f,f,f,f,f,f,f,t,0.2,t,2,t,113,t,0.84,t,134,f,,SVI,-,850429007,otro
60,M,f,f,f,f,f,f,f,f,f,f,f,f,f,f,t,0.5,t,2.4,t,93,t,1.04,t,89,f,,other,-,850429009,otro
44,M,f,f,f,f,f,f,f,f,f,f,f,f,f,f,t,0.1,t,2.5,t,87,t,0.98,t,88,f,,SVHC,-,850429010,otro
75,F,f,f,f,f,f,f,f,f,f,f,f,f,f,f,t,0.8,t,2.5,t,141,t,1.28,t,110,f,,SVHD,-,850429028,otro
16,M,f,f,f,f,f,f,f,f,f,f,f,f,f,f,t,0.4,t,1.7,t,88,t,0.89,t,99,f,,SVI,-,850429031,otro
87,F,f,f,f,f,f,f,f,t,f,f,f,f,f,f,t,0.2,t,1.5,t,132,t,0.86,t,153,f,,SVI,-,850429034,otro
87,F,f,f,f,f,f,f,f,f,f,f,f,f,f,f,f,,f,,f,,f,,f,,t,18,other,-,850429038,otro
25,F,f,f,f,f,f,f,f,f,f,f,f,f,f,f,t,0.7,t,1.6,t,94,t,0.93,t,101,f,,SVI,-,850429040,otro
84,F,f,f,f,f,f,f,f,f,f,f,f,f,f,f,t,0.7,t,1.6,t,70,t,0.93,t,75,f,,SVI,-,850429041,otro
75,F,f,f,f,f,f,f,f,f,f,f,f,f,f,f,t,2.3,t,0.7,t,78,t,0.82,t,95,f,,SVI,K,850429042,otro
52,F,f,f,f,f,f,f,f,f,f,f,f,f,f,f,t,1.7,t,1.8,t,102,t,0.99,t,103,f,,SVI,-,850429043,otro
64,F,f,f,f,f,f,f,f,f,t,f,f,t,f,f,f,,t,6.1,t,214,t,0.94,t,228,f,,other,A,850429047,hipertiroidismo
60,F,f,f,f,f,f,f,f,f,f,f,f,f,f,f,t,1.5,t,1.9,t,72,t,1.06,t,68,f,,SVHC,-,850429051,otro
58,F,f,f,f,f,f,f,f,f,f,f,f,f,f,f,t,0.3,t,3.1,t,151,t,1.4,t,108,f,,SVHC,I,850429053,otro
36,F,f,f,f,f,f,f,f,f,f,f,f,f,f,f,t,0.2,t,2.7,t,120,t,0.97,t,123,f,,other,-,850430002,otro
43,M,f,f,f,f,f,f,f,f,f,f,f,f,f,f,f,,f,,t,65,t,0.93,t,70,f,,other,-,850430021,otro
52,M,f,f,f,f,f,f,f,f,f,f,f,f,f,f,f,,f,,t,52,t,1.06,t,49,f,,other,-,850430024,otro
41,F,f,f,f,f,f,f,f,f,t,f,f,f,f,f,t,0.2,t,3.8,t,253,t,1.24,t,204,f,,STMW,A,850430034,hipertiroidismo
34,F,f,f,t,f,f,f,f,f,f,f,f,f,f,f,t,0.2,t,2.8,t,160,t,1.51,t,106,f,,STMW,-,850430035,otro
63,F,f,f,f,f,f,f,f,t,f,f,f,f,f,t,t,0.2,t,1.1,t,187,t,0.95,t,197,f,,other,-,850430043,otro
42,F,f,f,f,f,f,f,f,f,t,f,f,f,f,f,t,6.2,t,1.7,t,72,t,0.89,t,81,f,,other,G,850430048,hipotiroidismo
48,F,f,f,f,f,f,f,f,f,t,f,f,f,f,f,t,3,f,,t,90,t,1.14,t,79,f,,other,-,850430049,otro
32,M,f,f,f,f,f,f,f,f,f,f,f,f,f,f,t,0.7,t,2.9,t,90,t,1.02,t,88,f,,SVHC,-,850430078,otro
64,F,f,f,f,f,f,f,f,f,f,f,f,f,f,f,t,1,t,2.2,t,99,t,1.07,t,92,f,,other,-,850430079,otro
64,M,f,f,f,f,f,f,f,f,f,f,f,f,f,f,t,2,t,1.8,t,80,t,0.91,t,88,f,,SVHC,-,850430080,otro
64,,f,f,f,f,f,f,f,f,f,f,f,f,f,f,t,1.4,t,1.2,t,119,t,0.98,t,121,f,,other,-,850430081,otro
59,F,f,f,f,f,f,f,f,f,f,f,f,f,f,f,t,11,t,1.5,t,89,t,1.12,t,79,f,,SVI,G,850430083,hipotiroidismo
56,F,f,f,f,t,f,f,f,f,f,f,f,t,f,f,t,0.2,t,2.5,t,138,t,1.15,t,119,f,,SVI,-,850430085,otro
70,F,f,f,f,f,f,f,f,f,f,f,f,f,f,f,t,3.8,t,3.1,t,110,t,1.08,t,102,f,,SVHC,-,850430087,otro
66,F,f,f,f,f,f,f,t,f,t,f,f,f,f,f,t,0.2,t,1.8,t,91,t,1.12,t,81,f,,other,-,850430088,otro
51,F,t,f,f,f,f,f,f,f,f,f,f,f,f,f,t,0.7,f,,t,127,t,1.19,t,107,f,,other,-,850430089,otro
37,F,f,f,f,f,f,f,f,t,f,f,f,f,f,f,t,27,t,0.9,t,87,t,0.84,t,105,f,,other,GK,850430097,hipotiroidismo
22,M,f,f,f,f,f,f,f,f,f,f,f,f,f,f,t,0.2,t,2.9,t,107,t,1.01,t,106,f,,other,-,850501003,otro
22,F,f,f,f,f,f,f,f,f,f,f,f,f,f,f,f,,f,,f,,f,,f,,t,22,other,-,850501011,otro
43,M,f,f,f,f,f,f,f,f,f,f,f,f,f,f,t,0.9,t,2.7,t,109,t,1.1,t,99,f,,other,-,850501029,otro
60,M,f,f,f,f,f,f,f,f,f,f,f,f,f,f,t,12,t,1.7,t,67,t,0.87,t,77,f,,other,G,850501030,hipotiroidismo
54,M,f,f,f,f,f,f,f,f,f,f,f,f,f,f,t,0.7,t,2,t,101,t,1.09,t,92,f,,SVI,-,850501037,otro
34,M,f,f,f,f,f,f,f,f,f,f,f,f,f,f,t,1.1,t,1.8,t,60,t,0.75,t,80,f,,SVI,-,850501038,otro
33,F,f,f,f,f,f,f,f,f,t,f,f,f,f,f,t,0.2,t,1.5,t,157,t,0.91,t,172,f,,other,AK,850501039,hipertiroidismo
26,F,f,f,f,f,t,f,f,f,f,f,f,f,f,f,t,0.3,f,,t,151,t,1.97,t,76,f,,other,I,850501047,otro
72,F,t,f,f,t,f,f,f,f,f,f,f,f,f,f,t,6.3,t,1.5,t,94,t,0.92,t,102,f,,SVHD,M,850501048,otro
58,F,f,f,f,f,f,f,f,f,f,f,f,f,f,f,t,7.5,t,1.6,t,82,t,1.08,t,77,f,,other,G,850501049,hipotiroidismo
65,F,f,f,f,f,f,f,f,f,f,f,f,f,f,f,t,1.8,t,2.6,t,121,t,1.05,t,115,f,,other,-,850501050,otro
54,F,f,f,f,f,f,f,f,f,f,f,f,f,f,f,f,,f,,f,,f,,f,,t,28,other,-,850501065,otro
58,F,f,f,f,f,f,f,f,f,f,f,f,f,f,f,f,,f,,f,,f,,f,,t,33,other,S,850501066,otro
60,M,f,f,f,f,f,f,f,f,f,f,f,f,f,f,f,,f,,f,,f,,f,,t,19,other,-,850501072,otro
49,F,f,f,f,f,f,f,f,f,f,f,f,f,f,f,f,,f,,f,,f,,f,,t,20,other,-,850501073,otro
36,M,f,f,f,f,f,f,f,f,f,f,f,f,f,f,t,1.3,t,1.9,t,62,t,0.77,t,81,f,,SVI,-,850501080,otro
60,M,f,f,f,f,f,f,f,f,f,f,f,f,f,f,t,36,t,0.6,t,23,t,0.68,t,34,f,,SVI,F,850501081,hipotiroidismo
56,F,f,f,f,f,f,f,f,f,f,f,f,f,f,f,t,0.5,t,2.3,t,85,t,0.81,t,105,f,,SVI,-,850501082,otro
84,M,f,f,f,f,f,f,f,f,f,f,f,f,f,f,t,1.6,t,1.5,t,96,t,0.82,t,117,f,,SVI,-,850501083,otro
58,M,f,f,f,f,f,f,f,f,f,f,f,f,f,f,t,2.1,t,2.4,t,95,t,0.95,t,100,f,,other,-,850501084,otro
56,F,f,f,f,f,f,f,f,f,f,f,f,t,f,f,t,0.6,t,2.5,t,122,t,1.05,t,116,f,,SVI,-,850501085,otro
65,M,f,f,f,f,f,f,f,f,f,f,f,f,f,f,t,1.1,t,1.4,t,121,t,0.81,t,149,f,,SVI,-,850501086,otro
89,F,f,f,f,f,f,f,f,f,f,f,f,f,f,f,t,0.25,t,1.2,t,70,t,1.06,t,66,f,,SVI,-,850501088,otro
66,F,f,f,f,f,f,f,f,f,f,f,f,f,f,f,t,0.25,t,0.6,t,110,t,0.83,t,133,f,,SVI,K,850501089,otro
66,F,f,f,f,f,f,f,f,f,f,f,f,f,f,f,f,,f,,t,64,t,0.78,t,82,f,,other,-,850501096,otro
55,F,f,f,f,f,f,f,f,f,f,f,f,t,f,f,t,0.9,t,2.3,t,117,t,0.95,t,123,f,,SVI,-,850502004,otro
67,M,f,f,f,f,f,f,f,f,f,f,f,f,f,f,f,,f,,t,97,t,0.95,t,102,f,,other,-,850502005,otro
29,F,f,f,f,f,f,f,f,f,t,f,f,t,f,f,f,,t,1.6,t,86,t,0.78,t,111,f,,other,-,850502011,otro
58,M,f,f,f,f,f,f,f,f,f,f,f,f,f,f,t,0.8,t,1.4,t,129,t,1.07,t,120,f,,SVHC,-,850502013,otro
22,F,f,f,f,f,f,f,f,f,f,f,f,f,f,f,t,1.7,t,1.5,t,133,t,0.84,t,159,f,,SVI,R,850502014,otro
84,F,f,f,f,f,f,f,f,f,f,f,f,f,f,f,t,0.25,t,2.2,t,138,t,0.97,t,143,f,,other,-,850502018,otro
58,M,t,f,f,f,f,f,f,f,f,f,f,f,f,f,f,,f,,t,74,t,0.82,t,90,f,,other,-,850502019,otro
44,M,f,f,f,f,f,f,f,f,f,f,f,f,f,f,t,0.2,t,1.5,t,107,t,0.79,t,135,f,,other,-,850502021,otro
75,F,f,f,f,f,f,f,t,f,f,f,f,f,f,f,t,0.25,t,3.4,t,151,t,1.13,t,134,f,,other,I,850502033,otro
54,F,f,f,f,f,f,f,f,f,f,f,f,f,f,f,t,0.25,t,2.9,t,101,t,1,t,100,f,,other,-,850502034,otro
54,F,f,f,f,f,f,f,f,f,f,f,t,f,f,f,t,2.3,t,2,t,78,t,1.04,t,75,f,,other,-,850502036,otro
76,F,f,f,f,f,f,f,f,t,f,f,f,f,f,f,t,0.25,t,0.8,t,78,t,0.75,t,104,f,,other,K,850502039,otro
70,F,f,f,f,t,f,f,f,f,f,f,f,f,f,f,t,1.8,t,1.5,t,70,t,0.86,t,81,f,,SVHD,-,850502041,otro
33,F,f,f,f,f,f,f,f,f,f,f,t,f,f,f,f,,f,,f,,f,,f,,t,22,other,-,850502049,otro
69,F,f,f,f,t,f,f,f,f,f,f,f,t,f,f,f,,f,,f,,f,,f,,t,29,other,-,850502053,otro
16,F,f,f,f,f,f,t,f,f,f,f,f,f,f,f,t,30,t,1.2,t,30,t,1.45,t,21,f,,other,Q,850502059,otro
72,F,f,t,f,f,f,f,f,f,f,f,f,f,f,f,f,,f,,t,75,t,1.01,t,74,f,,other,-,850502060,otro
75,F,t,f,f,f,f,f,f,f,f,f,f,f,f,f,t,0.25,t,2.1,t,172,t,1.01,t,171,f,,other,N,850502061,otro
63,F,f,f,f,f,f,f,f,f,f,f,f,f,f,f,t,8.2,t,2.1,t,80,t,1.02,t,78,f,,other,G,850502064,hipotiroidismo
49,F,t,f,f,f,f,f,f,f,f,f,f,f,f,f,t,0.25,f,,t,184,t,0.86,t,214,f,,other,N,850502065,otro
51,F,f,f,f,f,f,f,f,f,f,f,f,f,f,f,f,,f,,f,,f,,f,,t,30,other,-,850502068,otro
29,F,t,f,f,f,f,f,f,f,f,f,f,f,f,f,t,0.05,t,2,t,127,t,0.92,t,138,f,,other,-,850502070,otro
92,F,f,f,f,f,f,f,f,f,f,f,f,f,f,f,t,0.7,t,1.3,t,120,t,0.84,t,143,f,,SVI,-,850502074,otro
36,F,f,f,f,f,f,f,f,f,f,f,f,f,f,f,t,2.9,t,1.4,t,92,t,0.92,t,101,f,,SVI,-,850502076,otro
36,M,f,t,f,f,f,f,f,f,f,f,f,f,f,f,t,0.25,t,1.8,t,124,t,0.75,t,166,f,,SVI,-,850502078,otro
23,M,t,f,f,f,f,f,f,t,f,f,f,f,f,f,t,0.05,t,3.3,t,232,t,1.34,t,174,f,,other,N,850502079,otro
34,F,t,f,f,f,f,f,f,t,f,f,f,f,f,f,t,0.4,f,,t,109,t,0.91,t,120,f,,other,-,850502082,otro
42,F,f,f,f,f,f,f,f,f,f,f,f,f,f,f,t,0.05,t,2.6,t,122,t,1.16,t,105,f,,other,-,850502084,otro
71,F,t,f,f,f,f,f,f,t,f,f,f,f,f,f,t,1.1,f,,t,108,t,1.05,t,104,f,,other,-,850502093,otro
13,M,f,f,f,f,f,f,f,f,f,f,f,f,f,f,t,0.2,f,,t,67,t,0.93,t,72,f,,other,-,850502094,otro
45,M,f,f,f,f,f,f,f,f,f,f,f,f,f,f,t,1.3,t,2.3,t,88,t,0.84,t,106,f,,SVHC,-,850503008,otro
59,F,f,f,f,f,f,f,f,f,f,f,f,f,f,f,t,1.2,t,2,t,110,t,0.96,t,114,f,,SVI,-,850503009,otro
48,F,f,f,f,f,f,f,f,f,f,f,f,f,f,f,t,0.3,t,1.6,t,86,t,0.93,t,92,f,,SVI,-,850503011,otro
15,M,f,f,f,f,f,f,f,f,t,f,f,f,f,f,f,,f,,f,,f,,f,,t,15,other,-,850503019,otro
19,F,f,f,f,f,f,f,f,f,f,f,f,f,f,f,f,,f,,f,,f,,f,,t,39,other,S,850503020,otro
73,M,f,f,f,f,f,f,f,f,f,f,f,f,f,f,t,10,t,1,t,84,t,1.39,t,60,f,,SVI,F,850503037,hipotiroidismo
19,F,f,f,f,f,f,f,f,f,f,f,f,t,f,t,t,0.4,t,2.4,t,103,t,0.91,t,114,f,,SVHC,-,850503038,otro
78,F,f,f,f,f,f,f,f,f,f,f,f,f,f,f,t,0.05,t,2,t,114,t,0.85,t,134,f,,other,-,850503039,otro
67,F,f,f,f,f,f,f,f,f,f,f,f,f,f,f,t,0.2,t,1.6,t,90,t,0.97,t,93,f,,SVI,-,850503040,otro
76,F,f,f,f,f,f,f,f,f,f,f,f,f,f,f,t,1.7,t,0.8,t,80,t,0.77,t,104,f,,SVI,K,850503041,otro
48,M,f,f,f,f,f,f,f,f,f,f,f,f,f,f,t,0.05,t,0.4,t,98,t,0.73,t,133,f,,SVI,K,850503042,otro
55,M,f,f,f,f,f,f,f,f,f,f,f,f,f,f,t,1,t,1.8,t,95,t,0.95,t,101,f,,SVI,-,850503043,otro
73,F,f,f,f,f,f,f,f,f,f,f,f,f,f,f,t,0.05,t,1.9,t,76,t,0.88,t,86,f,,SVI,-,850503045,otro
50,M,t,f,f,f,f,f,f,f,f,f,f,f,f,f,t,0.05,t,1.8,t,109,t,0.77,t,141,f,,other,-,850503069,otro
50,F,t,f,f,f,f,f,f,f,f,f,f,f,f,f,t,0.05,f,,t,105,t,0.92,t,114,f,,other,-,850503070,otro
46,F,f,f,f,f,f,f,f,f,f,f,f,f,f,t,t,0.2,t,3.5,t,172,t,0.99,t,173,f,,SVHC,R,850506003,otro
59,M,f,f,f,f,f,f,f,f,f,f,f,f,f,f,t,0.05,t,2,t,118,t,0.92,t,129,f,,SVHC,-,850506004,otro
79,F,f,f,f,f,f,f,f,f,f,f,f,f,f,f,t,0.5,t,1.6,t,128,t,0.99,t,129,f,,SVI,-,850506005,otro
39,M,f,f,f,f,f,f,f,f,f,f,f,f,f,f,t,0.5,t,2.1,t,95,t,0.89,t,107,f,,other,-,850506006,otro
28,M,f,f,f,f,f,f,f,f,f,f,f,f,f,t,t,0.5,t,2.2,t,89,t,1.06,t,84,f,,other,-,850506007,otro
28,,f,f,f,f,f,f,f,f,f,f,f,f,f,f,t,1.5,t,2.8,t,117,t,0.98,t,114,f,,SVI,-,850506008,otro
59,M,f,f,f,t,f,f,f,f,f,f,f,f,f,f,t,0.3,t,2.4,t,86,t,0.9,t,96,f,,SVI,-,850506009,otro
24,F,t,f,f,f,f,f,f,f,f,f,f,f,f,f,t,4.5,f,,t,166,t,1.59,t,104,f,,other,-,850506018,otro
34,F,f,f,f,f,t,f,f,f,f,f,f,f,f,f,t,0.05,t,4.2,t,213,t,1.94,t,110,f,,STMW,I,850506020,otro
27,F,f,f,f,f,f,f,f,f,t,f,f,f,f,f,t,2,t,2.5,t,90,t,1.06,t,85,f,,STMW,-,850506021,otro
64,F,f,f,f,f,f,f,f,f,f,f,f,f,f,f,t,0.05,t,3.1,t,169,t,1.21,t,140,f,,STMW,I,850506022,otro
32,F,f,f,f,f,f,f,f,f,f,f,f,f,f,f,t,0.05,t,3.1,t,206,t,1.59,t,129,f,,other,I,850506025,otro
32,M,f,f,f,f,f,f,f,f,f,f,f,f,f,f,t,109,t,0.2,t,3,t,1.02,t,3,f,,other,F,850506031,hipotiroidismo
49,F,t,f,f,f,f,f,f,f,f,f,f,f,f,f,t,1.2,f,,t,87,t,0.91,t,95,f,,other,-,850506043,otro
80,M,f,f,f,f,f,f,f,f,f,f,f,f,f,f,t,0.05,t,3.7,t,152,t,0.93,t,164,f,,SVI,A,850506046,hipertiroidismo
78,F,f,f,f,f,f,f,f,f,f,f,f,f,f,f,t,0.05,t,1.3,t,101,f,,f,,f,,SVI,-,850506047,otro
68,M,f,f,f,f,f,f,f,f,f,f,f,f,f,f,t,0.4,t,2.2,t,117,t,0.86,t,136,f,,SVI,-,850506048,otro
47,F,f,f,f,f,f,f,f,f,f,f,f,f,f,f,t,0.6,t,2,t,142,t,1,t,142,f,,SVI,-,850506049,otro
58,M,f,f,f,f,f,f,f,f,f,f,f,f,f,f,t,0.05,t,2.4,t,103,t,0.97,t,107,f,,SVI,-,850506050,otro
36,F,f,f,f,f,f,f,f,f,f,f,f,f,f,f,t,7.5,t,4.1,t,139,t,1.65,t,84,f,,SVI,GI,850506051,hipotiroidismo
40,M,f,f,f,f,f,f,f,f,f,f,f,f,f,f,t,0.05,t,2.5,t,131,t,0.91,t,144,f,,SVI,-,850506052,otro
73,,f,f,f,f,f,f,f,f,f,f,f,f,f,f,t,2,t,2.9,t,116,t,1.18,t,99,f,,SVI,-,850506053,otro
33,F,f,f,f,f,f,f,f,f,f,f,f,f,f,f,t,1.3,t,2.5,t,101,t,0.9,t,112,f,,SVHC,-,850506054,otro
66,M,f,f,f,f,f,f,f,f,t,f,f,f,f,f,t,0.05,t,1.8,t,133,t,1.02,t,130,f,,SVI,-,850506055,otro
76,F,f,f,f,f,f,f,f,f,f,f,f,f,f,f,t,1,t,2.9,t,100,t,1.02,t,98,f,,SVHC,-,850506056,otro
41,M,f,f,f,f,f,f,f,f,f,f,f,f,f,f,t,0.05,t,3,t,90,t,0.96,t,94,f,,SVHC,-,850506057,otro
75,M,f,f,f,f,f,f,f,f,f,f,f,f,f,f,t,2.3,t,2.6,t,90,t,0.99,t,91,f,,other,-,850506058,otro
54,F,t,f,f,f,f,f,f,f,f,f,f,f,f,f,t,0.25,f,,t,156,t,1.23,t,126,f,,other,-,850506069,otro
61,F,t,f,f,f,f,f,f,f,f,f,f,f,f,f,t,0.25,f,,t,87,t,0.79,t,109,f,,other,-,850506070,otro
26,F,f,f,f,f,f,f,f,f,f,f,f,f,f,f,t,1.4,f,,t,106,t,1.28,t,84,f,,other,I,850506071,otro
27,F,f,f,f,f,f,f,f,f,f,f,f,f,f,f,f,,f,,t,86,t,0.93,t,92,f,,other,-,850506078,otro
34,F,f,f,f,f,t,f,f,f,t,f,f,t,f,f,t,0.25,t,3.9,t,139,t,1.27,t,110,f,,other,C|I,850506079,otro
29,F,f,f,f,f,f,f,f,f,f,f,f,f,f,f,t,1.6,t,2.6,t,89,t,0.98,t,91,f,,other,-,850506080,otro
29,M,f,f,f,f,f,f,f,f,f,f,f,f,f,f,t,2.6,t,1.6,t,135,t,0.86,t,157,f,,other,R,850506082,otro
58,F,f,f,f,f,f,f,f,f,f,f,f,f,f,f,t,0.05,t,2.6,t,132,t,1.03,t,128,f,,SVI,-,850507001,otro
37,M,f,f,f,f,f,f,f,f,t,f,f,f,f,f,t,0.25,t,2,t,83,t,1.14,t,72,f,,other,-,850507020,otro
40,M,f,f,f,f,f,f,f,f,f,f,f,f,f,f,t,0.25,t,2.3,t,134,t,0.84,t,160,f,,SVI,R,850507034,otro
59,F,f,f,f,f,f,f,f,f,f,f,f,f,f,f,t,1.5,t,2.1,t,103,t,0.91,t,113,f,,SVHC,-,850507038,otro
42,F,f,f,f,f,f,f,f,f,f,f,f,f,f,f,t,2,f,,t,102,t,1.03,t,93,f,,other,-,850507039,otro
60,M,f,f,t,f,f,f,f,f,f,f,f,f,f,f,t,0.2,t,4,t,68,t,1,t,67,f,,other,B,850507040,hipertiroidismo
86,F,f,f,f,f,f,f,f,f,f,f,f,f,f,f,t,0.25,t,1.8,t,89,t,0.89,t,100,f,,SVI,-,850507054,otro
74,M,f,f,f,f,f,f,f,f,f,f,f,f,f,f,t,1.6,t,2.1,t,120,t,0.98,t,122,f,,SVI,-,850507055,otro
37,F,f,f,f,f,f,f,f,f,f,f,f,f,f,t,t,0.25,t,2,t,114,t,0.9,t,128,f,,SVI,-,850507056,otro
85,M,f,f,f,f,f,f,f,f,f,f,f,f,f,f,t,0.25,t,1.1,t,132,t,0.85,t,154,f,,SVI,K,850507058,otro
78,F,f,f,f,f,f,f,f,f,f,f,f,f,f,f,t,0.6,t,2.4,t,118,t,0.88,t,135,f,,SVI,-,850507059,otro
36,F,f,f,f,f,f,f,f,f,f,f,f,f,f,f,t,8.599999,t,3.7,t,131,t,1.65,t,79,f,,SVI,GI,850507060,hipotiroidismo
57,F,f,f,f,f,f,f,f,f,f,f,f,f,f,f,t,0.9,t,2.1,t,93,t,0.9,t,104,f,,SVI,-,850507061,otro
38,M,f,f,f,f,f,f,f,f,f,f,f,f,f,f,t,0.4,t,2,t,91,t,0.78,t,117,f,,SVHC,-,850507062,otro
34,F,f,f,f,f,f,f,f,f,f,f,f,f,f,f,t,0.25,t,2.3,t,103,t,1.05,t,98,f,,other,-,850507065,otro
34,F,f,f,f,f,f,f,f,f,f,f,f,f,f,f,t,0.25,t,1.6,t,107,t,1.05,t,102,f,,SVHC,-,850508001,otro
45,F,f,f,f,f,f,f,f,f,f,f,f,f,f,f,f,,f,,f,,f,,f,,t,27,other,-,850508002,otro
51,F,f,f,f,f,f,f,f,f,f,f,f,f,f,f,t,1,t,1.9,t,91,t,1.03,t,89,f,,other,-,850508004,otro
66,M,f,f,f,f,f,f,f,f,f,f,f,f,f,f,t,0.5,t,1.9,t,80,t,0.85,t,94,f,,SVHC,-,850508006,otro
44,M,f,f,f,f,f,f,f,f,f,f,f,f,f,f,t,0.25,f,,t,106,t,1.02,t,105,f,,other,-,850508008,otro
19,F,f,f,f,f,f,f,f,f,t,f,f,f,f,f,t,0.6,t,2.3,t,100,t,0.94,t,106,f,,other,-,850508026,otro
35,F,t,f,f,f,f,f,f,f,f,f,f,f,f,f,t,0.25,t,2,t,121,t,0.81,t,148,f,,other,-,850508029,otro
59,,f,f,f,f,f,f,t,f,f,f,f,f,f,f,t,0.25,t,2.4,t,109,t,0.97,t,113,f,,other,-,850508035,otro
83,F,f,f,f,f,f,f,f,f,f,f,f,f,f,f,t,0.25,t,2.3,t,147,t,1.09,t,135,f,,SVI,-,850508050,otro
83,F,f,f,f,f,f,f,f,t,f,f,f,f,f,f,t,2.2,t,0.9,t,69,t,0.74,t,93,f,,SVI,K,850508051,otro
45,F,f,f,f,f,f,f,f,f,f,f,f,f,f,f,t,7.4,t,1.4,t,108,t,1.08,t,100,f,,SVI,G,850508053,hipotiroidismo
80,M,f,f,f,f,f,f,f,f,f,f,f,f,f,f,t,6.1,t,1.3,t,83,t,0.88,t,95,f,,SVI,G,850508054,hipotiroidismo
79,M,f,f,f,f,f,f,f,f,f,f,f,f,f,f,t,0.8,t,2.2,t,103,t,0.95,t,109,f,,SVI,-,850508055,otro
84,M,f,f,f,f,f,f,f,f,f,f,f,f,f,f,t,0.6,t,2.1,t,110,t,1.04,t,106,f,,SVI,-,850508057,otro
82,F,f,f,f,f,f,f,f,f,f,f,f,f,f,f,t,0.5,t,0.6,t,139,t,0.86,t,161,f,,SVI,-,850508058,otro
34,F,f,f,f,f,f,f,f,f,t,f,f,f,f,f,t,0.15,t,2.3,t,139,t,1.06,t,131,f,,other,-,850508067,otro
64,F,f,f,f,f,f,f,f,f,f,f,f,f,f,f,f,,f,,f,,f,,f,,t,25,other,-,850508073,otro
42,F,t,f,f,f,f,f,f,f,f,f,f,f,f,f,t,0.9,f,,t,135,t,0.66,t,206,f,,other,-,850508091,otro
28,F,f,f,t,f,f,f,f,f,t,f,f,f,f,f,t,0.15,t,1.9,t,75,t,1.12,t,67,f,,other,-,850509001,otro
21,,f,t,f,f,f,f,f,f,f,f,f,f,f,f,f,,t,2.8,t,143,t,1.25,t,114,f,,other,-,850509014,otro
64,F,f,f,f,f,f,f,f,f,f,f,f,f,f,f,t,0.2,t,1.9,t,159,t,1.04,t,153,f,,other,-,850509015,otro
36,M,f,t,f,f,f,f,f,f,f,f,f,f,f,f,t,0.5,f,,t,101,t,0.86,t,117,f,,other,-,850509017,otro
26,F,f,t,f,f,t,f,f,f,f,f,f,f,f,f,t,1.2,t,4,t,168,t,1.57,t,106,f,,other,I,850509020,otro
52,F,f,f,f,f,f,f,f,f,f,f,f,f,f,f,t,8.799999,t,2.3,t,106,t,1.25,t,85,f,,other,G,850509021,hipotiroidismo
70,F,f,f,f,f,f,f,f,f,f,f,f,f,f,f,t,2.1,t,2.3,t,180,t,1.3,t,139,f,,other,I,850509022,otro
70,M,f,f,f,f,f,f,f,f,f,f,f,f,f,f,t,0.5,t,1.9,t,87,t,0.87,t,100,f,,SVI,-,850509023,otro
70,F,f,f,f,f,f,f,f,f,f,f,f,f,f,f,t,2.5,t,2.3,t,84,t,0.92,t,92,f,,other,-,850509024,otro
37,F,f,f,f,f,f,f,f,f,f,f,f,f,f,t,t,1.1,t,2,t,97,t,0.99,t,98,f,,SVI,-,850509025,otro
42,F,f,f,f,f,f,f,f,f,f,f,f,f,f,f,t,0.6,t,2.5,t,125,t,1.22,t,102,f,,other,-,850509026,otro
40,F,f,f,f,f,f,f,f,f,f,f,f,f,f,f,t,0.15,t,1.7,t,132,t,0.93,t,141,f,,other,-,850509036,otro
58,M,f,f,f,f,f,f,f,f,f,f,f,f,f,f,t,0.5,t,3.4,t,91,t,0.97,t,94,f,,SVI,R,850509037,otro
41,F,f,f,f,f,f,f,f,f,f,f,f,f,f,f,t,1,t,1.5,t,100,t,0.86,t,116,f,,other,-,850509038,otro
80,M,f,f,f,f,f,f,f,f,f,f,f,f,f,f,t,0.15,t,2.2,t,124,t,0.81,t,152,f,,SVI,-,850509039,otro
67,F,f,f,f,f,f,f,f,f,f,f,f,f,f,f,t,0.15,t,2.9,t,99,t,1.14,t,88,f,,SVI,-,850509040,otro
50,F,f,f,f,f,f,f,f,f,f,f,f,f,f,f,t,0.3,t,1.5,t,146,t,1.18,t,124,f,,SVI,-,850509041,otro
74,F,f,f,f,f,f,f,f,f,f,f,f,f,f,f,t,0.6,t,2.4,t,137,t,1.18,t,116,f,,SVI,-,850509043,otro
55,,f,f,f,f,f,f,f,f,f,f,f,f,f,f,t,0.2,t,1.7,t,95,t,0.79,t,121,f,,other,-,850509056,otro
60,F,f,f,f,f,f,f,f,f,t,f,f,f,f,f,t,3.8,t,2.2,t,76,t,1.3,t,58,f,,other,I,850509058,otro
79,F,f,f,f,f,f,f,f,f,f,f,f,f,f,f,t,17,t,1.6,t,66,t,1,t,65,f,,other,G,850509059,hipotiroidismo
43,F,t,f,f,f,f,f,f,f,f,f,f,f,f,f,t,0.2,f,,t,134,t,1.03,t,131,f,,other,-,850509062,otro
37,M,f,f,f,f,f,f,f,f,f,f,f,f,f,f,t,0.9,t,2.3,t,77,t,0.8,t,96,f,,other,-,850509064,otro
55,M,f,t,f,f,f,f,f,f,f,f,f,f,f,f,t,0.2,t,1.8,t,52,t,0.95,t,55,f,,other,-,850509065,otro
72,F,f,f,f,f,f,f,f,f,f,f,f,f,f,f,f,,f,,f,,f,,f,,t,31,other,S,850509071,otro
15,M,f,f,f,f,f,f,f,f,f,f,f,f,f,f,t,3.4,t,4.5,t,97,f,,f,,f,,other,-,850509085,otro
69,F,t,f,f,f,f,f,f,f,f,f,f,f,f,f,t,4.9,f,,t,116,t,1.1,t,105,f,,other,-,850509087,otro
26,F,f,f,f,f,f,f,f,f,f,f,f,t,f,f,t,6.2,f,,t,86,t,0.9,t,95,f,,other,G,850509088,hipotiroidismo
22,,f,f,f,f,f,f,f,f,f,f,f,f,f,f,t,1.7,t,2.2,t,93,t,1.08,t,87,f,,other,-,850509090,otro
26,F,f,f,f,f,f,f,f,f,f,f,f,f,f,f,f,,f,,f,,f,,f,,t,22,other,-,850509094,otro
15,F,f,f,f,f,f,f,f,f,f,f,f,f,f,f,t,0.7,t,1.8,t,84,t,0.98,t,86,f,,other,-,850510002,otro
87,F,f,f,f,f,f,f,f,f,f,f,f,f,f,f,t,0.3,t,1.5,t,100,t,1.2,t,83,f,,SVI,-,850510018,otro
58,M,f,f,f,f,f,f,f,f,f,f,f,f,f,f,t,0.6,t,2,t,107,t,0.95,t,113,f,,SVI,-,850510019,otro
58,F,f,f,f,f,f,f,f,f,f,f,f,f,f,f,f,,f,,f,,f,,f,,t,14,other,-,850510033,otro
60,F,t,f,f,f,f,f,f,f,f,f,f,f,f,f,t,0.2,f,,t,159,t,1.07,t,149,f,,other,-,850510037,otro
70,M,f,f,f,f,f,f,f,f,f,f,f,f,f,f,t,0.9,t,2.6,t,92,t,0.89,t,103,f,,other,-,850510038,otro
70,M,f,f,f,f,f,f,f,f,f,f,f,f,f,f,t,0.2,t,2,t,119,t,0.86,t,138,f,,SVHC,-,850510039,otro
70,M,f,f,f,f,f,f,f,f,f,f,f,f,f,f,t,1.4,t,2.1,t,91,t,0.99,t,92,f,,SVHC,-,850510040,otro
85,F,f,f,f,f,f,f,f,f,f,f,f,f,f,f,t,1,t,1,t,92,t,0.56,t,164,f,,SVI,KJ,850510042,otro
55,M,f,f,f,f,f,f,f,f,f,f,f,f,f,f,t,3.4,t,2.3,t,86,t,1.08,t,80,f,,SVI,-,850510043,otro
51,F,f,f,f,f,f,t,f,f,f,f,f,f,f,f,t,1,t,2.2,t,69,t,1.04,t,66,f,,other,-,850510044,otro
75,F,f,f,f,f,f,f,f,f,f,f,f,f,f,f,t,0.8,t,0.05,t,106,t,1.14,t,93,f,,SVI,K,850510049,otro
75,F,f,f,f,f,f,f,f,f,f,f,f,f,f,f,t,9.599999,t,1.9,t,79,t,1,t,80,f,,SVI,G,850510050,hipotiroidismo
70,F,f,f,f,f,f,f,f,f,f,f,f,f,f,f,t,0.6,t,2.5,t,98,t,1.06,t,92,f,,other,-,850510051,otro
49,M,f,f,f,f,f,f,f,f,f,f,f,f,f,f,t,1,t,2.8,t,141,t,1.11,t,127,f,,other,-,850510061,otro
36,F,f,f,f,f,f,f,f,f,f,f,f,f,f,f,t,0.2,t,3.2,t,187,t,1.74,t,107,f,,STMW,I,850513001,otro
36,M,f,f,f,f,f,f,f,f,f,f,f,f,f,f,t,1.5,t,3.3,t,132,t,1.21,t,110,f,,SVHC,R,850513002,otro
36,F,f,f,f,f,f,f,f,f,f,f,f,f,f,f,t,0.2,t,3,t,125,t,0.74,t,169,f,,SVI,-,850513011,otro
70,M,f,f,f,f,f,f,f,f,f,f,f,f,f,f,t,0.7,t,0.9,t,73,f,,f,,f,,other,-,850513012,otro
63,F,f,f,f,f,f,f,f,f,f,f,f,f,f,f,t,126,t,1.3,t,39,t,1.08,t,37,f,,other,F,850513014,hipotiroidismo
58,F,f,f,f,f,f,f,f,f,t,f,f,f,f,f,t,1.7,t,2.4,t,133,t,1.15,t,116,f,,other,-,850513015,otro
58,F,f,f,f,f,f,f,f,f,f,f,f,f,f,f,t,0.2,t,1.9,t,93,t,0.84,t,111,f,,other,-,850513042,otro
80,M,f,f,f,f,f,f,f,f,t,f,f,f,f,f,t,0.2,t,1.8,t,111,t,0.97,t,114,f,,SVI,-,850513045,otro
73,M,f,f,f,f,f,f,f,f,f,f,f,f,f,f,t,1,t,1.4,t,48,t,1.05,t,46,f,,SVI,K,850513048,otro
56,F,t,f,f,f,f,f,f,t,f,f,f,f,f,f,t,0.2,t,2.1,t,136,f,,f,,f,,other,-,850514004,otro
71,F,f,f,f,f,f,f,f,f,t,f,f,t,f,f,t,0.2,t,4.5,t,125,t,0.82,t,152,f,,other,C,850514008,hipertiroidismo
31,,f,f,f,f,f,f,f,f,f,f,f,f,f,f,t,1.1,t,2.2,t,103,t,1.05,t,98,f,,SVHC,-,850514017,otro
45,M,f,f,f,f,f,f,f,f,f,f,f,f,f,f,t,0.2,t,1.8,t,94,t,0.84,t,111,f,,SVHC,-,850514019,otro
67,F,f,f,f,f,f,f,f,f,f,f,f,f,f,f,t,0.5,t,1.9,t,109,t,1.01,t,108,f,,other,-,850514020,otro
59,F,t,f,f,t,f,f,f,f,f,f,f,t,f,f,t,0.2,t,4.3,t,140,t,1.68,t,83,f,,SVHD,C,850514022,hipertiroidismo
73,F,f,f,f,f,f,f,f,f,f,f,f,f,f,f,t,0.7,f,,t,88,t,0.82,t,107,f,,other,-,850514045,otro
73,M,f,f,f,f,f,f,f,f,f,f,f,f,f,f,f,,t,2.7,t,87,t,1.07,t,81,f,,other,-,850514046,otro
48,F,f,f,f,f,f,f,f,f,f,f,f,f,f,f,t,2.4,t,2.3,t,99,t,1.05,t,95,f,,SVHC,-,850514049,otro
48,F,f,f,f,f,f,f,f,f,f,f,f,f,f,f,t,0.2,t,1.8,t,104,t,1.11,t,94,f,,SVI,-,850514051,otro
48,M,f,f,f,f,f,f,f,f,f,f,f,f,f,f,t,0.2,t,2.5,t,91,t,1.17,t,78,f,,SVI,-,850514052,otro
48,M,f,f,f,f,f,f,f,f,f,f,f,f,f,f,t,0.8,t,1,t,46,t,0.66,t,70,f,,SVI,-,850514053,otro
48,M,f,f,f,f,f,f,f,f,f,f,f,f,f,f,t,0.8,t,1.2,t,97,t,0.9,t,107,f,,SVI,-,850514054,otro
48,F,f,f,f,f,f,f,f,f,f,f,f,f,f,f,t,0.5,t,1.4,t,80,t,0.88,t,91,f,,SVI,-,850514055,otro
59,M,f,f,f,f,f,f,f,f,f,f,f,f,f,f,t,0.7,t,2.8,t,87,t,1,t,87,f,,SVI,-,850514057,otro
57,F,t,f,f,f,f,f,f,t,f,f,f,f,f,f,f,,f,,f,,f,,f,,t,25,other,-,850514063,otro
43,F,f,f,f,f,f,f,f,f,f,f,f,f,f,f,t,0.7,t,2.5,t,99,t,1.12,t,89,f,,STMW,-,850515011,otro
34,F,f,f,f,f,f,f,f,f,f,f,f,f,f,f,t,0.2,t,2.5,t,104,t,1.2,t,86,f,,STMW,-,850515012,otro
38,F,f,f,f,f,f,f,f,f,f,f,f,f,f,f,t,0.5,t,4.7,t,172,t,1.83,t,94,f,,STMW,I,850515013,otro
39,F,f,f,f,f,f,f,f,f,f,f,f,f,f,f,t,0.2,t,1.9,t,83,t,0.89,t,93,f,,other,-,850515014,otro
39,F,f,f,f,f,f,f,f,f,f,f,f,f,f,f,t,0.2,t,0.3,t,73,t,0.78,t,94,f,,other,-,850515015,otro
32,M,f,f,f,f,f,f,f,f,f,f,f,f,f,f,t,1.2,t,2.9,t,128,t,1.12,t,114,f,,SVHC,-,850515016,otro
28,F,f,f,f,f,f,f,f,f,f,f,f,f,f,f,t,0.5,t,2.5,t,84,t,1.06,t,79,f,,other,-,850515017,otro
75,M,f,f,f,f,f,f,f,f,f,f,f,f,f,f,t,0.6,t,1.5,t,63,t,0.68,t,92,f,,other,-,850515019,otro
75,F,t,f,f,f,f,f,f,f,f,f,f,f,f,f,t,1.5,t,2.2,t,70,t,0.85,t,82,f,,other,-,850515023,otro
19,M,f,f,f,f,f,f,f,f,f,f,f,f,f,f,t,0.2,t,2.3,t,91,t,0.93,t,98,f,,SVHC,-,850515031,otro
73,M,f,f,f,f,f,f,f,f,f,f,f,f,f,f,t,0.5,t,0.7,t,110,t,0.93,t,118,f,,SVI,K,850515032,otro
60,M,f,f,f,f,f,f,f,f,f,f,f,f,f,f,t,1.2,t,0.8,t,44,t,0.84,t,52,f,,SVI,K,850515033,otro
60,F,f,f,f,f,f,f,f,f,f,f,f,f,f,f,t,0.6,t,2.4,t,101,t,1.18,t,86,f,,other,-,850515034,otro
60,M,f,f,f,t,f,f,f,f,f,f,f,f,f,f,t,0.2,t,2.1,t,105,t,1.09,t,97,f,,SVI,-,850515035,otro
68,M,f,f,f,f,f,f,f,f,f,f,f,f,f,f,t,1.9,t,2.9,t,90,t,1,t,90,f,,SVI,-,850515036,otro
30,F,f,f,f,f,f,f,f,f,f,f,f,f,f,f,t,0.6,t,3.2,t,123,t,1.29,t,96,f,,SVI,I,850515037,otro
39,F,f,f,f,f,f,f,f,t,t,f,f,f,f,f,t,0.2,t,2.2,t,106,t,0.75,t,141,f,,other,-,850515054,otro
23,F,f,f,f,f,f,f,f,t,f,f,f,f,f,f,t,0.6,f,,t,78,t,1.07,t,73,f,,other,-,850515060,otro
64,F,t,f,f,f,f,f,f,f,f,f,f,f,f,f,t,0.2,f,,t,98,t,0.72,t,136,f,,other,-,850515062,otro
21,F,f,f,f,f,f,f,f,f,t,f,f,f,f,f,f,,t,3.7,t,162,t,1.47,t,110,f,,other,-,850515063,otro
22,F,f,f,f,f,f,f,f,f,f,f,f,f,f,f,f,,f,,f,,f,,f,,t,27,other,-,850515068,otro
18,M,f,f,f,f,f,f,f,f,f,f,f,f,f,f,f,,t,2.4,t,86,t,1.01,t,85,f,,other,-,850515076,otro
11,M,f,f,f,f,f,f,f,f,f,f,f,f,f,f,t,0.2,f,,t,191,t,1.23,t,156,f,,other,A,850515077,hipertiroidismo
36,F,t,f,f,f,f,f,f,f,f,f,f,f,f,f,t,2.2,f,,t,187,t,1.69,t,111,f,,other,-,850515078,otro
32,F,f,f,f,f,f,t,f,f,f,f,f,f,f,f,t,4.1,f,,t,117,t,1.51,t,78,f,,other,I,850515079,otro
32,M,f,f,f,t,f,f,f,f,f,f,f,f,f,f,t,0.2,t,1.7,t,85,t,0.84,t,101,f,,other,-,850516009,otro
57,M,f,f,f,t,f,f,f,f,f,f,f,f,f,f,t,0.2,t,2,t,91,t,1.18,t,77,f,,SVI,-,850516012,otro
57,F,f,f,f,f,f,f,f,f,f,f,f,f,f,f,t,1.4,t,2.3,t,70,t,0.99,t,71,f,,SVHC,-,850516013,otro
45,F,f,f,f,f,f,f,f,f,f,f,f,f,f,f,t,1.9,t,2.3,t,92,t,1.05,t,88,f,,other,-,850516014,otro
38,M,f,f,f,f,f,f,f,f,f,f,f,f,f,f,t,0.6,t,2.8,t,146,t,1.1,t,133,f,,SVI,-,850516016,otro
56,F,t,f,f,f,f,f,f,f,f,f,f,f,f,f,t,0.2,f,,t,134,t,1.03,t,130,f,,other,-,850516023,otro
76,F,f,f,f,f,f,f,f,t,f,f,f,f,f,f,t,0.9,t,2.2,t,105,t,1.09,t,96,f,,other,-,850516024,otro
73,F,t,f,f,f,f,f,f,f,f,f,f,f,f,f,t,3.5,t,1.6,t,143,t,1.06,t,134,f,,other,-,850516036,otro
87,F,f,f,f,f,f,f,f,f,t,f,f,f,f,f,t,0.2,t,3.4,t,164,t,0.82,t,200,f,,other,A,850516056,hipertiroidismo
29,F,t,f,f,f,f,f,f,f,f,f,f,f,f,f,t,14,t,1.5,t,95,t,0.9,t,106,f,,other,M,850516057,otro
56,F,f,f,f,f,f,f,f,f,f,f,f,f,f,f,t,0.9,t,2.4,t,99,t,1.21,t,82,f,,other,-,850516058,otro
61,F,f,f,f,f,f,f,t,f,t,f,f,f,f,f,t,3.7,t,2.4,t,77,t,1.24,t,62,f,,other,-,850516067,otro
10,M,f,f,f,f,f,f,f,f,f,f,f,f,f,f,t,2.9,t,4,t,90,t,1.11,t,81,f,,other,R,850516073,otro
36,F,f,f,f,f,f,f,f,f,f,f,t,f,f,f,t,0.9,t,2.8,t,126,t,1.29,t,98,f,,other,-,850516074,otro
11,F,f,f,f,f,f,f,f,f,t,f,f,f,f,f,f,,f,,f,,f,,f,,t,19,other,-,850516086,otro
35,F,f,f,f,f,f,f,f,f,f,f,f,f,f,f,t,0.2,t,2.1,t,116,t,1.06,t,109,f,,other,-,850516090,otro
34,F,f,f,f,f,t,f,f,t,f,f,f,f,f,f,t,0.2,t,5,t,223,t,1.69,t,131,f,,STMW,I,850517013,otro
24,F,f,f,f,f,f,f,f,f,f,f,f,f,f,t,t,1.7,t,2.4,t,126,t,0.92,t,136,f,,SVHC,-,850517030,otro
52,M,t,f,f,f,f,f,f,f,f,f,f,f,f,f,t,0.2,t,2.3,t,116,t,0.94,t,123,f,,other,-,850517043,otro
72,M,f,f,f,f,f,f,f,f,t,f,f,t,f,f,f,,t,2.8,t,120,t,1.18,t,102,f,,other,-,850517048,otro
31,F,f,f,f,f,f,f,f,f,f,f,f,t,f,f,f,,t,3.6,t,176,t,1.43,t,123,f,,other,-,850517049,otro
23,F,f,f,f,f,f,f,f,f,f,f,f,f,f,f,f,,f,,t,86,t,0.98,t,88,f,,other,-,850517051,otro
49,,f,f,f,f,f,f,f,f,f,f,f,f,f,f,t,0.6,t,1.3,t,77,t,0.65,t,118,f,,other,-,850517054,otro
52,F,f,f,f,f,f,t,f,f,f,f,f,f,f,f,t,0.5,t,1.6,t,80,t,0.82,t,98,f,,other,-,850520002,otro
79,M,f,f,f,f,f,f,f,f,f,f,f,f,f,f,t,1,t,1.4,t,92,t,0.88,t,105,f,,SVI,-,850520003,otro
61,F,f,f,f,f,f,f,f,f,f,f,f,f,f,f,t,0.2,t,2.3,t,112,t,1.01,t,111,f,,other,-,850520004,otro
74,M,f,f,f,f,f,f,f,f,f,f,f,f,f,f,t,1,t,2.1,t,77,t,0.91,t,84,f,,SVI,-,850520006,otro
63,M,f,f,f,t,f,f,f,f,f,f,f,f,f,f,t,0.8,t,1.9,t,98,t,0.89,t,111,f,,SVI,-,850520008,otro
68,M,f,f,f,f,f,f,f,f,f,f,f,f,f,f,t,1.1,t,1.5,t,92,t,1.08,t,85,f,,SVI,-,850520009,otro
65,M,f,f,f,f,f,f,f,f,f,f,f,f,f,f,t,1.6,t,1.4,t,78,t,0.82,t,96,f,,SVI,-,850520010,otro
68,F,f,f,f,f,f,f,f,f,f,f,f,f,f,f,t,43,t,0.3,t,14,f,,f,,f,,SVI,F,850520018,hipotiroidismo
20,M,f,f,f,f,f,f,f,f,f,f,f,f,f,f,f,,t,2.2,t,117,f,,f,,f,,other,-,850520020,otro
34,F,f,f,f,f,f,f,f,f,f,f,f,f,f,f,t,82,t,0.2,t,5.8,f,,f,,f,,SVI,F,850520029,hipotiroidismo
46,M,f,f,f,f,f,f,f,f,f,f,f,f,f,f,t,0.25,t,2,t,112,t,1.01,t,111,f,,SVI,-,850520034,otro
37,F,t,f,f,f,f,f,f,f,f,f,f,f,f,f,t,0.25,t,2.5,t,111,t,0.97,t,114,f,,other,-,850520039,otro
25,M,f,t,f,f,f,f,f,f,t,f,f,f,f,f,t,0.25,t,3.4,t,101,f,,f,,f,,other,-,850520040,otro
58,M,f,f,f,f,f,f,f,f,f,f,f,f,f,f,t,0.25,t,2.4,t,102,t,0.77,t,134,f,,other,-,850521003,otro
29,M,f,f,f,f,f,f,f,f,f,f,f,f,f,f,t,0.25,t,1.1,t,46,f,,t,104,f,,SVI,-,850521006,otro
28,M,f,f,f,f,f,f,f,f,f,f,f,f,f,f,t,0.25,t,2,t,99,t,0.8,t,124,f,,SVHC,-,850521007,otro
45,M,f,f,f,f,f,f,f,f,f,f,f,f,f,f,t,0.25,t,1.4,t,86,t,0.75,t,114,f,,SVHC,-,850521009,otro
58,M,f,f,f,f,f,f,f,f,f,f,f,f,f,f,t,0.9,t,2.3,t,102,t,1,t,102,f,,SVHC,-,850521010,otro
27,F,f,f,f,f,f,f,f,f,f,f,f,f,f,f,t,5.4,t,2.2,t,75,t,0.9,t,84,f,,SVI,-,850521012,otro
36,F,f,f,f,f,f,f,f,f,f,f,f,f,f,f,t,1.5,t,1.3,t,62,t,0.75,t,83,f,,SVHC,-,850521013,otro
36,M,f,f,f,f,f,f,f,f,f,f,f,f,f,f,t,0.25,t,2.5,t,102,t,0.96,t,106,f,,other,-,850521014,otro
70,M,f,f,f,t,f,f,f,f,f,f,f,f,f,f,t,0.6,t,2.6,t,144,t,1.2,t,120,f,,SVHD,-,850521015,otro
59,M,f,f,f,f,f,f,f,f,f,f,f,f,f,f,t,0.25,t,1.8,t,102,t,0.82,t,124,f,,other,-,850521017,otro
49,M,t,f,f,f,f,f,f,f,f,f,f,f,f,f,f,,f,,t,81,t,1.14,t,71,f,,other,-,850521018,otro
46,F,t,f,f,f,f,f,f,f,f,f,f,f,f,f,t,9.7,t,0.5,t,37,t,0.72,t,51,f,,SVI,FK,850521020,hipotiroidismo
64,F,f,f,f,f,f,f,f,f,t,f,f,f,f,f,t,0.6,t,1.8,t,112,t,1.06,t,106,f,,other,-,850521032,otro
54,F,f,f,f,f,f,f,f,f,f,f,f,f,f,f,t,3.1,f,,t,104,t,0.9,t,116,f,,other,-,850521033,otro
54,F,f,f,f,f,f,f,f,f,f,f,f,f,f,f,f,,f,,f,,f,,f,,t,17,other,-,850521035,otro
28,F,f,f,t,f,f,f,f,f,f,f,f,f,f,f,t,3.7,t,2.8,t,100,f,,f,,f,,other,-,850521036,otro
69,F,t,f,f,f,f,f,f,f,f,f,f,f,f,f,t,0.25,f,,t,135,t,1.1,t,123,f,,other,-,850521037,otro
73,F,f,f,f,f,f,f,f,f,f,f,f,f,f,f,f,,t,2.1,f,,f,,f,,f,,other,-,850521039,otro
76,M,f,f,f,f,f,f,f,t,f,f,f,f,f,f,t,0.8,t,1.1,t,94,t,0.93,t,101,f,,SVHD,K,850521052,otro
64,M,t,f,f,f,f,f,f,f,f,f,f,f,f,f,t,1.8,t,1.4,t,117,t,0.97,t,121,f,,other,-,850521053,otro
17,F,t,f,f,f,f,f,f,f,f,f,f,f,f,f,t,0.25,f,,t,117,t,0.92,t,126,f,,other,-,850521054,otro
81,F,f,f,f,f,f,f,f,f,f,f,f,f,f,f,t,1.2,t,1.5,t,114,t,0.99,t,115,f,,SVI,-,850521055,otro
61,F,f,f,f,f,f,f,f,f,f,f,f,f,f,f,t,0.9,t,2.3,t,124,t,1.17,t,106,f,,SVI,-,850521056,otro
74,F,f,f,f,f,f,f,f,f,f,f,f,f,f,f,t,0.25,t,0.8,t,103,t,0.73,t,141,f,,SVI,K,850521057,otro
65,F,f,f,f,f,f,f,f,f,f,f,f,f,f,f,t,0.25,t,1.4,t,79,t,0.77,t,103,f,,SVI,-,850521058,otro
78,F,f,f,f,f,f,f,f,f,f,f,f,f,f,f,t,0.7,t,1.5,t,88,t,0.87,t,101,f,,SVI,-,850521059,otro
65,F,f,f,f,f,f,f,f,f,f,f,f,f,f,f,t,0.25,t,2.2,t,81,t,0.9,t,90,f,,SVI,-,850521060,otro
49,M,f,f,f,f,f,f,f,f,f,f,f,f,f,f,t,0.8,t,1.5,t,85,t,0.73,t,116,f,,SVI,-,850521061,otro
58,M,f,f,f,f,f,f,f,f,f,f,f,f,f,f,t,0.9,t,1.5,t,88,t,0.84,t,105,f,,SVI,-,850522001,otro
66,F,f,f,f,f,f,f,f,f,f,f,f,f,f,f,t,0.6,t,2.4,t,100,t,1,t,100,f,,SVI,-,850522002,otro
68,M,f,f,f,f,f,f,f,f,f,f,f,f,f,f,t,5.4,t,2.7,t,94,t,1.14,t,82,f,,SVI,-,850522003,otro
21,M,f,t,f,f,f,f,f,f,f,f,f,f,t,f,t,0.25,t,1.3,t,54,t,1.07,t,51,f,,SVI,K,850522004,otro
50,F,f,f,f,f,f,f,f,f,f,f,f,f,f,f,t,1.1,t,2.2,t,81,t,0.94,t,86,f,,SVI,-,850522005,otro
47,M,f,f,f,f,f,f,f,f,f,f,f,f,f,f,f,,f,,f,,f,,f,,t,14,other,-,850522007,otro
64,F,f,f,f,f,f,f,f,f,f,f,f,f,f,f,t,0.25,f,,t,92,t,0.91,t,101,f,,other,-,850522028,otro
64,F,f,f,f,f,f,f,f,f,f,f,f,f,f,f,t,7.6,t,4.2,t,164,t,1.55,t,106,f,,other,-,850522029,otro
76,M,f,f,f,f,f,f,f,f,f,f,f,f,f,f,t,2.1,t,1.3,t,93,t,1.01,t,91,f,,SVI,-,850522031,otro
61,M,f,f,f,t,f,f,f,f,f,f,f,f,f,f,t,0.6,t,1,t,96,t,0.93,t,104,f,,SVI,K,850522032,otro
79,F,f,f,f,f,f,f,f,f,f,f,f,f,f,f,t,0.8,t,1.2,t,113,t,1.01,t,111,f,,SVI,-,850522038,otro
66,M,f,f,f,f,f,f,f,f,f,f,f,f,f,f,t,0.8,t,1.8,t,114,t,0.92,t,124,f,,SVI,-,850522039,otro
59,F,f,f,f,f,f,f,f,t,f,f,f,f,f,f,t,0.9,t,3.6,t,112,t,1.18,t,96,f,,other,-,850522046,otro
59,F,f,f,f,t,f,f,f,f,f,f,f,f,f,f,f,,f,,f,,f,,f,,t,14,other,-,850522058,otro
24,M,f,f,f,f,f,f,f,f,f,f,f,f,f,f,t,0.6,t,3,t,119,t,1.03,t,115,f,,other,-,850522067,otro
65,F,f,f,f,f,f,f,f,f,f,f,f,f,f,t,t,1.6,t,2.2,t,120,t,0.85,t,141,f,,other,-,850522068,otro
60,M,f,f,f,f,f,f,f,f,f,f,f,f,f,f,t,2.6,t,2.8,t,82,t,0.89,t,93,f,,SVHC,-,850523002,otro
44,M,f,f,f,f,f,f,f,f,f,f,f,f,f,f,t,0.6,t,2.7,t,107,t,0.86,t,125,f,,SVI,-,850523003,otro
44,M,f,f,f,f,f,f,f,f,f,f,f,f,f,f,t,3.5,t,1.7,t,103,t,0.96,t,107,f,,SVI,-,850523004,otro
44,M,f,f,f,f,f,f,f,f,f,f,f,f,f,f,t,3.2,t,1.9,t,99,t,0.72,t,139,f,,SVHC,-,850523005,otro
23,M,f,f,f,f,f,f,f,f,f,f,f,f,f,f,f,,f,,f,,f,,f,,t,25,other,-,850523010,otro
18,F,f,f,f,f,f,f,f,f,f,f,f,f,f,f,t,0.25,t,3.1,t,160,t,0.9,t,177,f,,STMW,A,850523013,hipertiroidismo
40,F,f,f,f,f,f,f,f,f,f,f,f,f,f,f,t,3.6,t,2.5,t,95,t,1,t,95,f,,STMW,-,850523014,otro
82,F,f,f,f,f,f,f,f,f,f,f,f,f,f,f,f,,f,,f,,f,,f,,t,27,other,-,850523017,otro
59,F,f,f,f,f,f,f,f,f,f,f,f,f,f,f,t,0.6,t,4.5,t,161,t,1.65,t,97,f,,other,I,850523027,otro
59,F,f,f,f,f,f,f,f,f,f,f,f,f,f,f,t,4.4,t,2.4,t,80,t,0.98,t,81,f,,other,-,850523028,otro
59,F,f,f,f,f,f,f,f,f,f,f,f,f,f,f,t,0.6,t,2,t,106,t,0.87,t,121,f,,other,-,850523029,otro
26,M,f,f,f,f,f,f,f,f,f,f,f,f,f,f,t,1.1,t,2,t,72,t,0.69,t,104,f,,other,-,850523031,otro
26,F,f,f,f,f,f,f,f,f,f,f,f,f,f,f,t,2.9,t,2.4,t,90,t,0.92,t,98,f,,other,-,850523032,otro
73,F,f,f,f,f,f,f,f,t,f,f,f,f,f,f,t,1.7,t,1.8,t,198,t,1,t,198,f,,other,R,850523033,otro
62,F,f,f,f,f,f,f,f,f,f,f,f,f,f,f,t,24,t,1.7,t,72,t,1.07,t,68,f,,other,G,850523036,hipotiroidismo
23,F,f,f,f,f,f,f,f,t,f,f,f,f,f,f,t,0.9,t,2.9,t,136,t,1.38,t,99,f,,other,-,850523037,otro
74,F,f,f,f,f,f,f,f,f,f,f,f,f,f,f,t,0.4,t,2.7,t,101,t,0.96,t,105,f,,other,-,850523040,otro
19,M,f,f,f,f,f,f,f,f,f,f,f,f,f,f,t,0.25,t,1.9,t,165,t,0.95,t,174,f,,other,AK,850523041,hipertiroidismo
52,F,f,f,f,f,f,f,f,t,f,f,f,f,f,f,t,35,t,2.1,t,77,t,1.1,t,70,f,,other,G,850523042,hipotiroidismo
39,F,t,f,f,f,f,f,f,f,f,f,f,f,f,f,t,0.25,t,2.9,t,125,t,0.96,t,130,f,,other,-,850523043,otro
63,M,t,f,f,f,f,f,f,f,f,f,f,f,f,f,t,0.25,f,,t,161,t,1.07,t,151,f,,other,-,850523044,otro
77,F,t,f,f,f,f,f,f,f,f,f,f,f,f,f,t,0.25,t,1.7,t,113,t,0.94,t,120,f,,other,-,850523046,otro
60,M,f,f,f,f,f,f,f,f,f,f,f,f,f,f,t,0.15,t,7.6,t,120,t,1.04,t,116,f,,SVI,R,850523049,otro
76,M,t,f,f,f,f,f,f,t,f,f,f,f,f,f,t,6.6,t,1,t,91,t,1.04,t,88,f,,SVI,MK,850523050,otro
76,,f,f,f,f,f,f,f,f,f,f,f,f,f,f,t,2,t,3.7,t,142,t,1.13,t,126,f,,SVI,-,850523051,otro
52,F,f,f,f,f,f,f,f,f,t,f,f,f,f,f,t,0.15,t,2.7,t,133,t,1.05,t,127,f,,SVI,-,850523052,otro
74,F,f,f,f,f,f,f,f,f,f,f,f,f,f,f,t,0.65,t,0.9,t,92,t,0.71,t,129,f,,SVI,K,850523054,otro
55,F,f,f,f,f,f,f,f,f,f,f,f,f,f,f,t,1.8,t,2.3,t,98,t,0.97,t,101,f,,SVI,-,850523055,otro
70,F,f,f,f,f,f,f,f,f,f,f,f,f,f,f,t,1.5,t,0.3,t,79,t,0.8,t,98,f,,SVI,K,850523056,otro
53,F,f,f,f,f,f,f,f,f,f,f,f,f,f,f,f,,f,,f,,f,,f,,t,20,other,-,850523061,otro
18,F,f,f,f,f,f,f,f,f,f,f,f,f,f,f,f,,f,,f,,f,,f,,t,41,other,S,850523062,otro
38,M,f,f,f,f,f,f,f,f,f,f,f,f,f,f,f,,f,,f,,f,,f,,t,190,other,S,850523065,otro
67,F,t,f,f,f,f,f,f,f,f,f,f,f,f,f,t,1.9,f,,t,167,t,1.43,t,117,f,,other,-,850523070,otro
36,F,f,f,f,f,t,f,f,f,f,f,f,t,f,f,t,0.04,f,,t,149,t,1.65,t,90,f,,other,I,850523071,otro
74,F,f,f,f,f,f,t,f,f,f,f,f,f,f,f,t,1.4,f,,t,109,t,0.96,t,114,f,,other,-,850523075,otro
70,F,t,f,f,f,f,f,f,f,f,f,f,f,f,f,t,0.12,f,,t,124,t,0.96,t,129,f,,other,-,850523076,otro
51,M,f,t,f,f,f,f,f,f,f,f,f,f,f,f,f,,f,,t,77,t,0.77,t,99,f,,other,-,850523077,otro
84,F,t,f,f,f,f,f,f,f,f,f,f,f,f,f,t,0.04,f,,t,213,t,0.99,t,216,f,,other,N,850523078,otro
39,F,t,f,f,f,f,f,f,f,f,f,f,f,f,f,t,6.9,t,1.6,t,125,t,1.02,t,123,f,,other,M,850523080,otro
36,F,f,f,f,f,f,f,f,f,f,f,t,f,f,f,t,0.25,t,2.3,t,99,t,0.95,t,104,f,,other,-,850524001,otro
55,M,f,f,f,t,f,f,f,t,f,f,f,f,f,f,t,8.599999,t,0.3,t,73,t,0.76,t,96,f,,SVI,GK,850524004,hipotiroidismo
41,M,t,f,f,f,f,f,f,f,f,f,f,f,f,f,f,,f,,f,,f,,f,,t,18,other,-,850524012,otro
15,F,f,f,t,f,f,f,f,f,t,f,f,f,f,f,f,,f,,f,,f,,f,,t,21,other,-,850524018,otro
15,F,f,f,f,f,f,f,f,f,f,f,f,f,f,f,t,0.04,t,1.4,t,103,t,0.85,t,120,f,,SVI,-,850524032,otro
70,F,f,f,f,f,f,f,f,f,f,f,f,f,f,f,t,3.5,t,2.5,t,123,t,1.15,t,107,f,,SVI,-,850524033,otro
83,F,f,f,f,f,f,f,f,f,f,f,f,f,f,f,t,1.6,t,1.2,t,103,t,0.79,t,131,f,,SVI,-,850524034,otro
54,M,f,f,f,f,f,f,f,f,f,f,f,f,f,f,f,,t,1.6,t,60,t,0.65,t,92,f,,other,-,850524035,otro
72,F,f,f,f,f,f,f,f,f,f,f,f,f,f,f,t,1.1,t,2.2,t,124,t,1.08,t,115,f,,SVI,-,850524038,otro
69,F,t,f,f,f,f,f,f,f,f,f,f,f,f,f,t,1.5,t,1.8,t,136,t,0.92,t,149,f,,other,-,850524041,otro
41,F,t,f,f,f,f,f,f,f,f,f,f,f,f,f,t,1.1,f,,t,97,t,0.88,t,110,f,,other,-,850524051,otro
41,F,f,f,f,f,f,f,f,f,f,f,f,f,f,f,f,,f,,f,,f,,f,,t,11,other,-,850527007,otro
34,F,f,f,f,f,t,f,f,f,f,f,f,f,f,f,t,0.04,t,2.9,t,144,t,1.58,t,91,f,,STMW,I,850527018,otro
33,M,f,f,f,f,f,f,f,f,f,f,f,f,f,f,t,160,t,0.3,t,9.5,f,,f,,f,,SVI,F,850527019,hipotiroidismo
33,F,f,f,f,f,f,f,f,f,f,f,f,f,f,t,t,1.8,t,2,t,139,t,1.02,t,137,f,,SVHC,-,850527022,otro
33,M,f,f,f,f,f,f,f,f,f,f,f,f,f,f,t,2.2,t,2.6,t,86,t,0.88,t,98,f,,SVHC,-,850527023,otro
72,F,f,f,f,f,f,f,f,f,f,f,f,f,f,f,t,15,t,2.2,t,98,t,1.29,t,76,f,,SVI,G,850527024,hipotiroidismo
80,F,f,f,f,f,f,f,f,f,f,f,f,f,f,t,t,6,t,1.6,t,99,t,0.95,t,104,f,,SVI,-,850527025,otro
80,F,f,f,f,f,f,f,f,f,f,f,f,f,f,f,t,2.6,t,2.2,t,97,t,1.04,t,94,f,,other,-,850527026,otro
64,F,f,f,f,f,f,f,f,f,f,f,f,f,f,f,f,,t,3.1,t,136,t,1.07,t,127,f,,other,-,850527034,otro
70,F,t,f,f,f,f,f,f,f,f,f,f,f,f,f,t,0.16,t,1.9,t,175,f,,f,,f,,other,L,850527038,otro
50,M,f,f,f,f,f,f,f,f,f,f,f,f,f,f,t,0.53,t,2.1,t,94,t,0.95,t,99,f,,SVI,-,850527054,otro
70,F,f,f,f,t,f,f,f,t,f,f,f,f,f,f,t,2.1,t,1.7,t,131,t,1,t,130,f,,SVHD,-,850527061,otro
70,F,f,f,f,f,f,f,f,t,t,f,f,f,f,f,t,1.3,t,1.8,t,94,t,0.86,t,110,f,,SVI,-,850527063,otro
70,F,f,f,f,f,f,f,f,f,f,f,f,f,f,f,t,3.2,t,0.9,t,84,t,0.87,t,96,f,,SVI,K,850527064,otro
61,F,f,f,f,f,f,f,f,f,f,f,f,f,f,f,t,4.7,t,1.1,t,89,t,0.75,t,118,f,,SVI,K,850527065,otro
61,F,f,f,f,f,f,f,f,f,f,f,f,f,f,f,t,0.88,t,0.3,t,46,t,0.58,t,79,f,,SVI,J,850527066,otro
73,F,f,f,f,f,f,f,f,f,f,f,f,f,f,f,t,2.4,t,2,t,119,t,0.92,t,129,f,,SVI,-,850527067,otro
73,M,f,f,f,f,f,f,f,f,f,f,f,f,f,f,t,2.7,t,1.6,t,97,t,0.78,t,125,f,,SVI,-,850527068,otro
35,M,f,f,f,f,f,f,f,f,f,f,f,f,f,f,t,0.26,t,1,t,57,t,0.89,t,64,f,,SVI,K,850527069,otro
58,M,f,f,f,f,f,f,f,f,f,f,f,f,f,f,t,3.1,t,2.9,t,96,t,1.03,t,93,f,,SVI,-,850527070,otro
73,F,f,f,f,f,f,f,f,f,t,f,f,t,f,f,t,0.025,t,1.5,t,77,t,0.94,t,82,f,,other,-,850527072,otro
66,F,f,f,f,f,f,f,f,f,f,f,f,f,f,f,t,0.39,t,2.3,t,102,f,,f,,f,,other,-,850527077,otro
37,M,f,f,f,f,f,f,f,f,f,f,f,f,f,f,t,1.1,t,1.9,t,117,t,1,t,118,f,,SVHC,-,850528007,otro
71,F,f,f,f,f,f,f,f,f,f,f,f,f,f,f,t,0.77,t,2.1,t,123,t,0.91,t,135,f,,SVI,-,850528008,otro
32,F,f,f,f,f,f,f,f,f,f,f,f,f,f,f,t,7.9,t,2.2,t,76,t,1.01,t,75,f,,SVHC,G,850528009,hipotiroidismo
54,F,f,f,f,f,f,f,f,f,f,f,f,f,f,f,t,19,t,2.2,t,83,t,1.03,t,81,f,,SVHC,G,850528011,hipotiroidismo
49,M,f,f,f,f,f,f,f,f,f,f,f,f,f,f,t,2,t,2.1,t,79,t,0.87,t,91,f,,SVHC,-,850528012,otro
78,F,f,f,f,f,f,f,f,f,f,f,f,f,f,f,t,2.9,t,1.7,t,104,t,0.76,t,137,f,,SVI,-,850528013,otro
19,M,f,f,f,f,f,f,f,f,f,f,f,f,f,f,t,3.1,t,2.8,t,131,t,0.95,t,138,f,,SVHC,-,850528014,otro
19,F,f,f,f,f,f,f,f,f,f,f,f,f,f,f,t,3,t,2.1,t,80,t,0.89,t,91,f,,other,-,850528017,otro
66,F,t,f,f,f,f,f,f,f,f,f,f,f,f,f,t,0.07,f,,t,118,t,0.94,t,126,f,,other,-,850528028,otro
50,F,f,f,f,f,f,f,f,t,t,f,f,t,f,f,t,40,t,2.2,t,75,t,1.01,t,74,f,,other,G,850528034,hipotiroidismo
50,F,f,f,f,f,f,f,f,f,f,f,f,f,f,f,f,,f,,f,,f,,f,,t,36,other,S,850528036,otro
38,F,f,f,f,f,f,f,f,f,f,f,f,f,f,f,t,0.23,t,3.4,t,183,t,0.98,t,186,f,,other,I,850528045,otro
38,F,f,f,f,f,f,f,f,f,f,f,f,f,f,f,t,2.8,t,2.4,t,96,t,0.98,t,99,f,,other,-,850528048,otro
27,F,f,f,f,f,f,f,f,f,f,f,f,f,f,f,f,,f,,t,141,t,1.33,t,106,f,,other,I,850528049,otro
75,F,t,f,f,f,f,f,f,f,f,f,f,f,f,f,t,1.6,t,1.6,t,102,t,0.94,t,109,f,,other,-,850528050,otro
42,F,t,f,f,f,f,f,f,f,f,f,f,f,f,f,t,0.12,f,,t,149,t,1.05,t,143,f,,other,-,850528051,otro
69,M,f,f,f,f,f,f,f,f,f,f,f,f,f,f,t,1.8,t,2.3,t,108,t,1.03,t,105,f,,SVI,-,850528052,otro
81,M,f,f,f,f,f,f,f,f,f,f,f,f,f,f,t,0.65,t,1.3,t,91,t,0.87,t,104,f,,SVI,-,850528054,otro
43,F,f,f,f,f,f,f,f,f,f,f,f,f,f,f,t,1.1,t,1.3,t,136,t,0.97,t,140,f,,SVI,-,850528055,otro
65,,f,f,f,f,f,f,f,f,f,f,f,f,f,f,t,0.025,t,3.2,t,129,t,0.77,t,168,f,,SVI,-,850528056,otro
17,F,t,f,f,f,f,f,f,t,f,f,f,f,f,f,t,28,t,2,t,86,t,0.99,t,87,f,,SVI,M,850528060,otro
19,M,f,f,f,f,f,f,f,f,f,f,f,f,f,f,t,0.84,t,2,t,98,t,0.88,t,112,f,,SVI,-,850528061,otro
50,F,f,f,f,f,f,f,f,f,f,f,f,f,f,f,t,1.6,t,2.4,t,111,t,1,t,111,f,,SVHC,-,850529012,otro
70,F,f,f,f,f,f,f,f,f,f,f,f,f,f,f,t,1.4,t,1.7,t,97,t,0.79,t,122,f,,SVI,-,850529013,otro
62,F,f,f,f,f,f,f,f,f,f,f,f,f,f,f,t,2.3,t,2.3,t,92,t,0.95,t,97,f,,SVI,-,850529021,otro
71,F,f,f,f,f,f,f,f,t,f,f,f,f,f,f,t,1.9,t,1.5,t,135,t,1.06,t,127,f,,other,-,850529022,otro
55,M,f,f,f,f,f,f,f,f,f,f,f,f,f,f,t,6.1,t,2.3,t,88,t,0.91,t,97,f,,SVI,G,850529024,hipotiroidismo
55,F,f,f,f,f,f,f,f,f,f,f,f,f,f,t,t,9.2,t,2.5,t,106,t,1.13,t,94,f,,SVHC,G,850529026,hipotiroidismo
72,F,f,f,f,f,f,f,f,f,f,f,f,f,f,f,t,1.5,t,1.9,t,141,t,1.09,t,129,f,,other,-,850529027,otro
51,F,f,f,f,f,f,f,f,f,f,f,f,f,f,f,f,,f,,f,,f,,f,,t,22,other,-,850529034,otro
17,F,f,f,f,f,f,f,f,f,t,f,f,f,f,f,f,,f,,f,,f,,f,,t,18,other,-,850529036,otro
41,F,f,f,f,f,f,f,f,f,f,f,f,f,f,f,f,,f,,f,,f,,f,,t,33,other,S,850529041,otro
57,F,f,f,f,f,f,f,f,f,f,f,f,f,f,f,f,,f,,f,,f,,f,,t,26,other,-,850529046,otro
30,F,f,t,f,f,f,f,f,f,f,f,f,f,f,f,t,1.3,t,2,t,80,t,0.72,t,110,f,,SVI,-,850529053,otro
16,F,t,f,f,f,f,f,f,f,f,f,f,f,f,f,t,2.2,f,,t,113,t,0.95,t,119,f,,other,-,850529055,otro
62,F,t,f,f,f,f,f,f,f,f,f,f,f,f,f,t,5.6,f,,t,103,t,1.12,t,93,f,,other,-,850529056,otro
32,F,t,f,f,f,t,f,f,f,t,f,f,f,f,f,t,0.025,t,3.7,t,139,t,1.34,t,104,f,,other,I,850529058,otro
43,F,f,f,f,t,f,f,f,f,f,f,f,f,f,f,t,0.95,t,1.9,t,101,t,0.81,t,125,f,,other,-,850529060,otro
43,F,t,f,f,f,f,f,f,f,f,f,f,f,f,f,t,1.9,t,1.8,t,114,t,0.92,t,125,f,,other,-,850529063,otro
33,F,f,f,f,f,f,f,f,f,f,f,f,f,f,f,t,1.9,t,1.9,t,83,t,1.03,t,81,f,,SVI,-,850529071,otro
54,F,f,f,f,f,f,f,f,f,f,f,f,f,f,f,t,0.38,t,1.1,t,128,t,0.8,t,160,f,,SVI,-,850529072,otro
66,F,f,f,f,f,f,f,f,f,f,f,f,f,f,f,t,3.8,t,1.9,t,119,t,1,t,119,f,,other,-,850529073,otro
455,F,f,f,f,f,f,f,f,f,f,f,f,f,f,f,t,1.1,t,2,t,118,t,1.13,t,104,f,,SVI,-,850530001,otro
38,F,f,f,f,f,f,f,f,f,f,f,f,f,f,f,t,1.8,t,2.5,t,101,t,1.04,t,97,f,,SVI,-,850530005,otro
38,,f,f,f,f,f,f,f,f,f,f,f,f,f,f,t,5.8,t,2,t,102,t,1.16,t,89,f,,other,-,850530006,otro
37,F,f,f,f,f,f,f,f,f,f,f,f,f,f,f,t,1.6,t,2.3,t,97,t,1.04,t,93,f,,SVHC,-,850530009,otro
65,F,f,f,f,f,f,f,f,f,f,f,f,f,f,f,t,2.6,t,2.2,t,73,t,0.99,t,74,f,,SVI,-,850530011,otro
26,F,f,f,f,f,f,f,f,f,f,f,f,f,f,f,t,2.4,t,1.9,t,170,t,1.23,t,138,f,,STMW,-,850530013,otro
61,F,t,f,f,f,f,f,f,t,f,f,f,f,f,f,t,0.41,t,1.2,t,116,t,0.87,t,134,f,,SVI,-,850530014,otro
51,F,t,f,f,f,f,f,f,f,f,f,f,f,f,f,t,0.065,t,2.2,t,164,t,1.09,t,151,f,,other,-,850530020,otro
25,F,f,f,f,f,f,f,f,f,f,f,f,f,f,f,f,,f,,t,78,t,0.9,t,87,f,,other,-,850530025,otro
77,F,f,f,f,f,f,f,f,t,f,f,f,f,f,f,t,36,f,,t,82,t,1.02,t,81,f,,other,G,850530031,hipotiroidismo
57,F,f,f,f,f,f,f,f,f,f,f,f,t,f,f,t,0.065,t,4.2,t,235,t,1.1,t,214,f,,other,A,850530034,hipertiroidismo
66,F,f,f,f,f,f,f,f,f,t,f,f,f,f,f,t,0.065,t,2,t,153,t,0.99,t,154,f,,other,-,850530039,otro
63,F,t,f,f,f,f,f,t,f,f,f,f,f,f,f,t,2.9,t,1.6,t,101,f,,f,,f,,other,-,850530040,otro
27,F,f,f,f,f,f,f,f,f,f,f,f,f,f,f,t,4.3,t,2.5,t,105,t,1.01,t,103,f,,other,-,850530041,otro
58,F,t,f,f,f,f,f,f,f,f,f,f,f,f,f,t,0.065,t,3.4,t,129,t,0.95,t,136,f,,other,B,850530045,hipertiroidismo
58,M,f,f,f,f,f,f,f,f,f,f,f,f,f,f,t,0.65,t,3,t,92,t,0.95,t,92,f,,other,-,850530051,otro
56,F,f,t,f,f,f,f,f,f,f,f,f,t,f,f,t,5.2,f,,t,137,t,1.28,t,107,f,,other,I,850530052,otro
39,M,f,f,f,f,f,t,f,t,f,f,f,f,f,f,t,3.6,f,,t,92,t,1.09,t,84,f,,other,-,850530059,otro
85,F,f,f,f,f,f,f,f,t,f,f,f,f,f,f,t,8,t,1.1,t,125,t,0.89,t,142,f,,other,GK,850530063,hipotiroidismo
50,M,f,f,f,f,f,f,f,f,f,f,f,f,f,f,t,0.005,t,2.4,t,153,t,1.19,t,129,f,,other,-,850531001,otro
58,,f,f,f,f,f,f,f,f,t,f,f,f,f,f,t,0.04,t,2.6,t,117,t,1.02,t,114,f,,other,-,850531007,otro
71,M,f,f,f,f,f,f,f,f,f,f,f,f,f,f,t,0.005,t,2.2,t,93,t,0.87,t,107,f,,other,-,850531008,otro
70,F,t,t,f,f,f,f,f,f,f,f,f,f,f,f,t,0.07,t,0.9,t,104,t,0.83,t,124,f,,other,-,850531009,otro
29,F,f,f,f,f,f,f,f,f,t,f,f,f,f,f,t,0.15,t,5.5,t,161,t,1.61,t,100,f,,STMW,I,850531017,otro
61,M,t,f,f,f,f,f,f,f,f,f,f,f,f,f,t,0.25,t,2.5,t,101,t,1,t,101,f,,other,-,850531031,otro
37,F,f,f,f,f,f,f,f,f,f,f,f,f,f,f,t,5.1,t,2.5,t,84,t,1.05,t,80,f,,SVHC,-,850531036,otro
70,F,f,f,f,t,f,f,f,f,f,f,f,f,f,f,t,0.78,t,1.9,t,136,t,0.9,t,152,f,,SVI,-,850531037,otro
26,M,f,f,f,f,f,f,f,f,f,f,f,f,f,f,t,2.7,t,2.5,t,130,t,1.08,t,121,f,,SVHC,-,850531041,otro
26,F,f,f,f,f,f,f,f,f,f,f,f,f,f,f,t,2.3,t,2,t,135,t,1.21,t,111,f,,other,-,850531043,otro
70,F,f,f,f,f,f,f,f,f,t,f,f,t,f,f,t,0.005,t,3.5,t,194,t,0.9,t,215,f,,other,A,850531044,hipertiroidismo
70,F,f,f,f,f,f,f,f,f,f,f,f,f,f,f,t,2,t,2.5,t,102,t,0.92,t,111,f,,other,-,850531070,otro
41,M,f,f,f,f,f,f,f,f,f,f,f,f,f,f,t,2,t,2.8,t,110,t,1.14,t,97,f,,SVI,-,850531076,otro
58,M,f,f,f,f,f,f,f,f,f,f,f,f,f,f,t,3.7,t,1.7,t,64,t,0.69,t,93,f,,SVI,-,850531077,otro
48,M,f,f,f,f,f,f,f,f,f,f,f,f,f,f,t,2.4,t,2.7,t,110,t,1.09,t,101,f,,SVI,-,850531078,otro
32,F,f,f,f,f,f,f,f,f,f,f,f,f,f,f,t,3.5,t,1.8,t,91,t,0.9,t,101,f,,SVI,-,850531079,otro
67,F,f,f,f,f,f,f,f,f,f,f,f,f,f,f,t,1.1,t,1.2,t,90,t,0.82,t,110,f,,SVI,-,850531083,otro
35,F,f,f,f,f,f,f,f,f,f,f,f,f,f,f,f,,f,,t,67,t,0.9,t,75,f,,other,-,850603008,otro
25,F,f,f,f,f,f,f,f,f,f,f,f,f,f,f,t,0.81,t,2.8,t,106,t,1.32,t,81,f,,SVHC,-,850603027,otro
72,F,f,f,f,f,f,f,f,f,f,f,f,f,f,f,t,2.3,t,2.6,t,111,t,1.06,t,105,f,,other,-,850603028,otro
72,F,f,f,t,f,f,f,f,f,f,f,f,f,f,f,t,0.005,t,2.6,t,82,t,0.89,t,93,f,,other,-,850603029,otro
60,F,f,f,f,f,f,f,f,t,f,f,f,f,f,f,t,183,t,1.1,t,45,t,0.97,t,46,f,,other,F,850603030,hipotiroidismo
65,F,f,f,f,f,f,f,f,f,f,f,f,f,f,f,t,0.61,t,1.8,t,96,t,1.03,t,94,f,,SVI,-,850603033,otro
75,F,f,f,f,f,f,f,f,f,f,f,f,f,f,f,t,0.16,f,,f,,f,,f,,f,,SVHD,-,850603034,otro
36,F,f,f,f,f,f,f,f,f,f,f,f,f,f,f,t,1.7,t,2.3,t,77,t,1.04,t,74,f,,SVHC,-,850603037,otro
47,F,f,f,f,f,f,f,f,f,t,f,f,t,f,f,t,0.005,t,3,t,145,t,1.23,t,117,f,,other,I,850603045,otro
64,M,f,f,f,t,f,f,f,f,f,f,f,f,f,f,t,2.4,t,2,t,101,t,0.94,t,107,f,,SVHD,-,850603069,otro
78,M,f,f,f,f,f,f,f,f,f,f,f,f,f,f,t,2.3,t,2.1,t,112,t,1.11,t,101,f,,SVI,-,850603071,otro
65,F,f,f,f,f,f,f,f,f,f,f,f,f,f,f,t,1.9,t,1.8,t,84,t,0.91,t,93,f,,SVI,-,850603072,otro
74,F,f,f,f,f,f,f,f,f,f,f,f,f,f,f,t,9.099999,t,2,t,72,t,0.9,t,80,f,,other,G,850603073,hipotiroidismo
66,F,f,f,f,f,f,f,f,f,f,f,f,f,f,f,t,0.32,t,2.5,t,169,t,1.14,t,149,f,,SVI,-,850603075,otro
59,F,f,f,f,f,f,f,f,f,f,f,f,f,f,f,t,0.82,t,2.6,t,180,t,1.42,t,126,f,,SVI,I,850603076,otro
59,M,f,f,f,f,f,f,f,f,f,f,f,f,f,f,t,12,t,1.5,t,88,t,0.98,t,90,f,,SVI,G,850603077,hipotiroidismo
64,F,f,f,f,f,f,f,f,f,t,f,f,f,f,f,t,8.9,t,1.2,t,67,t,0.75,t,89,f,,SVI,G,850603080,hipotiroidismo
37,M,f,f,f,f,f,f,f,f,f,f,f,f,f,f,t,1.5,t,3,t,114,t,0.93,t,122,f,,SVHC,-,850603085,otro
37,F,f,f,f,f,f,f,f,f,f,f,f,t,f,f,t,13,t,2.5,t,96,t,1.33,t,73,f,,other,G,850603088,hipotiroidismo
15,F,f,f,f,f,f,f,f,f,f,f,f,f,f,f,f,,f,,t,92,t,1.06,t,87,f,,other,-,850603090,otro
15,F,f,f,f,f,f,f,f,f,f,f,f,f,f,f,t,2.6,t,2.4,t,100,f,,f,,f,,other,-,850603099,otro
56,,f,f,f,f,f,f,f,f,f,f,f,f,f,f,t,0.87,t,1.9,t,116,f,,f,,f,,other,-,850603100,otro
67,F,f,f,f,t,f,f,f,f,f,f,f,t,f,f,t,1.3,t,2.2,t,104,t,0.92,t,114,f,,other,-,850604007,otro
40,M,f,f,f,f,f,f,f,f,f,f,f,f,f,f,t,0.98,t,1.8,t,98,t,0.99,t,99,f,,SVHC,-,850604013,otro
67,F,f,f,f,f,f,f,f,f,f,f,f,f,f,f,t,0.98,t,1.8,t,94,t,0.88,t,107,f,,SVHC,-,850604014,otro
28,M,f,f,f,f,f,f,f,f,f,f,f,f,f,f,t,3.3,t,1.8,t,109,t,0.91,t,119,f,,SVHC,-,850604015,otro
40,M,f,f,f,f,f,f,f,t,f,f,f,f,f,f,t,0.47,f,,t,89,t,0.89,t,100,f,,other,-,850604018,otro
41,M,f,f,f,f,f,f,f,f,f,f,f,f,f,f,t,0.58,f,,t,102,t,0.84,t,121,f,,other,-,850604021,otro
28,M,f,f,f,f,f,f,f,f,f,f,f,f,f,f,t,1.1,t,2,t,105,t,0.9,t,116,f,,SVHC,-,850604029,otro
43,F,f,f,f,f,f,f,f,f,f,f,f,f,f,f,t,2.2,f,,t,98,t,0.85,t,115,f,,other,-,850604033,otro
18,F,f,f,f,f,f,f,f,t,f,f,f,f,f,f,t,1.5,f,,t,116,t,1.05,t,111,f,,other,-,850604036,otro
73,F,f,f,f,f,f,f,f,f,f,f,f,f,f,f,t,0.95,t,2.5,t,119,t,1.04,t,114,f,,other,-,850604039,otro
66,F,f,f,f,f,f,f,f,f,f,f,f,f,f,f,t,3.2,t,1.6,t,126,t,1.02,t,123,f,,other,-,850604049,otro
43,M,f,f,f,f,f,f,f,f,f,f,f,f,f,f,t,1.4,t,2.2,t,75,t,0.85,t,88,f,,SVI,-,850604054,otro
48,,f,f,f,f,f,f,f,f,f,f,f,f,f,f,t,1.6,t,1.6,t,140,t,1.01,t,138,f,,other,-,850604055,otro
37,F,f,f,f,f,f,f,f,f,f,f,f,f,f,f,f,,f,,f,,f,,f,,t,19,other,-,850604060,otro
28,F,f,f,f,f,f,f,f,f,f,f,f,f,f,f,f,,f,,f,,f,,f,,t,29,other,-,850604061,otro
64,F,t,f,f,f,f,f,f,f,f,f,f,f,f,f,f,,f,,f,,f,,f,,t,36,other,S,850604065,otro
22,M,f,f,f,f,f,f,f,f,f,f,f,f,f,f,t,1.2,t,2.5,t,106,f,,f,,f,,other,-,850604067,otro
63,M,t,f,f,f,f,f,f,f,f,f,f,f,f,f,t,0.1,f,,t,80,t,0.84,t,95,f,,other,-,850605005,otro
65,F,f,f,f,f,f,f,f,f,f,f,f,f,f,f,t,1.7,t,2.4,t,73,t,0.89,t,82,f,,SVI,-,850605013,otro
63,M,f,f,f,f,f,f,f,f,f,f,f,f,f,f,t,3.5,t,2.5,t,108,t,0.96,t,113,f,,SVI,-,850605015,otro
93,F,f,f,f,t,f,f,f,f,f,f,f,f,f,f,t,2.7,t,0.4,t,77,t,0.86,t,90,f,,other,K,850605018,otro
74,F,f,f,f,f,f,f,f,f,f,f,f,f,f,f,t,1.3,t,2.3,t,113,t,0.96,t,118,f,,other,-,850605021,otro
73,F,f,f,f,f,f,f,f,f,f,f,f,f,f,f,t,0.88,t,1.5,t,113,t,0.74,t,153,f,,SVI,-,850605022,otro
73,F,f,f,f,f,f,f,f,f,f,f,f,f,f,f,t,1.2,t,2.3,t,74,f,,f,,f,,other,-,850605024,otro
26,F,f,f,f,f,f,f,f,f,f,f,f,t,f,f,t,0.43,t,4.1,t,123,t,1.48,t,83,f,,STMW,C|I,850605027,otro
61,F,t,f,f,f,f,f,f,f,f,f,f,f,f,f,t,0.08,t,2.3,t,150,t,1.2,t,125,f,,SVHD,-,850605049,otro
89,F,f,f,f,f,f,f,f,f,f,f,f,f,f,f,t,2.5,t,1.6,t,108,t,0.92,t,118,f,,SVI,-,850605061,otro
89,F,f,f,f,f,f,f,f,f,f,f,f,f,f,f,t,3.3,t,2.2,t,105,t,0.94,t,112,f,,SVI,-,850605062,otro
49,M,f,f,f,f,f,f,f,f,f,f,f,f,f,f,t,0.86,t,2.7,t,94,f,,f,,f,,other,-,850605063,otro
83,F,f,f,f,f,f,f,f,f,f,f,f,f,f,f,t,2.6,t,1.3,t,100,t,0.86,t,117,f,,SVI,-,850605069,otro
55,F,f,f,f,f,f,f,f,f,f,f,f,f,f,f,t,0.81,t,0.3,t,61,t,0.54,t,113,f,,SVI,K,850605071,otro
55,M,f,f,f,f,f,f,f,f,f,f,f,f,f,f,t,2.1,t,1.6,t,86,t,0.8,t,107,f,,SVI,-,850605077,otro
29,F,f,f,f,f,f,f,f,f,f,f,f,f,f,f,f,,f,,f,,f,,f,,t,33,other,S,850605087,otro
22,F,f,f,f,f,f,f,f,f,f,f,f,f,f,f,f,,f,,f,,f,,f,,t,20,other,-,850605088,otro
69,F,f,f,f,f,f,f,f,f,f,f,f,f,f,f,f,,f,,f,,f,,f,,t,24,other,-,850606004,otro
65,F,f,f,f,t,f,f,f,f,f,f,f,f,f,f,f,,f,,f,,f,,f,,t,21,other,-,850606007,otro
65,F,f,f,f,f,f,f,f,f,f,f,f,f,f,f,t,0.89,t,2.6,t,95,t,1.01,t,95,f,,other,-,850606018,otro
48,M,f,f,f,f,f,f,f,f,f,f,f,f,f,f,t,1.2,t,2.5,t,81,t,0.91,t,89,f,,SVHC,-,850606019,otro
29,F,f,f,f,f,f,f,f,f,f,f,f,f,f,f,t,1.6,t,2.7,t,87,t,0.85,t,102,f,,other,-,850606020,otro
59,F,f,f,f,f,f,f,f,f,f,f,f,f,f,f,t,1.1,t,3.8,t,263,t,1.7,t,155,f,,SVHD,I,850606021,otro
31,F,f,f,f,f,f,f,f,f,f,f,f,f,f,f,t,0.91,t,2.1,t,66,t,0.66,t,99,f,,other,-,850606022,otro
59,F,f,f,f,f,f,f,f,f,f,f,f,f,f,f,t,530,t,2,t,10,t,1.12,t,8.5,f,,other,F,850606023,hipotiroidismo
70,F,f,f,f,f,f,f,f,f,f,f,f,f,f,f,t,2.2,t,1.8,t,87,t,1.16,t,75,f,,other,-,850606024,otro
70,,f,f,f,f,f,f,f,f,f,f,f,f,f,f,t,0.35,t,0.3,t,44,t,0.38,t,118,f,,SVI,J,850606026,otro
88,M,f,f,f,f,f,f,f,f,f,f,f,f,f,f,t,2.3,t,2.2,t,101,t,1,t,101,f,,SVI,-,850606027,otro
62,F,f,f,f,f,f,f,f,f,t,f,f,f,f,f,t,1.1,t,2.4,t,81,t,0.97,t,84,f,,other,-,850606030,otro
73,F,f,f,f,f,f,f,f,f,f,f,f,f,f,f,t,2,t,1.6,t,162,t,0.94,t,173,f,,other,R,850606033,otro
34,M,t,f,f,f,f,f,f,f,f,f,f,f,f,f,t,3.3,t,2.7,t,104,t,1.01,t,103,f,,other,-,850606034,otro
52,M,f,f,f,f,f,f,t,f,f,f,f,f,f,f,t,0.01,t,2.4,t,108,t,0.7,t,154,f,,other,-,850606035,otro
17,F,f,f,f,f,f,t,f,f,f,f,f,f,f,f,t,145,t,1.2,t,36,t,1.5,t,24,f,,other,Q,850606046,otro
34,F,f,f,f,f,f,f,f,f,f,f,f,f,f,f,t,6.8,t,2.4,t,96,t,1.06,t,90,f,,other,G,850606047,hipotiroidismo
34,M,f,f,f,f,f,f,f,f,f,f,f,f,f,f,t,0.01,t,2.3,t,149,t,0.88,t,169,f,,other,R,850606049,otro
74,F,f,f,f,f,f,f,f,f,t,f,f,f,f,f,f,,t,4.5,t,171,t,1.16,t,148,f,,other,I,850606050,otro
58,F,f,f,f,f,f,f,f,t,f,f,f,f,f,f,t,18,t,2.1,t,68,t,1.08,t,63,f,,other,F,850606051,hipotiroidismo
62,M,f,f,f,f,f,f,f,f,f,f,f,f,f,f,t,0.52,t,2.1,t,100,f,,f,,f,,other,-,850606053,otro
20,F,f,f,f,f,f,f,f,f,f,f,f,f,f,f,t,1.3,t,2.6,t,87,f,,f,,f,,other,-,850606056,otro
36,M,f,f,f,f,f,f,f,f,f,f,f,f,f,f,t,1.7,t,2.6,t,129,t,1.18,t,109,f,,other,-,850606057,otro
20,F,f,f,f,f,f,f,f,f,f,f,f,f,f,f,t,1.5,t,2.4,t,137,t,1.35,t,101,f,,SVHC,-,850606058,otro
70,F,f,f,f,f,f,f,f,f,f,f,f,f,f,f,t,5.1,t,0.2,t,59,t,0.73,t,82,f,,SVI,K,850606059,otro
67,F,f,f,f,t,f,f,f,f,f,f,f,f,f,f,t,1.7,t,0.7,t,79,t,0.77,t,102,f,,SVI,K,850606060,otro
27,M,f,f,f,f,f,f,f,f,f,f,f,f,f,f,t,1.8,t,2.5,t,97,t,1,t,85,f,,SVHC,-,850606062,otro
88,F,f,f,f,f,f,f,f,f,f,f,f,f,f,f,t,0.83,t,1.5,t,89,t,0.94,t,95,f,,SVI,-,850606063,otro
43,M,f,f,f,f,f,f,f,f,f,f,f,f,f,f,t,2.2,t,2.3,t,87,t,0.93,t,94,f,,other,-,850606065,otro
67,F,t,f,f,f,f,f,f,f,f,f,f,f,f,f,t,0.015,t,4.2,t,188,t,1.39,t,135,f,,other,-,850606066,otro
23,F,f,f,f,f,f,f,f,f,f,f,f,f,f,f,t,1.6,t,2.7,t,138,t,1.34,t,103,f,,other,-,850606071,otro
53,F,t,f,f,f,f,t,f,f,f,f,f,f,f,f,t,0.03,f,,t,52,t,1.09,t,140,f,,other,-,850606073,otro
21,M,f,f,f,f,f,f,f,f,f,f,f,f,f,f,t,2.3,t,1.6,t,88,t,1.01,t,87,f,,other,-,850606076,otro
32,F,f,f,f,f,f,f,f,f,f,f,f,f,f,f,t,0.9,t,2.3,t,129,t,1.29,t,100,f,,STMW,-,850607007,otro
30,F,f,f,f,f,f,f,f,f,f,f,f,f,f,f,t,4.3,t,2,t,82,f,,f,,f,,other,-,850607022,otro
35,M,f,f,f,f,f,f,f,f,f,f,f,f,f,f,t,1.2,t,2.7,t,137,t,1.19,t,115,f,,SVHC,-,850607024,otro
35,F,f,f,f,f,f,f,f,f,f,f,f,f,f,f,t,2.3,t,2.3,t,83,t,1.19,t,69,f,,SVHC,-,850607025,otro
35,F,f,f,f,f,f,f,f,f,f,f,f,f,f,f,t,2.5,t,1.2,t,124,t,1.12,t,111,f,,other,-,850607026,otro
39,F,f,f,f,f,f,f,f,f,f,f,f,f,f,f,t,1.7,t,2,t,78,t,0.84,t,93,f,,other,-,850607027,otro
69,F,t,f,f,f,f,f,f,f,f,f,f,f,f,f,t,5.9,t,1.8,t,163,t,1.09,t,149,f,,other,-,850607029,otro
69,F,t,f,f,f,f,f,t,f,f,f,f,f,f,f,t,1.3,t,1.7,t,116,t,0.95,t,122,f,,other,-,850607030,otro
60,F,t,f,f,f,f,f,f,f,f,f,f,f,f,f,t,7.3,t,1.6,t,109,t,1.04,t,105,f,,other,M,850607031,otro
31,M,t,f,f,f,f,f,f,f,f,f,f,f,f,f,f,,f,,f,,f,,f,,t,9.599999,other,-,850607082,otro
31,M,f,f,f,f,f,f,f,f,f,f,f,f,f,f,t,1.3,t,1.5,t,101,t,0.89,t,113,f,,SVI,-,850607087,otro
71,F,f,f,f,f,f,f,f,f,f,f,f,f,f,f,t,0.59,t,2.1,t,119,t,1.08,t,110,f,,SVHC,-,850611004,otro
44,M,f,f,f,f,f,f,f,f,f,f,f,f,f,f,t,2.8,t,2.3,t,129,t,1.24,t,103,f,,SVHC,-,850611005,otro
44,F,f,f,f,f,f,f,f,f,f,f,f,f,f,f,t,5.9,t,2.4,t,61,f,,f,,f,,other,-,850611007,otro
55,M,f,f,f,f,f,f,f,f,f,f,f,f,f,f,t,0.91,t,1.8,t,93,t,1.04,t,89,f,,SVI,-,850611008,otro
51,F,f,f,f,f,f,f,f,f,f,f,f,f,f,f,t,2,t,1.8,t,68,t,0.79,t,86,f,,SVI,-,850611009,otro
18,F,f,f,f,f,f,t,f,f,f,f,f,f,f,f,t,16,t,1.3,t,75,t,1.11,t,68,f,,SVI,Q,850611010,otro
59,F,f,f,f,f,f,f,f,t,f,f,f,f,f,f,t,0.65,f,,t,126,t,1.31,t,96,f,,other,I,850611011,otro
74,F,f,f,f,f,f,f,f,f,f,f,f,f,f,f,t,1.3,t,0.1,t,65,t,0.48,t,137,f,,other,K,850611012,otro
17,M,f,f,f,f,f,f,f,f,f,f,f,f,f,f,t,1.5,t,0.5,t,43,t,0.41,t,105,f,,SVI,J,850611013,otro
75,F,f,f,f,f,f,f,f,f,f,f,f,f,f,f,t,3.8,t,1.6,t,106,t,0.88,t,120,f,,other,-,850611014,otro
31,F,f,f,f,f,f,f,f,f,f,f,f,f,f,f,t,4.8,t,2.6,t,93,t,1.18,t,79,f,,STMW,-,850611024,otro
53,F,f,f,f,f,f,f,f,f,f,f,f,f,f,f,f,,t,2.4,t,99,t,1.13,t,88,f,,other,-,850611025,otro
53,M,f,f,f,f,f,f,f,f,f,f,f,f,f,f,f,,f,,t,116,t,0.95,t,122,f,,other,-,850611043,otro
53,M,f,f,f,f,f,f,f,f,f,f,f,f,f,f,t,12,t,2,f,,f,,f,,f,,other,G,850611049,hipotiroidismo
53,M,f,f,f,t,f,f,f,f,f,f,f,f,f,f,t,0.62,t,1.7,t,116,t,1,t,116,f,,SVI,-,850612008,otro
82,F,f,f,f,t,f,f,f,f,f,f,f,f,f,f,t,2.1,t,1.7,t,99,t,0.91,t,108,f,,SVI,-,850612009,otro
82,M,f,f,f,f,f,f,f,f,f,f,f,f,f,f,t,2,t,0.4,t,58,t,0.68,t,85,f,,SVI,K,850612010,otro
26,F,f,f,f,f,f,f,f,f,f,f,f,f,f,f,t,1.8,t,2.7,t,119,t,1.36,t,88,f,,STMW,-,850612016,otro
66,F,f,f,f,f,f,f,f,f,t,f,f,f,f,f,f,,t,2.8,f,,f,,f,,f,,other,-,850612020,otro
80,F,f,f,f,f,f,f,f,f,f,f,f,f,f,f,t,2.5,t,2.2,t,113,t,1.17,t,97,f,,SVI,-,850612025,otro
73,M,f,f,f,f,f,f,f,f,f,f,f,f,f,f,t,0.84,t,1.3,t,66,t,1.17,t,56,f,,SVI,-,850612026,otro
81,F,f,f,f,f,f,f,f,f,f,f,f,f,f,f,t,2.5,t,1.8,t,76,t,1.02,t,75,f,,SVI,-,850612027,otro
78,F,f,f,f,f,f,f,f,f,f,f,f,f,f,f,t,0.5,t,1.9,t,81,t,0.83,t,98,f,,SVI,-,850612029,otro
40,F,f,f,f,f,f,f,f,f,f,f,f,f,f,f,t,3.1,t,2.2,t,103,t,1.1,t,93,f,,SVI,-,850612030,otro
26,F,f,f,f,f,f,f,f,f,f,f,f,f,f,f,f,,f,,f,,f,,f,,t,69,other,S,850612038,otro
74,F,t,f,f,f,f,f,f,t,f,f,f,f,f,f,t,28,f,,t,74,t,1.03,t,72,f,,other,M,850612057,otro
57,F,f,f,f,f,f,f,t,f,f,f,f,f,f,f,t,0.01,t,2.9,t,98,t,0.87,t,113,f,,other,-,850612058,otro
41,F,f,f,f,f,f,f,f,t,t,f,f,f,f,f,f,,f,,f,,f,,f,,t,34,other,S,850613005,otro
80,F,f,f,f,f,f,f,f,f,f,f,f,t,f,f,t,0.005,t,2.7,t,101,t,0.84,t,121,f,,other,-,850613020,otro
48,F,f,f,f,f,f,f,f,f,f,f,f,f,f,f,t,0.74,t,2.9,t,100,t,1.06,t,95,f,,other,-,850613021,otro
62,M,f,f,f,f,f,f,f,f,f,f,f,f,f,f,t,8.599999,t,1.1,t,84,t,0.74,t,114,f,,SVI,GK,850613022,hipotiroidismo
71,M,f,f,f,f,f,f,f,f,f,f,f,f,f,f,t,0.46,t,1.4,t,85,t,1.12,t,77,f,,SVI,-,850613023,otro
58,M,f,f,f,f,f,f,f,f,f,f,f,f,f,f,t,1.7,t,2.3,t,124,t,1.25,t,99,f,,SVI,-,850613024,otro
78,M,f,f,f,f,f,f,f,f,f,f,f,f,f,f,t,0.77,t,1.8,t,109,t,0.92,t,118,f,,SVI,-,850613026,otro
78,F,f,f,f,f,f,f,f,f,f,f,f,f,f,f,t,2.1,t,2.1,t,141,t,0.85,t,167,f,,SVI,R,850613027,otro
78,F,f,f,f,f,f,f,f,f,f,f,f,f,f,f,t,2.8,t,2.2,t,105,t,1.01,t,105,f,,SVI,-,850613029,otro
56,F,f,f,f,f,f,f,f,f,f,f,f,f,f,f,t,1.9,t,1.4,t,62,t,0.72,t,85,f,,SVI,-,850613031,otro
75,,f,f,f,f,f,f,f,f,f,f,f,f,f,f,t,0.12,t,1.5,t,117,t,0.94,t,125,f,,SVI,-,850613032,otro
7,M,f,f,f,f,f,f,f,f,f,f,f,f,f,f,t,0.4,t,2.3,t,54,t,0.86,t,63,f,,other,R,850613035,otro
60,F,f,f,f,f,f,f,f,f,f,f,f,f,f,f,t,2.8,t,2.4,t,112,f,,f,,f,,other,-,850613036,otro
20,F,f,f,f,f,f,f,f,f,f,f,f,f,f,f,t,2.4,t,3.1,t,135,f,,f,,f,,other,I,850613038,otro
73,F,f,f,f,f,f,f,f,f,t,f,f,f,f,f,t,2,t,1.6,t,116,t,0.93,t,125,f,,SVI,-,850613039,otro
56,M,f,f,f,f,f,f,f,f,t,f,f,f,f,f,t,1.4,t,1,t,99,t,0.7,t,142,f,,SVI,K,850613040,otro
73,F,t,f,f,f,f,f,f,f,f,f,f,f,f,f,t,8.5,t,2.1,t,104,t,1.13,t,92,f,,SVI,M,850613042,otro
59,M,f,f,f,f,f,f,f,f,f,f,f,f,f,f,t,4.9,t,1.4,t,96,t,0.88,t,109,f,,SVI,-,850613043,otro
41,M,f,f,t,f,f,f,f,f,t,f,f,f,f,f,t,0.005,t,2.2,t,64,t,0.94,t,69,f,,other,-,850613044,otro
51,M,t,f,f,f,f,f,f,f,f,f,f,f,f,f,t,0.005,t,2.8,t,132,t,0.95,t,139,f,,other,-,850613047,otro
45,F,f,f,f,f,f,f,f,f,f,f,f,f,f,f,t,15,t,2.1,t,83,t,1.24,t,67,f,,STMW,G,850613048,hipotiroidismo
2,F,f,f,f,f,f,f,f,f,f,f,f,f,f,f,t,6.7,f,,f,,f,,f,,f,,STMW,F,850613056,hipotiroidismo
61,M,t,f,f,f,f,f,f,f,f,f,f,f,f,f,t,0.005,t,2.5,t,114,t,0.93,t,122,f,,other,-,850613066,otro
61,F,t,f,f,f,f,f,f,f,f,f,f,f,f,f,t,2.8,t,1.7,t,96,t,0.83,t,116,f,,other,-,850613067,otro
56,M,f,f,f,f,f,f,f,f,f,f,f,f,f,f,t,1.1,t,1.7,t,82,t,1,t,81,f,,other,-,850613072,otro
63,F,f,f,f,f,f,f,f,f,f,f,f,f,f,f,t,1.1,t,1.9,t,110,t,1.02,t,108,f,,SVI,-,850613083,otro
83,M,f,f,f,f,f,f,f,f,f,f,f,f,f,f,t,2.8,t,1.1,t,66,t,0.71,t,93,f,,SVI,K,850613087,otro
83,F,f,f,f,t,f,f,f,t,f,f,f,f,f,f,t,2.2,t,0.7,t,71,t,0.76,t,93,f,,SVI,K,850613089,otro
65,M,f,f,f,f,f,f,f,f,f,f,f,f,f,f,t,1.3,t,1.5,t,110,t,0.8,t,137,f,,SVI,-,850613090,otro
46,F,f,f,f,f,f,f,f,f,f,f,f,f,f,f,t,4.7,t,1.9,t,96,t,1.12,t,85,f,,SVI,-,850613093,otro
20,F,f,f,f,f,f,f,f,f,f,f,f,f,f,f,t,0.7,t,2.4,t,113,t,1.34,t,84,f,,SVI,-,850613094,otro
48,F,f,f,f,f,f,f,f,f,f,f,f,f,f,f,t,4.9,t,1.9,t,101,f,,f,,f,,other,-,850613098,otro
48,M,f,f,f,f,f,f,f,f,f,f,f,f,f,f,t,2.1,t,1.6,t,96,t,0.79,t,122,f,,SVI,-,850613100,otro
36,F,f,f,f,f,t,f,f,f,t,f,f,f,f,f,t,0.005,f,,t,108,t,1.1,t,99,f,,other,-,850613101,otro
48,F,t,f,f,f,f,f,f,t,f,f,f,f,f,f,t,178,t,1,t,63,t,1.08,t,59,f,,other,F,850613106,hipotiroidismo
42,F,f,f,f,f,t,f,f,f,t,f,f,f,f,f,t,0.02,t,4,t,200,t,1.56,t,128,f,,STMW,I,850614014,otro
34,F,f,f,f,f,f,f,f,f,t,f,f,f,f,f,t,0.02,t,2.3,t,122,t,1.66,t,73,f,,STMW,-,850614015,otro
70,M,f,f,f,f,f,f,f,f,t,f,f,f,f,f,f,,f,,f,,f,,f,,t,17,other,-,850614018,otro
55,F,t,f,f,f,f,f,f,f,f,f,f,f,f,f,f,,f,,f,,f,,f,,t,28,other,-,850614019,otro
34,F,f,f,f,f,f,f,f,f,f,f,f,f,f,f,t,1,t,2.3,t,120,t,1.01,t,119,f,,other,-,850614028,otro
39,F,f,f,f,f,f,f,f,f,f,f,f,f,f,f,t,1.9,t,2,t,109,f,,f,,f,,other,-,850614029,otro
75,M,f,f,f,f,f,f,f,f,f,f,f,f,f,f,t,1.4,t,2.1,t,115,t,0.97,t,119,f,,other,-,850614031,otro
75,F,f,f,f,f,f,f,f,f,f,f,f,f,f,f,t,1.2,t,2,t,101,t,0.93,t,109,f,,other,-,850614033,otro
45,M,f,f,f,f,f,f,f,f,f,f,f,f,f,f,t,2.1,t,1.3,t,109,t,0.89,t,122,f,,SVI,-,850614034,otro
45,F,f,f,f,f,f,f,f,f,f,f,f,f,f,f,t,0.02,t,1.4,t,144,f,,f,,f,,other,-,850614050,otro
53,F,f,f,f,f,f,f,f,f,f,f,f,f,f,f,t,1.6,t,2.1,t,117,t,1.09,t,107,f,,SVI,-,850614058,otro
50,M,f,f,f,f,f,f,f,f,f,f,f,f,f,f,t,1,t,2,t,101,t,0.94,t,108,f,,SVI,-,850617001,otro
66,F,f,f,f,f,f,f,f,f,f,f,f,f,f,f,t,4.6,t,2.4,t,125,t,1.09,t,115,f,,SVI,-,850617002,otro
22,F,f,f,f,f,f,f,f,f,f,f,f,f,f,f,t,5.6,t,3,t,123,t,1.22,t,101,f,,SVI,I,850617003,otro
72,F,f,f,f,f,f,f,f,f,f,f,f,f,f,f,t,2.3,t,2.3,t,111,t,1.14,t,97,f,,SVI,-,850617004,otro
56,F,f,f,f,f,f,f,f,f,f,f,f,f,f,f,t,3,t,2.3,t,128,t,1.14,t,112,f,,other,-,850617005,otro
64,F,f,f,f,f,f,f,f,f,f,f,f,f,f,f,t,0.09,t,1,t,101,t,0.82,t,123,f,,SVI,K,850617007,otro
20,F,f,f,f,f,f,f,f,f,f,f,f,f,f,f,f,,f,,f,,f,,f,,t,31,other,S,850617019,otro
14,F,f,f,f,f,f,f,f,f,f,f,f,f,f,f,f,,f,,f,,f,,f,,t,33,other,S,850617022,otro
33,F,f,f,f,f,f,f,f,f,f,f,f,f,f,f,f,,f,,f,,f,,f,,t,44,other,S,850617023,otro
65,F,f,f,f,f,f,f,f,f,f,f,f,f,f,f,f,,f,,f,,f,,f,,t,24,other,-,850617025,otro
71,F,f,f,f,f,f,f,f,f,f,f,f,f,f,f,t,0.02,t,2.2,t,152,t,0.78,t,196,f,,SVI,AK,850617031,hipertiroidismo
76,F,f,f,f,f,f,f,f,f,f,f,f,f,f,f,t,6.2,t,0.5,t,130,t,0.85,t,153,f,,SVI,GK,850617032,hipotiroidismo
57,M,f,f,f,f,f,f,f,f,f,f,f,f,f,f,t,1.6,t,2.1,t,164,t,1.14,t,145,f,,SVI,-,850617033,otro
56,M,f,f,f,f,f,f,f,f,f,f,f,f,f,f,t,2.8,t,1.7,t,113,f,,f,,f,,other,-,850617042,otro
63,,f,f,f,f,f,f,f,f,f,f,f,f,f,f,t,3.4,t,2.1,t,157,t,1.16,t,135,f,,SVI,-,850617043,otro
53,F,f,f,f,f,f,f,f,f,f,f,f,f,f,f,t,165,t,0.4,t,17,t,1.19,t,14,f,,other,F,850617051,hipotiroidismo
40,F,f,f,f,f,f,f,f,f,f,f,f,f,f,f,t,1.1,t,1.8,t,150,t,1.04,t,145,f,,other,-,850617065,otro
31,F,t,f,f,f,f,f,f,f,f,f,f,f,f,f,t,22,t,1.2,t,146,t,1.21,t,121,f,,other,M,850617066,otro
28,F,f,f,f,f,f,f,f,f,f,f,f,f,f,f,t,54,t,2.1,t,50,t,1.1,t,46,f,,SVI,F,850617075,hipotiroidismo
15,F,f,f,f,f,f,f,f,f,f,f,f,f,f,f,t,1,t,1.4,t,64,t,0.79,t,81,f,,SVI,-,850618011,otro
87,F,f,f,f,f,f,f,f,f,f,f,f,f,f,f,t,2.2,t,0.9,t,106,t,0.92,t,115,f,,SVI,K,850618012,otro
60,M,f,f,f,f,f,f,f,f,f,f,f,f,f,f,t,0.91,t,1,t,102,t,0.91,t,112,f,,SVI,K,850618013,otro
65,F,f,f,f,f,f,f,f,f,f,f,f,f,f,f,t,0.68,t,1.4,t,101,t,0.98,t,103,f,,SVI,-,850618015,otro
72,F,t,f,f,f,f,f,f,f,f,f,f,f,f,f,t,0.01,t,1.1,t,240,t,1.07,t,223,f,,SVI,L,850618019,otro
61,F,f,f,f,f,f,f,f,f,f,f,f,f,f,f,t,0.61,t,1.6,t,103,t,0.93,t,111,f,,SVI,-,850618020,otro
61,F,f,f,f,t,f,t,f,f,f,f,f,f,f,f,t,1.8,t,1.9,t,102,t,1.06,t,97,f,,SVHD,-,850618021,otro
29,F,f,f,f,f,f,f,f,f,f,f,f,f,f,f,t,4.6,t,1.6,t,97,t,1.12,t,87,f,,SVHC,-,850618024,otro
68,F,f,f,f,f,f,f,f,t,f,f,f,f,f,f,t,2.3,t,1.5,t,112,t,0.99,t,114,f,,other,-,850618025,otro
63,F,f,f,f,f,f,f,f,f,f,f,f,f,f,f,t,8.2,t,2.1,t,80,t,1.01,t,79,f,,other,G,850618037,hipotiroidismo
70,M,f,f,f,f,f,f,f,f,f,f,f,f,f,f,t,1.1,t,1.4,t,106,t,0.92,t,115,f,,SVI,-,850618076,otro
30,F,f,f,f,f,f,f,f,f,f,f,t,f,f,f,f,,t,1.8,t,89,t,1.05,t,85,f,,other,-,850619002,otro
53,M,f,f,f,f,f,f,f,f,f,f,f,f,f,f,t,1.9,t,2.6,t,118,t,1.1,t,107,f,,SVI,-,850619003,otro
28,F,f,f,f,f,f,f,f,f,f,f,f,t,f,f,t,35,t,2.3,t,42,t,1.01,t,41,f,,SVI,F,850619005,hipotiroidismo
28,F,f,f,f,f,f,f,f,f,f,f,f,f,f,f,t,1.4,t,2.4,t,102,t,1.08,t,95,f,,SVI,-,850619007,otro
64,F,t,f,f,f,f,f,f,t,f,f,f,f,f,f,t,0.85,t,1.1,t,99,t,1.11,t,90,f,,SVI,K,850619008,otro
71,M,f,f,f,f,f,f,f,f,f,f,f,f,f,f,t,1.3,t,1.4,t,116,t,0.96,t,121,f,,SVI,-,850619010,otro
72,F,f,f,f,f,f,f,f,f,f,f,f,f,f,f,t,0.4,t,1.3,t,91,t,1.02,t,89,f,,SVI,-,850619011,otro
25,M,f,f,f,f,f,f,f,f,f,f,f,f,f,f,t,0.035,t,3.3,t,116,f,,f,,f,,other,-,850619013,otro
42,F,f,f,f,f,f,f,f,f,f,f,f,f,f,f,t,5.2,t,1.4,t,58,t,0.83,t,69,f,,SVI,-,850619054,otro
82,F,f,f,f,f,f,f,f,f,f,f,f,f,f,f,t,0.17,t,1.8,t,119,t,0.91,t,130,f,,SVI,-,850619055,otro
21,F,f,f,f,f,f,f,f,f,f,f,f,f,f,t,t,0.83,t,2.2,t,132,t,0.99,t,133,f,,SVHC,-,850619056,otro
54,F,f,f,f,f,f,f,f,f,f,f,f,f,f,f,t,0.035,t,1.4,t,152,t,1.05,t,145,f,,SVI,-,850619057,otro
71,F,f,f,f,t,f,f,f,t,f,f,f,f,f,f,t,1.6,t,1.8,t,136,t,1.16,t,117,f,,SVI,-,850619058,otro
76,F,f,f,f,f,f,f,f,f,f,f,f,f,f,f,t,2.4,t,0.05,t,38,t,0.52,t,73,f,,SVI,J,850619059,otro
62,F,f,f,f,f,f,f,f,f,f,f,f,t,f,f,t,0.035,t,2.6,t,128,t,1.03,t,124,f,,SVI,-,850619060,otro
56,M,f,f,f,f,f,f,f,f,f,f,f,f,f,f,t,1.2,t,1.6,t,119,t,1.05,t,113,f,,SVI,-,850619061,otro
76,F,f,f,f,f,f,f,f,f,f,f,f,f,f,f,t,5.6,t,1,t,143,t,0.83,t,173,f,,SVI,-,850619062,otro
73,M,f,f,f,f,f,f,f,f,f,f,f,f,f,f,t,0.35,t,1.6,t,120,t,1.11,t,108,f,,other,-,850619063,otro
73,M,f,f,f,f,f,f,f,f,f,f,f,f,f,t,t,1.7,t,3.6,t,115,t,1.23,t,93,f,,SVHC,-,850619064,otro
64,F,f,f,f,f,f,f,f,f,f,f,f,f,f,f,t,0.035,t,1,t,103,t,0.85,t,122,f,,SVI,K,850619065,otro
34,F,f,f,f,f,f,f,f,f,f,f,f,f,f,f,t,0.035,t,3.1,t,142,t,1.47,t,97,f,,other,I,850619074,otro
29,F,t,f,f,f,f,f,f,f,f,f,f,f,f,f,t,1.7,f,,t,141,t,1.25,t,113,f,,other,-,850620008,otro
39,M,f,f,f,f,f,f,f,f,f,f,f,f,f,f,t,2.3,t,2.5,t,130,t,1.01,t,129,f,,other,-,850620011,otro
39,F,f,f,f,f,f,f,f,f,f,f,f,f,f,t,t,1.9,t,2.4,t,95,t,1.21,t,78,f,,other,-,850620012,otro
59,F,f,f,f,t,f,f,f,f,f,f,f,f,f,f,t,7.1,t,1.9,t,98,t,1.11,t,88,f,,SVHD,G,850620013,hipotiroidismo
22,F,f,f,t,f,f,f,f,f,f,f,f,f,f,f,t,2.4,t,1.7,t,103,t,1,t,103,f,,other,-,850620019,otro
71,F,t,f,f,f,f,f,f,f,f,f,f,f,f,f,t,2.7,t,1.2,t,107,t,1.1,t,97,f,,other,-,850620037,otro
71,F,t,f,f,f,f,f,f,f,f,f,f,f,f,f,t,0.32,t,1.6,t,164,t,1.11,t,148,f,,other,-,850620038,otro
25,F,t,f,f,f,f,f,f,t,f,f,f,f,f,f,t,2.4,t,2.2,t,152,t,1.36,t,112,f,,other,-,850620040,otro
25,F,f,f,f,f,f,f,f,f,f,f,f,f,f,f,t,1.9,t,1.7,t,167,t,1.21,t,137,f,,other,I,850620045,otro
54,F,t,f,f,f,f,f,f,f,f,f,f,f,f,f,t,0.035,t,1.9,t,100,t,1.11,t,90,f,,other,-,850620047,otro
64,M,f,f,f,f,f,f,f,f,f,f,f,f,f,f,t,2,t,1.3,t,124,t,0.9,t,138,f,,SVI,-,850620049,otro
56,M,f,f,f,f,f,f,f,f,f,f,f,f,f,f,t,1.6,t,1.9,t,97,t,0.99,t,99,f,,other,-,850620050,otro
69,F,f,f,f,t,f,f,f,f,f,f,f,f,f,f,t,2.5,t,1.5,t,82,t,0.66,t,124,f,,SVI,-,850620051,otro
71,M,t,f,f,f,f,f,f,f,f,f,f,f,f,f,t,7.8,t,1.4,t,111,t,0.96,t,116,f,,SVI,M,850620053,otro
35,F,f,f,f,f,f,f,f,f,f,f,f,f,f,f,t,3.8,t,2,t,98,t,1.01,t,97,f,,SVHC,-,850620055,otro
78,F,f,f,f,t,f,f,f,f,f,f,f,f,f,f,t,4.1,t,1.9,t,116,t,1.05,t,110,f,,other,-,850620056,otro
61,M,f,f,f,f,f,f,f,f,f,f,f,f,f,f,f,,f,,f,,f,,f,,t,18,other,-,850620061,otro
55,F,f,f,f,f,f,f,f,f,f,f,f,f,f,f,f,,f,,f,,f,,f,,t,72,other,S,850620062,otro
29,M,f,f,f,f,f,f,f,f,f,f,f,f,f,f,f,,f,,f,,f,,f,,t,20,other,-,850620063,otro
21,F,f,f,f,f,f,f,f,f,f,f,f,f,f,f,f,,f,,f,,f,,f,,t,135,other,S,850620067,otro
77,F,f,f,f,f,f,f,f,f,f,f,f,f,f,f,f,,f,,f,,f,,f,,t,31,other,S,850620069,otro
20,F,t,f,f,f,f,f,f,f,f,f,f,f,f,f,t,0.02,t,2.6,t,171,t,1.12,t,153,f,,other,-,850620071,otro
64,F,t,f,f,f,f,f,f,f,f,f,f,f,f,f,t,1,t,1.5,t,126,t,0.86,t,147,f,,other,-,850620075,otro
56,M,f,f,f,f,f,f,f,f,f,f,f,f,f,f,t,0.05,t,0.7,t,50,t,0.25,t,205,f,,other,-,850620076,otro
70,F,f,f,f,f,f,f,f,f,f,f,f,f,f,f,t,6.2,t,1.8,t,124,t,1.11,t,112,f,,other,G,850620078,hipotiroidismo
61,M,f,f,f,t,f,f,f,f,f,f,f,f,f,f,f,,f,,f,,f,,f,,t,0.15,other,-,850621006,otro
25,M,f,f,f,f,f,f,f,f,f,f,f,f,f,f,t,8.799999,t,2.2,t,109,t,0.97,t,113,f,,other,G,850621016,hipotiroidismo
30,F,f,f,f,f,f,f,f,f,f,f,f,f,f,f,t,1.3,t,2.3,t,106,t,1.06,t,100,f,,other,-,850621018,otro
73,F,f,f,f,f,f,f,f,f,f,f,f,f,f,f,t,9.9,t,0.7,t,111,t,0.92,t,120,f,,SVI,GK,850621027,hipotiroidismo
73,F,f,f,f,f,f,f,f,f,f,f,f,f,f,f,t,4.1,t,2.2,t,145,t,1.34,t,108,f,,other,-,850621028,otro
73,F,f,f,f,f,f,f,f,f,f,f,f,f,f,f,f,,t,2,t,87,f,,f,,f,,SVI,-,850621029,otro
29,F,f,f,f,f,f,f,f,f,f,f,f,f,f,f,f,,t,1.4,t,76,t,0.57,t,132,f,,other,-,850624003,otro
29,,f,f,f,f,f,f,f,f,f,f,f,f,f,f,t,4.4,t,1.7,t,94,t,0.97,t,97,f,,other,-,850624004,otro
76,F,f,f,f,f,f,f,f,f,f,f,f,f,f,f,t,1.3,t,1.8,t,101,t,1.17,t,86,f,,other,-,850624005,otro
76,F,f,f,f,f,f,f,f,t,f,f,f,f,f,f,t,0.42,t,1,t,115,t,1.11,t,104,f,,SVI,K,850624006,otro
79,F,f,f,f,f,f,f,f,f,f,f,f,f,f,f,t,5.6,t,1.5,t,94,t,1.02,t,92,f,,SVI,-,850624007,otro
72,M,f,f,f,f,f,f,f,f,f,f,f,t,f,f,t,0.28,t,0.9,t,79,t,0.7,t,112,f,,SVI,K,850624009,otro
80,M,f,f,f,f,f,f,f,f,f,f,f,f,f,f,t,0.37,t,0.7,t,134,t,1.12,t,120,f,,SVI,K,850624010,otro
39,F,f,f,f,f,f,f,f,f,f,f,f,f,f,f,t,160,t,0.4,t,11,t,1.24,t,8.9,f,,other,F,850624014,hipotiroidismo
36,F,f,f,f,f,f,f,f,f,f,f,f,f,f,f,t,25,t,0.3,t,10,t,1.18,t,8.4,f,,other,F,850624026,hipotiroidismo
28,F,f,f,f,f,f,f,f,f,f,f,f,f,f,f,t,0.9,t,4.5,t,204,t,2.03,t,100,f,,STMW,I,850624029,otro
23,F,f,f,f,f,f,f,f,f,f,f,f,f,f,f,t,1.3,t,2.1,t,108,t,1.04,t,105,f,,STMW,-,850624030,otro
28,F,f,f,f,f,f,f,f,f,f,f,f,f,f,f,t,0.8,t,3.8,t,193,t,1.93,t,100,f,,STMW,I,850624034,otro
58,F,t,f,f,f,f,f,f,f,f,f,f,f,f,f,t,5.4,t,1.6,t,105,f,,f,,f,,other,-,850624038,otro
69,M,t,f,f,f,f,f,t,f,f,f,f,f,f,f,t,1.3,t,2,t,121,t,1.07,t,113,f,,other,-,850624046,otro
29,M,f,f,f,f,f,f,f,f,f,f,f,f,f,f,t,0.9,t,2.7,t,156,t,1.25,t,125,f,,SVHC,-,850625006,otro
59,F,f,f,f,f,f,f,f,f,f,f,f,f,f,f,t,0.4,t,1.6,t,113,t,0.99,t,114,f,,SVI,-,850625009,otro
59,F,f,f,f,f,f,f,f,f,f,f,f,f,f,f,t,1.4,t,1.1,t,121,t,1.11,t,109,f,,SVI,K,850625010,otro
59,M,f,f,f,f,f,f,f,f,f,f,f,f,f,f,t,2.2,t,2.5,t,96,t,0.91,t,105,f,,other,-,850625011,otro
59,M,f,f,f,f,f,f,f,f,f,f,f,f,f,f,t,2.4,t,1.9,t,133,t,0.99,t,134,f,,SVHC,-,850625012,otro
56,,f,f,f,f,f,f,f,f,f,f,f,f,f,f,t,2.1,t,2.2,t,91,t,0.84,t,108,f,,other,-,850625016,otro
70,M,f,f,f,f,f,f,f,f,f,f,f,f,f,f,t,1.5,t,2.3,t,141,t,1.2,t,117,f,,SVI,-,850625018,otro
70,F,f,f,f,f,f,f,f,f,f,f,f,f,f,f,t,1.1,t,2.6,t,162,t,1.21,t,134,f,,other,I,850625019,otro
51,F,f,f,f,f,f,f,f,f,f,f,f,f,f,f,f,,f,,f,,f,,f,,t,28,other,-,850625040,otro
72,M,f,f,f,f,f,f,f,f,t,f,f,t,f,f,t,1.5,t,1.8,f,,t,0.93,t,112,f,,SVI,-,850625047,otro
58,F,f,f,f,f,f,f,f,f,f,f,f,f,f,f,t,2.8,t,2.1,t,109,f,,f,,f,,other,-,850626013,otro
67,M,f,f,f,f,f,f,f,t,f,f,f,f,f,f,t,1.7,f,,t,82,t,0.89,t,92,f,,other,-,850626015,otro
72,M,f,f,f,f,f,f,f,f,f,f,f,f,f,f,t,2.3,t,2,t,106,t,1.01,t,105,f,,SVI,-,850626017,otro
84,M,f,f,f,f,f,f,f,f,f,f,f,f,f,f,t,1.7,t,1.2,t,132,t,0.92,t,145,f,,SVI,-,850626018,otro
69,F,f,f,f,f,f,f,f,f,f,f,f,f,f,f,t,2.1,t,1.9,t,90,t,0.87,t,104,f,,SVI,-,850626019,otro
73,F,f,f,f,f,f,f,f,f,f,f,f,f,f,f,t,2.2,t,1.6,t,129,t,1.22,t,106,f,,SVI,-,850626020,otro
76,M,f,f,f,f,f,f,f,f,f,f,f,f,f,f,t,3.2,t,0.8,t,101,t,0.99,t,103,f,,SVHC,K,850626021,otro
28,M,f,f,f,f,f,f,f,f,f,f,f,f,f,t,t,2.1,t,2.6,t,121,t,0.94,t,130,f,,SVHC,-,850626022,otro
47,F,f,f,f,f,f,f,f,f,f,f,f,f,f,f,t,3,t,1.4,t,159,t,0.95,t,166,f,,SVI,R,850626023,otro
1,,f,f,f,f,f,f,f,f,f,f,f,f,f,f,t,43,f,,f,,f,,f,,f,,STMW,F,850626052,hipotiroidismo
1,M,f,f,f,f,f,f,f,f,f,f,f,f,f,f,t,1.6,t,1.8,t,119,t,1.05,t,113,f,,SVI,-,850627013,otro
47,F,f,f,f,f,f,f,f,f,f,f,f,f,f,f,t,2,t,1,t,130,t,0.88,t,148,f,,SVI,K,850627014,otro
80,M,f,f,f,f,f,f,f,f,f,f,f,f,f,f,t,1.4,t,0.8,t,105,t,0.88,t,120,f,,SVI,K,850627015,otro
73,F,f,f,f,f,f,f,f,f,f,f,f,f,f,f,t,1.8,t,1.7,t,130,t,1.2,t,109,f,,SVI,-,850627016,otro
73,F,f,f,f,f,f,f,f,f,f,f,f,f,f,f,t,2.9,t,2,t,121,t,1.19,t,102,f,,other,-,850627017,otro
44,F,f,f,f,f,f,f,f,f,f,f,f,f,f,f,t,1.2,t,1.7,t,92,t,0.98,t,94,f,,other,-,850627019,otro
88,F,f,f,f,f,f,f,f,f,f,f,f,f,f,f,t,3.5,t,1.6,t,94,t,0.944,t,100,f,,SVI,-,850627020,otro
72,M,f,f,f,f,f,f,f,f,f,f,f,f,f,f,t,1.7,t,2,t,78,t,0.94,t,87,f,,other,-,850627021,otro
72,M,f,f,f,f,f,f,f,f,f,f,f,f,f,f,t,2.4,t,2.2,t,96,t,0.93,t,103,f,,SVHC,-,850627022,otro
72,F,f,f,f,f,f,f,f,f,f,f,f,f,f,f,t,2.3,t,0.9,t,140,f,,f,,f,,SVI,K,850627023,otro
69,M,f,f,f,f,f,f,f,f,f,f,f,f,f,f,t,1.1,t,1.6,t,99,t,0.92,t,108,f,,other,-,850627024,otro
46,F,f,f,f,f,f,f,f,f,f,f,f,f,f,f,t,1.9,t,2,t,106,t,1.01,t,104,f,,SVHC,-,850627025,otro
46,M,f,f,f,f,f,f,f,f,f,f,f,f,f,f,t,1.4,t,1.5,t,97,t,0.94,t,104,f,,other,-,850627026,otro
53,F,t,f,f,f,f,f,f,f,f,f,f,f,f,f,t,0.005,t,3.4,t,201,t,1.08,t,186,f,,other,N,850627027,otro
53,M,t,f,f,f,f,f,f,f,f,f,f,f,f,f,t,1.5,t,2.8,t,130,t,1.01,t,128,f,,other,-,850627045,otro
68,M,f,f,f,f,f,f,f,f,f,f,f,t,f,f,t,4,t,1.1,t,115,t,0.9,t,128,f,,SVI,K,850627049,otro
43,M,f,f,f,f,f,f,f,f,f,f,f,f,f,f,t,0.9,t,1.5,t,76,t,0.81,t,93,f,,other,-,850627050,otro
39,M,f,f,f,f,f,f,f,f,f,f,f,f,f,f,t,1.4,t,1.7,t,94,t,0.85,t,110,f,,other,-,850627062,otro
28,F,f,f,f,f,f,f,f,f,f,f,f,f,f,f,t,5.9,t,2,t,126,t,1.26,t,100,f,,other,-,850627078,otro
31,F,f,f,f,f,f,f,f,f,f,f,f,f,f,f,t,1.6,t,2.3,t,89,t,1.22,t,72,f,,other,-,850627079,otro
34,F,t,f,t,f,f,f,f,f,f,f,f,f,f,f,t,26,t,3.7,t,107,t,1.21,t,88,f,,other,OI,850627082,otro
55,F,t,t,f,t,f,f,f,f,f,f,f,f,f,f,t,0.005,t,1.6,t,115,t,0.84,t,138,f,,SVHD,-,850627083,otro
54,F,f,f,f,f,f,f,f,f,f,f,f,t,f,f,t,0.7,t,2,t,95,t,0.99,t,96,f,,other,-,850628005,otro
48,F,f,f,f,f,f,f,f,f,f,f,f,f,f,f,t,0.02,t,2.2,t,127,t,1.05,t,121,f,,other,-,850628006,otro
43,M,f,f,f,f,f,f,f,f,f,f,f,f,f,f,t,3.3,t,2.5,t,70,t,0.93,t,75,f,,SVI,-,850628016,otro
46,M,f,f,f,f,f,f,f,f,f,f,f,f,f,f,t,0.88,t,0.7,t,82,f,,f,,f,,other,-,850628021,otro
46,F,f,f,f,f,f,f,f,f,t,t,f,f,f,f,t,1.7,t,1.1,t,94,t,0.91,t,103,f,,SVI,K,850628022,otro
49,F,f,f,f,f,f,f,f,f,f,f,f,f,f,f,t,2.2,t,2.3,t,92,f,,f,,f,,other,-,850628024,otro
49,F,f,f,f,f,f,f,f,f,f,f,f,f,f,f,t,1.1,t,1.3,t,108,t,0.83,t,130,f,,SVI,-,850628025,otro
81,F,f,f,f,f,f,f,f,f,f,f,f,f,f,f,t,3.2,t,1.8,t,123,t,0.98,t,125,f,,SVI,-,850628026,otro
56,F,f,f,f,f,f,f,f,t,f,f,f,f,f,f,t,1.5,f,,t,103,t,1.07,t,97,f,,SVI,-,850628027,otro
56,,f,f,f,f,f,f,f,f,f,f,f,f,f,f,t,2.4,t,1.7,t,86,t,0.91,t,95,f,,other,-,850628028,otro
23,F,f,f,f,f,f,f,f,f,f,f,f,f,f,f,t,2.6,t,1.8,t,107,t,1.06,t,101,f,,other,-,850628034,otro
23,F,f,f,f,f,f,f,f,f,f,f,f,f,f,f,f,,f,,f,,f,,f,,t,28,other,-,850628046,otro
79,F,f,f,f,f,f,f,f,f,f,f,f,f,f,f,t,2,t,1.2,t,88,t,0.85,t,104,f,,SVI,-,850628063,otro
32,M,f,f,f,f,f,f,f,f,f,f,f,f,f,f,t,3.1,t,2.1,t,88,t,0.7,t,125,f,,SVI,-,850628064,otro
72,F,f,f,f,f,f,f,f,f,f,f,f,f,f,f,t,0.02,t,1.4,t,140,t,1.13,t,124,f,,SVI,-,850628065,otro
70,F,f,f,f,f,f,f,t,f,f,f,f,f,f,f,t,1.2,f,,t,109,t,1.08,t,100,f,,other,-,850628074,otro
59,M,t,f,f,f,f,f,f,f,f,f,f,f,f,f,t,5.2,f,,t,119,t,0.93,t,127,f,,other,-,850628075,otro
61,M,f,f,f,f,f,f,t,f,f,f,f,f,f,f,t,0.005,t,2.3,t,110,t,1.01,t,109,f,,other,-,850628077,otro
46,F,f,f,f,f,f,f,t,f,f,f,f,f,f,f,t,5,t,2,t,107,t,1.14,t,94,f,,other,-,850628078,otro
23,M,f,f,f,f,f,f,f,f,f,f,f,f,f,f,t,0.03,t,2.8,t,183,t,1.23,t,149,f,,other,-,850628079,otro
34,F,f,f,f,f,f,f,f,f,f,f,f,f,f,t,t,1.7,t,1.9,t,104,t,1.13,t,92,f,,SVHC,-,850701017,otro
34,M,f,f,f,f,f,f,f,f,f,f,f,f,f,f,t,2.7,t,3.1,t,97,t,1.1,t,86,f,,SVHC,-,850701018,otro
64,F,f,f,f,f,f,f,f,f,f,f,f,f,f,f,t,0.08,t,1.3,t,105,t,1.05,t,101,f,,SVI,-,850701019,otro
18,F,f,f,f,f,f,f,f,f,f,f,f,f,f,f,t,440,t,0.5,t,24,t,1.32,t,18,f,,other,F,850701027,hipotiroidismo
55,M,f,f,f,f,f,f,f,f,f,f,f,f,f,f,t,1.4,t,1.6,t,101,t,0.93,t,108,f,,SVI,-,850701042,otro
77,F,f,f,f,f,f,f,f,f,f,f,f,f,f,f,t,1.4,t,1.7,t,77,t,0.87,t,89,f,,SVI,-,850701043,otro
83,M,f,f,f,f,f,f,f,f,f,f,f,f,f,f,t,2.1,t,1.6,t,103,t,0.92,t,112,f,,SVI,-,850701044,otro
73,F,f,f,f,f,f,f,f,f,f,f,f,f,f,f,t,0.84,t,2,t,101,t,1.04,t,97,f,,SVHD,-,850701045,otro
77,F,f,f,f,f,f,f,f,f,f,f,f,f,f,f,t,0.27,f,,f,,f,,f,,f,,other,-,850701058,otro
61,F,f,f,f,f,f,f,f,f,f,f,f,f,f,f,t,0.63,t,1.8,t,120,t,0.91,t,132,f,,other,-,850701061,otro
63,F,f,f,f,f,f,f,f,f,f,f,f,f,f,f,t,2,t,1.6,t,102,t,0.82,t,128,f,,SVI,-,850702001,otro
77,F,f,f,f,f,f,f,f,t,t,f,f,f,f,f,f,,t,1.8,t,111,t,0.96,t,115,f,,other,-,850702007,otro
77,M,f,f,f,f,f,f,f,f,f,f,f,f,f,t,t,2,t,1.3,t,97,t,0.9,t,108,f,,SVHC,-,850702011,otro
36,F,f,f,f,f,f,f,f,f,f,f,f,f,f,f,t,1.3,t,3.7,t,184,t,1.8,t,102,f,,STMW,I,850702013,otro
47,F,f,f,f,f,f,f,f,f,f,f,f,f,f,f,t,2.3,t,2,t,109,t,1,t,109,f,,other,-,850702034,otro
72,M,f,f,f,f,f,f,f,f,f,f,f,f,f,f,t,1.6,t,2.2,t,87,t,1.17,t,74,f,,other,-,850702043,otro
59,F,f,f,f,f,f,f,f,f,f,f,f,f,f,f,t,0.02,t,1.8,t,162,t,0.99,t,164,f,,other,AK,850702044,hipertiroidismo
69,F,f,f,f,f,f,f,f,f,f,f,f,f,f,f,t,1.5,t,1.8,t,142,t,1.13,t,125,f,,other,-,850702047,otro
31,M,f,f,f,f,f,f,f,f,f,f,f,f,f,f,t,2.2,t,2.3,t,132,t,1.16,t,114,f,,other,-,850702048,otro
49,F,f,f,f,f,f,f,f,f,f,f,f,f,f,f,t,1.3,t,1.6,t,126,t,0.87,t,145,f,,SVI,-,850702049,otro
59,F,f,f,f,f,f,f,f,f,f,f,f,f,f,f,t,0.015,t,1.5,t,140,t,0.88,t,160,f,,SVI,R,850702050,otro
42,F,f,f,f,f,f,f,f,f,f,f,f,f,f,f,t,1.9,t,2,t,114,t,1.33,t,86,f,,other,-,850702056,otro
25,M,f,f,f,f,f,f,f,f,f,f,f,f,f,f,f,,f,,f,,f,,f,,f,,SVHC,-,850702063,otro
78,F,f,f,f,f,f,f,f,f,f,f,f,f,f,f,t,2.3,f,,t,80,t,0.86,t,93,f,,SVI,-,850702076,otro
78,M,f,f,f,f,f,f,f,f,f,f,f,f,f,f,t,1.5,t,1.3,t,116,t,0.97,t,119,f,,SVI,-,850702081,otro
52,M,f,f,f,f,f,f,f,f,f,f,f,f,f,f,t,1.5,t,2.3,t,117,t,1.11,t,105,f,,SVI,-,850702082,otro
52,F,f,f,f,f,f,f,f,f,f,f,f,f,f,f,t,2.7,t,2.1,t,116,f,,f,,f,,other,-,850702083,otro
83,F,f,f,f,f,f,f,f,f,f,f,f,f,f,f,t,0.43,t,0.4,t,92,t,0.75,t,123,f,,SVI,K,850702084,otro
30,F,f,f,f,f,f,f,f,f,f,f,f,f,f,f,t,0.015,t,2,t,71,t,0.89,t,80,f,,SVI,-,850702085,otro
78,M,f,f,f,f,f,f,f,f,f,f,f,f,f,f,t,0.71,t,0.5,t,105,t,0.82,t,129,f,,other,K,850702086,otro
78,F,f,f,f,f,f,f,f,f,f,f,f,f,f,f,t,1.1,t,1.8,t,98,t,1.14,t,85,f,,other,-,850702087,otro
78,F,f,f,f,f,f,f,f,f,f,f,f,f,f,f,t,0.57,t,1.9,t,90,t,0.88,t,102,f,,other,-,850702088,otro
24,F,f,f,f,f,f,f,f,f,f,f,f,f,f,f,f,,f,,f,,f,,f,,t,90,other,S,850703031,otro
59,F,f,f,f,f,f,f,f,f,f,f,f,f,f,f,t,0.02,t,1.6,t,140,t,0.95,t,148,f,,SVI,-,850703036,otro
39,,f,f,f,f,f,f,f,f,f,f,f,f,f,f,t,4.4,t,1.1,t,63,t,0.8,t,78,f,,SVI,K,850703038,otro
79,M,f,f,f,f,f,f,f,f,f,f,f,f,f,f,t,1.1,t,0.7,t,116,t,0.85,t,137,f,,SVI,K,850703039,otro
63,F,f,f,f,f,f,f,f,f,f,f,f,f,f,f,t,3,t,0.9,t,137,t,0.95,t,144,f,,SVI,K,850703040,otro
62,M,f,f,f,f,f,f,f,f,f,f,f,f,f,f,t,1.2,t,1.4,t,113,t,1.03,t,110,f,,SVI,-,850703041,otro
41,M,f,f,f,f,f,f,f,f,f,f,f,f,f,f,t,3.7,t,1.7,t,112,t,1.05,t,107,f,,SVI,-,850703042,otro
81,M,f,f,f,f,f,f,f,f,f,f,f,f,f,f,t,1.9,t,0.3,t,102,t,0.96,t,106,f,,SVI,K,850703044,otro
40,M,f,f,f,f,f,f,f,f,f,f,f,f,f,f,t,1.8,t,2,t,88,f,,f,,f,,other,-,850703045,otro
53,F,f,f,f,f,f,f,f,f,f,f,f,f,f,f,t,8.099999,t,2.4,t,132,t,1.28,t,103,f,,other,G,850703046,hipotiroidismo
53,,f,f,f,f,f,f,f,f,f,f,f,f,f,f,t,1.5,t,1.8,t,105,f,,f,,f,,other,-,850703047,otro
63,M,f,f,f,f,f,f,f,f,f,f,f,f,f,f,t,2.6,f,,t,84,t,0.9,t,93,f,,other,-,850703048,otro
77,F,f,f,f,f,f,f,f,f,f,f,f,f,f,f,t,3.1,t,0.9,t,105,t,0.82,t,129,f,,SVI,K,850703049,otro
77,M,f,f,f,f,f,f,f,f,f,f,f,f,f,f,t,2,t,2.9,t,151,t,1.35,t,111,f,,other,I,850703050,otro
50,F,f,f,f,f,f,f,f,f,f,f,f,f,f,f,t,2.3,t,2,t,127,t,1.13,t,113,f,,SVI,-,850703051,otro
23,F,f,f,f,f,f,f,f,f,f,f,f,f,f,f,t,2.4,t,1.3,t,72,t,0.9,t,80,f,,other,-,850703059,otro
23,F,f,f,f,f,f,f,f,f,f,f,f,f,f,f,t,2.9,t,2.3,t,192,t,1.47,t,130,f,,other,I,850703063,otro
37,M,f,f,f,f,f,f,f,f,f,f,f,f,f,t,t,1.1,t,2,t,111,t,0.91,t,123,f,,SVHC,-,850704001,otro
49,F,f,f,f,f,f,f,f,f,f,f,f,f,f,f,t,1.9,t,1.8,t,81,t,0.91,t,88,f,,other,-,850704012,otro
28,F,f,f,f,f,f,f,f,t,f,f,f,f,f,f,t,3.2,t,1.3,t,96,t,0.9,t,107,f,,other,-,850704018,otro
54,M,f,f,f,f,f,f,f,f,f,f,f,f,f,f,t,2.4,t,2.2,t,116,t,1.03,t,112,f,,SVI,-,850704034,otro
23,F,f,f,f,f,f,f,f,f,f,f,f,f,f,f,t,2.6,t,2,t,104,t,1.06,t,98,f,,other,-,850704035,otro
23,F,f,f,f,f,f,f,f,f,f,f,f,f,f,f,t,1.9,t,1.6,t,88,t,0.89,t,100,f,,other,-,850704036,otro
52,F,f,f,f,f,f,f,f,f,f,f,f,f,f,f,t,2,t,1.8,t,93,t,0.99,t,95,f,,other,-,850704037,otro
64,F,t,f,f,f,f,f,f,f,f,f,f,f,f,f,t,0.92,f,,t,162,t,1.07,t,152,f,,other,-,850704038,otro
78,F,f,f,f,f,f,f,f,f,f,f,f,f,f,f,t,3.1,t,1.1,t,112,t,0.82,t,137,f,,SVHD,K,850704042,otro
70,M,f,f,f,f,f,f,f,f,f,f,f,f,f,f,t,0.005,t,1.9,t,103,t,0.95,t,109,f,,SVI,-,850704043,otro
78,M,f,f,f,f,f,f,f,f,f,f,f,f,f,f,t,1.5,t,0.8,t,108,t,0.81,t,133,f,,SVI,K,850704044,otro
58,F,f,f,f,f,f,f,f,f,f,f,f,f,f,f,t,22,t,2.3,t,197,t,0.92,t,213,f,,SVI,R,850704045,otro
34,F,f,f,f,f,f,f,f,f,f,f,f,f,f,f,t,3.1,t,1.8,t,94,f,,f,,f,,other,-,850704048,otro
25,M,f,f,f,f,f,f,f,f,f,f,f,f,f,t,t,1.6,t,2.1,t,89,t,0.86,t,103,f,,SVHC,-,850704049,otro
66,F,f,f,f,f,f,f,f,f,f,f,f,f,f,f,t,0.71,t,1.7,t,102,t,1.12,t,92,f,,SVI,-,850704050,otro
71,F,f,f,f,f,f,f,f,f,f,f,f,f,f,f,t,0.52,t,1.3,t,138,t,1.07,t,129,f,,other,-,850704051,otro
70,F,f,f,f,f,f,f,f,f,f,f,f,f,f,f,t,0.005,t,2.6,t,160,t,0.88,t,180,f,,other,AK,850704062,hipertiroidismo
70,F,f,f,f,f,f,f,f,t,f,f,f,f,f,f,t,0.005,t,1.7,t,71,t,1.08,t,66,f,,other,-,850704063,otro
33,F,f,f,f,f,f,f,f,f,f,f,f,f,f,f,f,,f,,f,,f,,f,,t,18,other,-,850704068,otro
33,F,f,f,f,f,f,f,f,f,f,f,f,f,f,f,f,,f,,f,,f,,f,,t,15,other,-,850704078,otro
66,M,f,f,f,f,f,f,f,f,f,f,f,f,f,f,t,1.3,t,0.3,t,64,t,0.66,t,96,f,,SVI,K,850705001,otro
71,F,f,f,f,f,f,f,f,f,f,f,f,f,f,f,f,,f,,f,,f,,f,,t,21,other,-,850705005,otro
16,M,f,f,f,f,f,f,f,f,f,f,f,f,f,f,t,1.8,t,2,t,103,t,1.03,t,100,f,,other,-,850705006,otro
45,M,f,f,f,f,f,f,f,f,f,f,f,f,f,f,t,6.3,t,2,t,119,t,1.04,t,114,f,,other,G,850705008,hipotiroidismo
8,F,f,f,f,f,f,f,f,f,f,f,f,f,f,f,t,3.4,f,,t,87,t,1,t,87,f,,other,-,850705010,otro
19,F,f,f,f,f,f,f,f,f,f,f,f,f,f,f,t,2.2,f,,t,85,t,0.95,t,90,f,,other,-,850705011,otro
33,F,f,f,f,f,t,f,f,f,f,f,t,f,f,f,t,3.9,t,2.2,t,120,t,1.41,t,85,f,,other,-,850705016,otro
35,F,f,f,f,f,f,f,f,f,t,f,f,f,f,f,t,0.72,t,3.8,t,140,t,1.16,t,121,f,,other,-,850705038,otro
81,M,f,f,f,f,f,f,f,f,f,f,f,f,f,f,t,1.3,t,1.2,t,147,t,1.06,t,138,f,,SVI,-,850705064,otro
68,F,f,f,f,f,f,f,f,f,f,f,f,f,f,f,t,1,t,2.1,t,124,t,1.08,t,114,f,,SVI,-,850705065,otro
23,F,f,f,f,f,f,f,f,f,f,f,f,f,f,f,t,1.3,t,2.2,t,103,t,1.35,t,76,f,,other,-,850705066,otro
47,M,f,f,f,f,f,f,f,f,f,f,f,f,f,f,t,1.1,t,2.1,t,94,t,0.79,t,119,f,,other,-,850705069,otro
74,F,t,f,f,f,f,f,f,f,f,f,f,f,f,f,t,0.5,t,0.8,t,151,t,1.01,t,150,f,,other,-,850705071,otro
49,F,f,f,f,f,f,f,f,f,f,f,f,f,f,f,t,0.49,t,1.7,t,146,t,0.89,t,165,f,,other,R,850705078,otro
19,M,f,f,f,f,f,f,f,t,f,f,f,f,f,f,t,9,t,2.2,t,117,f,,f,,f,,other,G,850708007,hipotiroidismo
34,F,f,f,f,f,f,f,f,f,f,f,f,f,f,t,t,4.4,t,2.7,t,131,t,1.73,t,76,f,,SVHC,-,850708019,otro
37,F,f,f,f,f,f,f,f,f,f,f,f,f,f,t,t,2.3,t,1.8,t,78,t,1.04,t,76,f,,SVHC,-,850708020,otro
70,F,f,f,f,f,f,f,f,t,f,f,f,f,f,f,t,1.7,t,1,t,112,t,1.02,t,110,f,,SVI,K,850708023,otro
62,F,f,f,f,f,f,f,f,f,f,f,f,f,f,f,t,1.1,t,1.9,t,113,t,1.14,t,99,f,,other,-,850708025,otro
34,M,f,f,f,f,f,f,f,f,f,f,f,f,f,t,t,1.6,t,1.7,t,67,t,1.15,t,59,f,,SVHC,-,850708026,otro
34,F,f,f,f,f,f,f,f,f,t,f,f,f,f,f,t,0.005,t,2,t,54,t,1.66,t,33,f,,STMW,-,850708031,otro
48,F,f,f,f,f,f,f,f,f,f,f,f,f,f,f,t,4.4,t,1.6,t,61,t,1.09,t,56,f,,other,-,850708045,otro
80,M,f,f,f,f,f,f,f,f,f,f,f,f,f,f,t,2,t,1.2,t,39,t,0.95,t,41,f,,SVI,K,850708047,otro
80,M,f,f,f,f,f,f,f,f,f,f,f,f,f,f,t,3.3,t,1.3,t,93,t,0.86,t,108,f,,SVI,-,850708048,otro
75,M,f,f,f,f,f,f,f,f,f,f,f,f,f,f,t,2.4,t,0.2,t,78,t,0.56,t,139,f,,SVI,K,850708051,otro
45,F,f,f,f,f,f,f,f,f,f,f,f,f,f,f,t,1.8,t,1.7,t,104,f,,f,,f,,other,-,850708052,otro
82,M,f,f,f,f,f,f,f,f,f,f,f,f,f,f,t,2.2,t,1,t,68,t,0.77,t,88,f,,SVI,K,850708053,otro
47,M,f,f,f,t,f,f,f,f,f,f,f,f,f,f,t,1.5,t,1.5,t,98,t,0.86,t,113,f,,SVI,-,850708054,otro
47,M,f,f,f,f,f,f,f,f,f,f,f,f,f,f,t,5.6,t,1.9,t,81,t,1,t,82,f,,SVI,-,850708055,otro
62,M,f,f,f,t,f,f,f,f,f,f,f,f,f,f,t,3.4,t,1.3,t,92,t,0.89,t,104,f,,other,-,850708066,otro
80,F,f,f,t,f,f,f,f,f,f,f,f,f,f,f,t,2.2,t,1.7,t,83,t,1.11,t,76,f,,other,-,850708074,otro
26,F,f,f,f,f,f,f,f,f,f,f,f,f,f,f,t,1.9,t,1.5,t,87,t,0.94,t,93,f,,other,-,850708075,otro
66,F,f,f,f,f,f,f,f,f,t,f,f,f,f,f,t,0.005,t,1.5,t,76,t,0.85,t,89,f,,SVI,-,850709004,otro
24,M,f,f,f,f,f,f,f,f,f,f,f,f,f,f,t,2,t,1.6,t,96,f,,f,,f,,other,-,850709007,otro
56,M,f,f,f,f,f,f,f,f,f,f,f,f,f,f,t,2.2,t,1.4,t,71,t,0.72,t,99,f,,other,-,850709009,otro
66,M,f,f,f,f,f,f,f,f,f,f,f,f,f,t,t,4.5,t,1.3,t,89,t,0.73,t,121,f,,SVHC,-,850709010,otro
66,F,f,f,f,f,f,f,f,f,f,f,f,f,f,f,t,4.5,t,0.5,t,83,t,0.77,t,108,f,,SVI,K,850709011,otro
68,M,f,f,f,f,f,f,f,f,f,f,f,f,f,f,t,0.05,t,0.2,t,115,t,0.92,t,126,f,,SVI,K,850709012,otro
23,F,f,f,f,f,f,f,f,f,f,f,f,f,f,t,t,1.9,t,2.4,t,129,t,1.18,t,109,f,,other,-,850709013,otro
37,M,t,f,f,f,f,f,f,f,f,f,f,t,f,f,t,11,t,1.2,t,74,t,0.77,t,96,f,,SVHC,M,850709014,otro
79,F,f,f,f,f,f,f,f,f,f,f,f,f,f,f,t,2.4,t,1.3,t,92,t,0.92,t,100,f,,other,-,850709015,otro
54,F,t,f,f,f,f,f,f,f,f,t,f,f,f,f,t,0.94,t,1.3,t,78,t,1.12,t,70,f,,SVHC,-,850709018,otro
75,M,f,f,f,f,f,f,f,f,f,f,f,f,f,f,f,,f,,t,120,t,0.97,t,124,f,,other,-,850709036,otro
75,M,f,f,f,f,f,f,f,f,f,f,f,f,f,f,t,0.97,t,0.6,t,80,t,0.72,t,110,f,,SVI,K,850709037,otro
51,F,f,f,f,f,f,f,f,f,f,f,f,f,f,f,t,12,t,1.5,t,106,t,0.92,t,115,f,,SVI,G,850709039,hipotiroidismo
63,F,f,f,f,f,f,f,f,f,f,f,f,f,f,f,t,1.5,t,1.2,t,117,t,0.96,t,121,f,,SVI,-,850709040,otro
71,F,f,f,f,f,f,f,f,f,f,f,f,f,f,f,t,0.56,t,0.6,t,49,t,0.54,t,90,f,,SVI,J,850709041,otro
41,M,f,f,f,f,f,f,f,f,f,f,f,f,f,f,t,0.005,t,1.3,t,95,t,0.79,t,120,f,,SVHC,-,850709042,otro
41,M,f,f,f,f,f,f,f,f,t,f,f,f,f,f,t,0.005,t,1.5,t,100,t,1.01,t,99,f,,SVHC,-,850709044,otro
27,F,f,f,t,f,t,f,f,f,f,f,f,f,f,f,t,0.005,t,2.5,t,145,t,1.45,t,100,f,,other,-,850709048,otro
61,M,f,f,f,f,f,f,f,f,f,f,f,f,f,f,f,,t,1,t,72,t,0.7,t,103,f,,other,-,850710008,otro
65,,t,f,f,f,f,f,t,t,f,f,f,f,f,f,t,0.03,t,1.9,t,151,t,0.89,t,169,f,,other,L,850710023,otro
36,F,f,f,f,f,f,f,f,f,f,f,f,f,f,f,t,0.88,t,1.6,t,114,t,1.02,t,112,f,,other,-,850710026,otro
38,F,f,f,f,f,f,f,f,f,f,f,f,f,f,f,t,1.5,t,3.3,t,122,t,1.46,t,83,f,,STMW,I,850710027,otro
70,M,f,f,f,f,f,f,f,f,f,f,f,f,f,t,t,1.9,t,1.8,t,114,t,1.02,t,112,f,,SVHC,-,850710032,otro
62,F,f,f,f,f,f,f,f,t,f,f,f,f,f,f,t,8.599999,f,,t,86,t,0.84,t,101,f,,other,G,850710033,hipotiroidismo
64,F,f,f,f,f,f,f,f,t,f,f,f,f,f,f,t,2.9,f,,t,121,t,1,t,121,f,,other,-,850710034,otro
37,F,t,f,f,f,f,f,f,f,f,f,f,f,f,f,t,0.54,t,2.5,t,170,t,1.4,t,121,f,,other,-,850710036,otro
37,M,f,f,f,f,f,f,f,f,f,f,f,f,f,f,t,12,t,1.2,t,105,t,0.84,t,125,f,,other,G,850710041,hipotiroidismo
47,M,f,f,f,f,f,f,f,f,f,f,f,f,f,f,t,3.3,t,1.8,t,91,t,0.92,t,99,f,,SVI,-,850710042,otro
78,M,f,f,f,f,f,f,f,f,f,f,f,f,f,f,t,0.03,t,1.8,t,122,t,1.07,t,114,f,,SVI,-,850710043,otro
71,F,f,f,f,f,f,f,f,f,f,f,f,f,f,f,t,1.3,t,0.9,t,126,t,0.85,t,148,f,,SVI,K,850710044,otro
71,F,f,f,f,t,f,f,f,f,t,f,f,f,f,f,t,0.03,t,3.8,t,171,t,1.13,t,151,f,,other,-,850710045,otro
66,F,f,f,f,f,f,t,f,f,t,f,f,f,f,f,t,1.7,t,1.4,t,89,t,0.87,t,103,f,,SVI,-,850710046,otro
46,,f,f,f,f,f,f,f,f,f,f,f,f,f,f,t,2.2,t,1.7,t,81,f,,f,,f,,SVI,-,850710047,otro
87,F,f,f,f,f,f,f,f,f,f,f,f,f,f,f,t,0.79,t,1.5,t,145,t,0.88,t,165,f,,SVI,R,850710048,otro
87,F,f,f,f,f,f,f,f,f,f,f,f,f,f,f,t,15,t,4.5,t,239,t,2.12,t,113,f,,other,-,850710057,otro
61,M,t,f,f,f,f,f,f,f,f,f,f,f,f,f,t,3.8,t,1.3,t,93,t,0.84,t,111,f,,other,-,850710058,otro
76,F,f,f,f,f,f,f,f,f,f,f,f,f,f,f,t,3.9,t,1.7,t,104,t,1.04,t,100,f,,SVI,-,850710060,otro
47,F,f,f,f,f,f,f,f,f,t,f,f,f,f,f,t,1.2,t,2.1,t,130,t,0.99,t,131,f,,other,-,850710067,otro
56,F,f,f,f,f,f,f,f,f,f,f,f,f,f,f,t,0.4,f,,f,,f,,f,,f,,other,-,850710072,otro
35,M,f,t,f,f,f,f,f,f,f,f,f,f,f,f,t,0.035,t,1.7,t,114,t,0.98,t,115,f,,other,-,850710080,otro
57,M,f,f,f,f,f,f,f,f,f,f,f,f,f,f,f,,f,,f,,f,,f,,t,24,other,-,850711016,otro
65,F,f,f,f,t,f,f,f,t,f,f,f,f,f,f,f,,f,,f,,f,,f,,t,22,other,-,850711023,otro
18,F,f,f,f,f,f,f,f,f,f,f,f,t,f,f,f,,f,,f,,f,,f,,t,24,other,-,850711025,otro
38,F,f,f,f,f,f,f,f,f,f,f,t,t,f,f,f,,f,,f,,f,,f,,t,29,other,-,850711027,otro
52,F,f,f,f,f,f,f,f,f,f,f,f,f,f,f,t,1.8,t,2.3,t,128,t,1.22,t,105,f,,other,-,850711029,otro
52,F,f,f,f,f,f,f,f,f,f,f,f,f,f,f,t,2.6,t,1.6,t,103,t,0.92,t,111,f,,other,-,850711030,otro
36,M,f,f,f,f,f,f,f,f,f,f,f,f,f,t,t,1.9,t,1.8,t,122,t,0.92,t,113,f,,SVHC,-,850711031,otro
36,F,f,f,f,f,f,f,f,f,f,f,f,f,f,f,t,4.7,t,2,t,19,t,1.12,t,17,f,,SVI,K,850711032,otro
53,F,f,f,f,f,f,f,f,f,f,f,f,f,f,t,t,1.5,t,1.6,t,108,t,1.14,t,95,f,,SVHC,-,850711034,otro
40,F,f,f,f,f,f,f,f,f,t,f,f,f,f,f,t,9.2,t,1.5,t,113,t,1.03,t,109,f,,other,G,850711046,hipotiroidismo
71,F,f,f,f,f,f,t,f,f,f,f,f,f,f,f,t,0.03,t,1.5,t,104,t,1.05,t,100,f,,other,-,850711051,otro
17,F,t,f,f,f,f,f,f,f,f,f,f,f,f,f,t,13,t,1.6,t,151,t,1.39,t,109,f,,other,-,850711069,otro
50,F,t,f,f,f,f,f,f,f,f,f,f,f,f,f,t,0.03,f,,t,124,t,0.99,t,130,f,,other,-,850711070,otro
41,F,f,f,f,f,f,f,t,f,f,f,f,f,f,f,t,3.2,t,1.3,t,78,t,0.97,t,80,f,,other,-,850711071,otro
56,F,f,f,f,f,f,f,f,f,f,f,f,f,f,f,t,2,t,1,t,54,t,0.78,t,70,f,,other,-,850711072,otro
34,F,f,f,f,f,f,f,f,f,f,f,f,f,f,f,t,1.8,t,1.4,t,85,t,0.93,t,92,f,,other,-,850711074,otro
34,M,f,f,f,f,f,f,f,f,f,f,f,f,f,f,t,0.03,t,1.6,t,96,t,0.97,t,99,f,,other,-,850711075,otro
77,M,f,f,f,f,f,f,f,f,f,f,f,f,f,f,t,1.3,t,1.3,t,102,t,0.95,t,108,f,,SVI,-,850711076,otro
59,F,f,f,f,t,f,f,f,f,f,f,f,f,f,f,t,6.8,t,0.7,t,84,t,0.78,t,107,f,,SVI,GK,850711078,hipotiroidismo
60,F,t,f,f,f,f,f,f,f,f,f,f,f,f,f,t,400,t,0.5,t,11,t,1.19,t,9.099999,f,,other,F,850711080,hipotiroidismo
62,M,t,f,f,f,f,f,f,f,f,f,f,f,f,f,t,0.54,f,,t,85,t,0.94,t,91,f,,other,-,850711090,otro
14,F,f,f,f,f,f,f,f,f,f,f,f,f,f,f,f,,f,,t,100,t,1.09,t,91,f,,other,-,850711092,otro
40,F,f,f,f,f,f,f,f,f,f,f,f,f,f,f,f,,f,,f,,f,,f,,t,31,other,S,850711098,otro
63,F,f,f,f,f,f,f,f,f,f,f,f,f,f,f,f,,f,,f,,f,,f,,t,24,other,-,850711099,otro
32,F,f,f,f,f,f,f,f,f,t,f,f,f,f,f,t,2.8,t,1.3,t,86,t,0.89,t,96,f,,other,-,850712003,otro
28,F,f,f,f,f,f,t,f,f,f,f,f,f,f,f,t,103,t,2.1,t,65,t,1.16,t,56,f,,SVI,F,850712004,hipotiroidismo
30,F,f,f,f,f,f,f,f,f,f,f,f,f,f,f,t,8.5,t,2.1,t,91,t,1.16,t,79,f,,other,G,850712005,hipotiroidismo
20,F,f,f,t,f,f,f,f,f,t,f,f,f,f,f,t,0.03,t,2.7,t,107,t,1.07,t,100,f,,other,-,850712007,otro
86,M,f,f,f,f,f,f,f,f,f,f,f,f,f,f,t,5.5,t,0.2,t,38,t,0.76,t,50,f,,SVI,K,850712014,otro
63,M,f,f,f,f,f,f,f,f,f,f,f,f,f,f,t,7.4,t,2,t,120,t,1.02,t,117,f,,other,G,850712027,hipotiroidismo
67,M,f,f,f,f,f,f,f,f,f,f,t,f,f,f,f,,f,,t,101,t,1.01,t,100,f,,other,-,850712029,otro
69,F,f,f,f,f,f,f,f,f,f,f,f,f,f,f,t,0.75,t,1.6,t,100,t,0.93,t,107,f,,other,-,850712031,otro
69,F,f,f,f,f,f,f,f,f,f,f,f,f,f,f,t,1.2,t,2.3,t,104,f,,f,,f,,other,-,850712040,otro
74,F,f,f,f,f,f,f,f,t,f,f,f,f,f,f,t,23,t,0.2,t,50,t,0.85,t,58,f,,SVI,F,850712041,hipotiroidismo
38,M,t,f,f,f,f,f,f,t,f,f,f,f,f,f,f,,f,,f,,f,,f,,t,11,other,-,850712046,otro
57,M,f,f,f,f,f,f,f,f,f,f,f,f,f,f,t,1,t,2.1,t,102,t,0.97,t,105,f,,SVI,-,850712069,otro
32,M,f,f,f,f,f,f,f,f,t,f,f,f,f,f,t,2.2,t,2,t,102,t,0.86,t,119,f,,SVHC,-,850712071,otro
59,F,f,f,f,f,f,f,f,f,f,f,f,f,f,f,t,1.7,t,2.1,t,84,t,1,t,83,f,,SVI,-,850712072,otro
88,F,f,f,f,f,f,f,f,f,f,f,f,f,f,f,t,1.2,t,1.6,t,107,t,1.09,t,99,f,,SVI,-,850712073,otro
63,F,f,f,f,f,f,f,f,f,f,f,f,f,f,f,t,1.8,t,2.3,t,146,t,1.34,t,108,f,,SVI,-,850712074,otro
26,F,f,f,f,f,f,f,f,f,f,f,f,f,f,f,f,,t,1.9,t,92,t,1,t,92,f,,other,-,850712075,otro
26,M,f,f,f,f,f,f,f,f,f,f,f,f,f,f,t,2.9,t,1.7,t,129,t,1.1,t,116,f,,SVI,-,850712077,otro
48,F,f,f,f,f,f,f,f,f,f,f,f,f,f,f,t,0.03,t,1.8,t,83,t,1.19,t,69,f,,other,-,850712079,otro
63,F,f,f,f,f,f,f,f,f,f,f,f,f,f,f,t,1.5,t,1.9,t,97,t,1.03,t,94,f,,other,-,850715010,otro
58,M,t,f,f,f,f,f,f,f,f,f,f,f,f,f,t,0.035,f,,t,137,t,0.91,t,151,f,,other,-,850715021,otro
58,F,f,f,f,f,f,f,f,f,f,f,f,f,f,f,f,,f,,f,,f,,f,,t,19,other,-,850715027,otro
58,M,f,f,f,f,f,f,f,f,f,f,f,f,f,f,t,2.3,t,2.3,t,104,t,1.08,t,96,f,,SVHC,-,850715029,otro
43,F,f,f,f,f,f,f,f,f,f,f,f,f,f,f,t,2,t,1.8,t,121,t,0.94,t,129,f,,SVHC,-,850715030,otro
22,M,f,f,f,f,f,f,f,f,f,f,f,f,f,f,t,1.7,t,2.3,t,127,t,1,t,127,f,,other,-,850715031,otro
75,F,f,f,f,f,f,f,f,f,f,f,f,f,f,f,t,4.9,t,1.9,t,122,t,0.95,t,129,f,,SVI,-,850715032,otro
82,F,f,f,f,f,f,f,f,f,f,f,f,f,f,f,t,0.03,t,1.4,t,74,t,0.52,t,143,f,,other,-,850715033,otro
60,F,f,f,f,f,f,f,f,f,f,f,f,f,f,f,t,4.2,t,1.6,t,101,t,1.1,t,92,f,,SVI,-,850715034,otro
79,M,f,f,f,f,f,f,f,f,f,f,f,f,f,f,t,0.03,t,4.1,t,160,t,0.78,t,204,f,,other,A,850715038,hipertiroidismo
59,F,t,f,f,f,f,f,f,f,f,f,f,f,f,f,t,0.03,t,2,t,164,t,0.92,t,178,f,,other,N,850715039,otro
25,F,f,f,f,f,f,f,f,f,f,f,f,f,f,f,t,1.8,f,,t,75,t,0.87,t,86,f,,other,-,850715049,otro
54,F,f,f,f,t,f,f,f,t,f,f,f,f,f,f,t,0.86,t,1.7,t,98,t,0.96,t,102,f,,SVI,-,850715053,otro
60,M,f,f,f,f,f,f,f,f,f,f,f,f,f,f,t,5.73,t,1.8,t,109,t,1.05,t,104,f,,SVI,-,850715056,otro
34,F,f,f,f,f,t,f,f,f,t,f,f,f,f,f,t,0.035,t,2.5,t,119,t,1.55,t,76,f,,other,-,850716001,otro
23,F,f,f,f,f,f,f,f,f,f,f,f,f,f,f,t,2.7,t,2,t,90,t,0.93,t,97,f,,other,-,850716002,otro
25,M,f,f,f,f,f,f,f,f,f,f,f,f,f,f,t,1.3,t,1.8,t,118,t,0.99,t,119,f,,SVHC,-,850716009,otro
56,M,f,f,f,f,f,f,f,f,f,f,f,f,f,f,t,0.67,t,1.1,t,137,t,0.86,t,160,f,,SVI,-,850716010,otro
42,M,f,f,f,f,f,f,f,f,f,f,f,f,f,f,t,1.3,t,1.7,t,84,t,0.63,t,133,f,,other,-,850716011,otro
31,F,f,f,f,f,f,f,f,f,f,f,f,f,f,f,t,1.7,t,2.2,t,116,t,1.14,t,102,f,,SVHC,-,850716018,otro
62,F,f,f,f,f,f,f,f,f,f,f,f,f,f,f,t,3.5,t,1.7,t,98,t,0.74,t,132,f,,SVHC,-,850716019,otro
33,F,f,f,f,f,f,f,f,f,f,f,t,f,f,f,t,0.08,f,,t,126,t,1,t,126,f,,other,-,850716024,otro
61,F,t,f,f,f,f,f,f,f,f,f,f,f,f,f,t,6,t,1.5,t,97,t,0.88,t,110,f,,other,-,850716036,otro
75,F,f,f,f,f,f,f,f,f,f,f,f,f,f,f,t,3.5,t,2.2,t,118,t,1.01,t,117,f,,SVI,-,850716048,otro
61,F,f,f,f,f,f,f,f,f,f,f,f,f,f,f,t,1.3,t,1.7,t,91,t,0.98,t,93,f,,other,-,850716051,otro
68,M,f,f,f,f,f,f,f,f,f,f,f,f,f,f,t,0.9,t,1.9,t,108,t,1.06,t,102,f,,SVI,-,850716052,otro
68,F,f,f,f,f,f,f,f,f,f,f,f,f,f,f,t,2.4,t,1.3,t,80,t,0.88,t,91,f,,other,-,850716054,otro
54,M,f,f,f,f,f,f,f,f,f,f,f,f,f,f,t,2.1,t,2,t,92,t,1,t,92,f,,SVI,-,850716055,otro
41,M,f,f,f,f,f,f,f,f,f,f,f,f,f,f,t,1.2,t,1.6,t,91,t,0.68,t,133,f,,SVI,-,850716056,otro
30,M,f,f,f,f,f,f,f,f,f,f,f,f,f,f,f,,f,,f,,f,,f,,t,19,other,-,850716070,otro
67,F,f,f,f,f,f,f,f,f,t,f,f,f,f,f,f,,f,,f,,f,,f,,t,28,other,-,850716077,otro
38,F,f,f,f,f,f,f,f,f,f,f,f,f,f,f,f,,f,,f,,f,,f,,t,27,other,-,850716085,otro
44,F,f,f,f,f,f,f,f,f,f,f,f,f,f,f,f,,f,,f,,f,,f,,t,27,other,-,850716089,otro
44,F,f,f,f,f,f,f,f,f,f,f,f,f,f,f,t,3.5,t,2.6,t,113,t,1.09,t,104,f,,other,-,850717010,otro
35,M,f,f,f,f,f,f,f,f,f,f,f,f,f,f,t,1.7,t,2.2,t,114,t,0.93,t,123,f,,other,-,850717011,otro
48,F,t,f,f,f,f,f,f,f,f,t,f,f,f,f,t,1.5,t,2.5,t,101,t,0.97,t,104,f,,SVHC,-,850717012,otro
39,M,f,f,f,f,f,f,f,f,f,f,f,f,f,f,t,3.2,t,3.1,t,99,t,1.01,t,98,f,,SVHC,-,850717013,otro
60,F,f,f,f,f,f,f,f,f,f,f,f,f,f,f,t,1.2,t,2.6,t,117,t,1.31,t,90,f,,other,-,850717020,otro
42,F,f,f,f,f,f,f,f,f,f,f,f,f,f,f,t,7.2,t,2.1,t,123,t,1.18,t,104,f,,other,G,850717043,hipotiroidismo
60,F,f,f,f,f,f,f,f,f,f,f,f,f,f,f,t,2,t,1,t,61,t,0.77,t,80,f,,SVI,K,850717045,otro
61,M,f,f,f,f,f,f,f,f,f,f,f,f,f,f,t,2.1,t,1.3,t,92,t,0.89,t,103,f,,SVI,-,850717046,otro
61,M,f,f,f,f,f,f,f,f,f,f,f,f,f,f,t,0.02,t,1.5,t,125,t,0.77,t,163,f,,other,R,850717047,otro
33,F,f,f,f,f,f,t,f,f,f,f,f,f,f,f,t,8.2,t,1.5,t,74,t,0.9,t,83,f,,STMW,Q,850718008,otro
29,F,f,f,f,f,f,f,f,f,f,f,f,f,f,f,t,1.6,t,2.4,t,107,t,1.1,t,92,f,,other,-,850718009,otro
39,M,f,f,f,f,f,f,f,f,f,f,f,f,f,f,t,1,t,2.4,t,98,t,1.08,t,91,f,,SVHC,-,850718010,otro
24,F,f,f,f,f,f,f,f,f,f,f,f,f,f,f,t,1.6,t,2.2,t,139,t,1.02,t,136,f,,SVHC,-,850718011,otro
24,F,f,f,f,f,f,f,f,f,f,f,f,f,f,f,t,1.8,t,2.1,t,91,t,0.93,t,98,f,,other,-,850718012,otro
32,F,f,f,f,f,f,f,f,f,f,f,f,f,f,f,t,3,t,1.9,t,94,t,1.07,t,88,f,,other,-,850718013,otro
60,M,f,f,f,f,f,f,f,f,f,f,f,f,f,f,t,2.3,t,2.2,t,90,t,1.04,t,87,f,,SVHC,-,850718014,otro
60,M,f,f,f,f,f,f,f,f,f,f,f,f,f,f,t,2.2,t,1.6,t,123,t,1.09,t,113,f,,SVI,-,850718015,otro
38,F,f,f,f,f,f,f,f,f,f,f,f,f,f,t,t,2.7,t,1.5,t,76,t,0.88,t,86,f,,SVHC,-,850718016,otro
33,F,f,f,f,f,f,f,f,t,f,f,f,f,f,f,t,10.299999,t,2,t,68,t,1.15,t,59,f,,SVHC,F,850718021,hipotiroidismo
77,F,f,f,f,f,f,f,f,f,f,f,f,f,f,f,t,2.9,t,2.6,t,118,t,1.19,t,99,f,,other,-,850718023,otro
33,F,f,f,f,f,t,f,f,f,t,f,f,f,f,f,t,3,t,2.5,t,121,t,1.38,t,88,f,,other,-,850718029,otro
69,F,f,f,f,f,f,f,f,f,f,f,f,f,f,f,t,0.02,t,2.4,t,136,t,0.92,t,148,f,,other,-,850718030,otro
69,F,f,f,f,f,f,f,f,f,f,f,f,f,f,f,t,11.099999,t,1.3,t,88,t,1.06,t,83,f,,other,G,850718041,hipotiroidismo
55,F,t,f,f,f,f,f,f,f,f,f,f,f,f,f,f,,f,,t,170,t,1.1,t,155,f,,other,-,850718045,otro
54,,t,f,f,f,f,f,f,f,f,f,f,f,f,f,t,0.93,t,1.8,t,115,t,0.94,t,123,f,,other,-,850718046,otro
77,F,t,f,f,f,f,f,f,f,f,f,f,f,f,f,t,9.9,f,,t,121,t,1.02,t,118,f,,other,M,850718050,otro
22,M,f,f,f,f,f,f,f,f,f,f,f,f,f,f,t,3.7,t,2.1,t,83,t,0.82,t,101,f,,other,-,850718052,otro
31,F,f,f,f,f,f,f,f,f,f,f,f,f,f,f,t,7.8,t,2,t,159,t,1.51,t,105,f,,other,-,850718053,otro
77,F,f,f,f,f,f,f,f,f,f,f,f,f,f,f,t,4.9,t,1.6,t,85,t,0.87,t,98,f,,SVI,-,850718055,otro
64,M,f,f,f,f,f,f,f,f,f,f,f,f,f,f,t,4.6,t,1.5,t,133,t,1.08,t,124,f,,SVI,-,850718056,otro
51,M,f,f,f,f,f,f,f,f,f,f,f,f,f,f,t,2.4,t,2.5,t,106,t,0.81,t,130,f,,SVI,-,850718057,otro
77,F,f,f,f,f,f,f,f,f,f,f,f,f,f,f,t,2.5,t,1.7,t,101,t,0.85,t,119,f,,SVI,-,850718058,otro
53,M,f,f,f,f,f,f,f,f,f,f,f,f,f,f,t,5.2,t,2,t,88,t,1.04,t,85,f,,SVI,-,850718059,otro
43,F,t,f,f,f,f,f,f,f,f,f,f,f,f,f,t,0.92,t,2.3,t,93,t,0.86,t,108,f,,SVHC,-,850718060,otro
83,M,f,f,f,f,f,f,f,f,f,f,f,f,f,f,t,2.3,t,1.6,t,105,t,0.83,t,127,f,,SVI,-,850718061,otro
46,M,f,f,f,f,f,f,f,f,f,f,f,f,f,f,t,3.2,t,1.2,t,122,t,0.94,t,131,f,,SVI,-,850718062,otro
58,F,f,f,f,f,f,f,f,f,f,f,f,f,f,f,t,0.015,t,2.6,t,166,t,0.8,t,207,f,,SVI,AK,850718065,hipertiroidismo
75,M,f,f,f,f,f,f,f,f,f,f,f,f,f,f,t,1.9,t,1.4,t,79,t,0.79,t,101,f,,SVI,-,850718066,otro
25,F,f,f,f,f,f,f,f,f,f,f,f,f,f,f,t,1.8,t,2.1,t,102,t,1.12,t,91,f,,other,-,850718077,otro
56,M,f,f,f,f,f,f,f,f,f,f,f,f,f,f,f,,t,2.3,t,98,t,1.07,t,92,f,,other,-,850718083,otro
85,F,f,f,f,f,f,f,f,f,f,f,f,f,f,f,t,2.4,t,1.4,t,86,t,0.98,t,88,f,,other,-,850718084,otro
15,F,f,f,f,f,f,f,f,t,f,f,f,f,f,f,t,3.4,f,,t,112,t,1.3,t,86,f,,other,I,850718085,otro
15,F,f,f,f,f,f,f,f,f,f,f,f,f,f,f,t,0.51,t,1.3,t,121,t,0.78,t,155,f,,SVI,-,850718087,otro
26,F,t,f,f,f,f,f,f,t,f,f,f,f,f,f,t,0.04,t,1.6,t,97,t,1,t,95,f,,other,-,850718088,otro
34,F,f,f,f,f,f,f,f,f,f,f,t,f,f,f,t,1.9,t,2.1,t,118,t,1.2,t,98,f,,other,-,850718092,otro
33,F,t,f,f,f,f,f,f,f,f,f,f,f,f,f,t,0.01,f,,t,132,t,0.87,t,152,f,,other,-,850718102,otro
33,F,f,f,f,f,f,f,f,f,f,f,f,f,f,f,t,0.01,t,1.5,t,160,t,0.87,t,185,f,,SVI,AK,850719013,hipertiroidismo
33,F,f,f,f,f,f,f,f,f,f,f,f,f,f,f,t,2.6,t,1.3,t,89,t,0.9,t,98,f,,SVHC,-,850719014,otro
31,F,f,f,f,f,f,f,f,f,f,f,f,f,f,f,f,,f,,f,,f,,f,,t,16,other,-,850719025,otro
68,F,f,f,f,f,f,f,f,t,f,f,f,f,f,f,t,12,t,1.4,t,111,t,1.2,t,93,f,,SVI,G,850719033,hipotiroidismo
68,F,f,f,f,t,f,f,f,f,f,f,f,f,f,f,t,0.97,t,1.3,t,85,t,0.87,t,98,f,,other,-,850719034,otro
69,F,f,f,f,f,f,f,f,f,f,f,f,f,f,f,t,1.9,t,1.5,t,126,t,0.96,t,131,f,,other,-,850719035,otro
79,M,f,f,f,f,f,f,f,f,f,f,f,f,f,f,t,2.7,t,0.9,t,86,t,0.85,t,102,f,,SVI,K,850719036,otro
83,M,f,f,f,f,f,f,f,f,f,f,f,f,f,f,t,2.4,t,1.3,t,101,t,0.86,t,117,f,,SVI,-,850719039,otro
83,,f,f,f,f,f,f,f,f,t,f,f,f,f,f,t,1.7,t,1.5,t,97,t,0.98,t,99,f,,other,-,850719053,otro
31,F,f,f,f,f,f,f,f,f,f,f,f,t,f,f,t,0.95,t,2.6,t,152,t,1.4,t,110,f,,other,-,850719068,otro
56,F,t,f,f,f,f,f,f,f,f,f,f,f,f,f,t,9.5,f,,t,115,t,1.31,t,88,f,,other,M,850719080,otro
41,F,t,f,f,f,f,f,f,f,f,f,f,f,f,f,t,0.76,f,,t,107,t,0.91,t,118,f,,other,-,850719082,otro
91,F,f,f,f,f,f,f,f,f,f,f,f,f,f,f,t,0.15,t,1.3,t,126,t,0.96,t,132,f,,SVI,-,850722008,otro
24,F,f,f,f,f,f,f,f,f,f,f,f,f,f,f,t,10,t,2.5,t,110,t,1.17,t,94,f,,other,G,850722009,hipotiroidismo
30,F,f,f,f,f,f,f,f,f,f,f,f,f,f,f,t,1.3,t,1.7,t,93,t,0.96,t,98,f,,other,-,850722013,otro
38,M,f,f,f,f,f,f,f,f,t,f,f,f,f,f,t,0.37,t,2.2,t,86,t,0.75,t,115,f,,other,-,850722015,otro
20,F,f,f,f,f,f,f,f,f,f,f,f,f,f,f,t,1.5,t,2.5,t,94,t,1.04,t,90,f,,other,-,850722043,otro
20,F,f,f,f,f,f,f,f,f,f,f,f,f,f,f,t,1.8,t,1.6,t,63,t,1,t,63,f,,other,-,850722046,otro
57,M,f,f,f,f,f,f,f,f,f,f,f,f,f,f,t,0.93,t,1.3,t,90,t,1.04,t,86,f,,other,-,850722048,otro
27,F,f,f,f,f,f,f,f,f,f,f,f,f,f,f,t,1.9,t,2.4,t,115,t,1.14,t,100,f,,SVI,-,850722049,otro
64,F,f,f,f,t,f,f,f,f,f,f,f,f,f,f,t,1,t,1.7,t,96,t,0.9,t,107,f,,SVI,-,850723007,otro
61,M,f,f,f,f,f,f,f,f,f,f,f,f,f,f,t,6.2,t,1.2,t,83,t,0.82,t,101,f,,SVI,G,850723008,hipotiroidismo
61,M,f,f,f,f,f,f,f,f,f,f,f,f,f,f,t,1.2,t,1.6,t,93,t,0.81,t,114,f,,other,-,850723011,otro
61,M,f,f,f,t,f,f,f,f,f,f,f,f,f,f,t,1.1,t,2.2,t,83,t,0.83,t,101,f,,SVHD,-,850723012,otro
53,M,f,f,f,f,f,f,f,f,t,f,f,f,f,f,t,3.8,t,2.5,t,105,t,1.04,t,101,f,,SVI,-,850723014,otro
85,F,f,f,f,f,f,f,f,f,f,f,f,f,f,f,t,1.3,t,0.9,t,111,t,1.04,t,107,f,,SVI,K,850723015,otro
54,M,f,f,f,f,f,f,f,f,f,f,f,f,f,f,t,2.3,t,1.7,t,105,f,,f,,f,,SVI,-,850723017,otro
40,F,f,f,f,f,f,f,f,f,f,f,f,f,f,f,t,2.6,t,2.4,t,105,t,1.18,t,88,f,,SVI,-,850723018,otro
36,F,t,f,f,f,t,f,f,f,f,f,f,f,f,f,t,0.025,t,2.9,t,194,t,1.63,t,119,f,,other,I,850723027,otro
63,M,t,f,f,f,f,f,f,t,f,f,f,f,f,f,t,8.099999,f,,t,82,t,0.69,t,119,f,,other,M,850723035,otro
77,F,f,f,f,f,f,f,f,t,f,f,f,f,f,f,t,1.9,f,,f,,f,,f,,f,,other,-,850723049,otro
77,,f,f,f,f,f,f,f,f,f,f,f,f,f,f,t,0.05,t,2.4,t,96,t,0.98,t,98,f,,other,-,850723060,otro
25,F,f,f,f,f,f,f,f,f,f,f,f,f,f,f,t,1.6,t,5.4,t,152,t,1.5,t,102,f,,STMW,I,850724006,otro
25,,f,f,f,f,f,f,f,t,f,f,f,f,f,f,t,36,t,4.5,t,162,t,1.15,t,142,f,,STMW,-,850724007,otro
25,M,f,f,f,f,f,f,f,f,f,f,f,f,f,f,t,2,t,2.3,t,92,t,0.8,t,114,f,,other,-,850724008,otro
39,M,f,f,f,f,f,f,f,f,f,f,f,f,f,t,t,2.6,t,3,t,125,t,1.13,t,111,f,,SVHC,-,850724009,otro
15,M,f,f,f,f,f,f,f,f,f,f,f,f,f,t,t,2.3,t,3.4,t,115,t,0.96,t,120,f,,other,-,850724010,otro
15,F,f,f,f,f,f,f,f,f,f,f,f,f,f,f,f,,t,1.5,t,135,f,,f,,f,,other,-,850724011,otro
63,,f,f,f,f,f,f,f,f,f,f,f,f,f,f,t,7.7,t,1.9,t,89,t,1.04,t,85,f,,SVI,G,850724041,hipotiroidismo
58,F,f,f,f,f,f,f,f,f,t,f,f,f,f,f,t,0.005,t,3.9,t,181,t,0.96,t,188,f,,SVI,A,850724042,hipertiroidismo
62,F,f,f,f,f,f,f,f,f,f,f,f,f,f,f,t,1.5,t,1.6,t,69,t,0.82,t,83,f,,SVI,-,850724044,otro
70,M,f,f,f,f,f,f,f,f,f,f,f,f,f,f,t,86,t,0.5,t,27,t,0.84,t,32,f,,SVI,F,850724046,hipotiroidismo
38,F,f,f,f,f,f,f,f,f,f,f,f,f,f,f,t,1.4,t,1.5,t,80,t,1.12,t,71,f,,SVI,-,850724047,otro
46,F,f,f,f,f,f,f,f,f,f,f,f,f,f,f,t,1.4,t,1.3,t,104,t,1.06,t,99,f,,SVI,-,850724048,otro
85,F,f,f,f,f,f,f,f,f,f,f,f,f,f,f,t,1,t,1.1,t,110,t,1.08,t,102,f,,SVI,K,850724049,otro
85,F,f,f,f,f,f,f,f,f,f,f,f,f,f,f,t,0.84,t,0.8,t,161,t,0.97,t,166,f,,SVI,R,850724050,otro
77,M,f,f,f,f,f,f,f,f,f,f,f,f,f,f,t,1.3,t,0.5,t,54,t,0.86,t,62,f,,SVI,K,850724051,otro
49,F,f,f,f,f,f,f,f,f,f,f,f,f,f,f,t,2.4,t,2.5,t,94,t,1.15,t,82,f,,SVI,-,850724052,otro
93,F,f,f,f,t,f,f,f,f,f,f,f,f,f,f,t,3,t,0.9,t,92,t,0.81,t,112,f,,SVI,K,850724053,otro
70,F,f,f,f,f,f,f,f,f,f,f,f,f,f,f,t,5.5,t,1.7,t,131,t,1.49,t,88,f,,SVI,-,850724054,otro
59,F,f,f,f,f,f,f,f,f,f,f,f,t,f,f,t,0.06,t,2.5,t,121,t,1.25,t,97,f,,other,-,850724056,otro
59,F,f,f,f,f,f,f,f,f,f,f,f,f,f,f,t,1.8,t,1.7,t,119,f,,f,,f,,SVI,-,850725003,otro
46,M,f,f,f,f,f,f,f,f,f,f,f,f,f,t,t,4.8,t,2.9,t,132,t,1.27,t,104,f,,SVHC,I,850725004,otro
65,M,f,f,f,f,f,f,f,f,f,f,f,f,f,f,t,1.3,t,2,t,105,t,1.28,t,83,f,,SVHC,-,850725005,otro
50,F,f,f,f,f,f,f,f,f,f,f,f,f,f,f,t,2,t,2.5,t,133,t,1.08,t,123,f,,SVHC,-,850725008,otro
50,F,f,f,f,f,f,f,f,f,f,f,f,f,f,f,t,2.8,t,2,t,116,t,1.26,t,92,f,,other,-,850725009,otro
19,M,f,f,f,f,f,f,f,f,f,f,f,f,f,t,t,2.7,t,2.7,t,121,t,1.17,t,104,f,,SVHC,-,850725010,otro
21,F,f,f,f,f,f,f,f,f,f,f,f,f,f,f,t,1.8,t,2.6,t,120,t,1.2,t,100,f,,STMW,-,850725012,otro
36,F,f,f,f,f,f,f,f,f,f,f,f,f,f,f,t,2.4,t,3.1,t,133,t,1.53,t,87,f,,STMW,I,850725013,otro
36,F,f,f,f,f,f,f,f,f,f,f,f,f,f,f,t,1.3,t,1.6,t,112,t,1.13,t,100,f,,other,-,850725014,otro
50,M,f,f,f,f,f,f,f,f,f,f,f,f,f,f,t,3,t,2.2,t,91,t,1.11,t,82,f,,other,-,850725015,otro
32,F,f,f,f,f,f,f,f,f,f,f,f,f,f,t,t,1.2,t,1.6,t,68,t,1.02,t,66,f,,SVHC,-,850725016,otro
32,F,f,f,f,f,f,f,f,f,f,f,f,f,f,f,t,2,t,1.7,t,92,t,1.01,t,91,f,,STMW,-,850725018,otro
23,F,f,f,f,f,f,f,f,f,f,f,f,f,f,f,t,7.2,t,3.5,t,126,t,1.38,t,92,f,,other,GI,850725020,hipotiroidismo
40,F,f,f,f,f,f,f,f,f,f,f,f,f,f,f,t,2.4,t,2.1,t,112,t,1.25,t,90,f,,SVI,-,850725038,otro
40,F,f,f,f,f,f,f,f,f,f,f,f,f,f,f,t,1,t,1.1,t,111,t,1.02,t,109,f,,other,-,850725039,otro
55,F,f,f,f,f,f,f,f,t,f,f,f,f,f,f,t,1.7,t,1.9,t,132,t,1.15,t,114,f,,SVI,-,850725040,otro
61,M,f,f,f,f,f,f,f,f,f,f,f,f,f,f,t,0.02,t,2.1,t,128,t,0.94,t,136,f,,other,-,850725041,otro
52,M,f,f,f,f,f,f,f,f,f,f,f,f,f,f,t,1,t,1.8,t,102,t,0.97,t,106,f,,SVHC,-,850725042,otro
44,M,f,f,f,f,f,f,f,f,f,f,f,f,f,f,t,3,t,2,t,115,t,1.1,t,104,f,,SVHC,-,850725044,otro
53,M,f,f,f,f,f,f,f,t,f,f,f,f,f,f,t,0.7,f,,t,46,t,0.87,t,52,f,,other,K,850725045,otro
79,F,f,f,f,f,f,f,f,f,f,f,f,f,f,f,t,3.5,t,1.6,t,91,t,0.99,t,91,f,,other,-,850725050,otro
54,F,t,f,f,f,f,f,f,f,f,f,f,f,f,f,t,4,t,2,t,110,t,0.99,t,111,f,,other,-,850725052,otro
37,F,f,f,f,f,f,f,f,f,f,f,f,f,f,f,t,1.7,t,2.5,t,139,t,1.12,t,124,f,,other,-,850725053,otro
40,F,f,f,f,f,f,f,f,f,f,f,f,f,f,f,f,,f,,t,134,t,1.2,t,112,f,,other,-,850725056,otro
35,F,f,f,f,f,f,f,f,f,f,f,f,f,f,f,t,1.5,t,2.4,t,111,t,1.52,t,73,f,,STMW,-,850725057,otro
64,F,f,f,f,f,f,f,t,f,f,f,f,f,f,f,t,1.3,t,2.6,t,118,t,1.11,t,106,f,,other,-,850725069,otro
53,F,f,f,f,f,f,f,f,f,f,f,f,t,f,f,t,0.85,t,2,t,103,t,0.93,t,111,f,,other,-,850725071,otro
84,F,f,f,f,f,f,f,f,f,f,f,f,f,f,f,t,3,t,1.4,t,103,t,1.1,t,94,f,,other,-,850725072,otro
49,F,f,f,f,f,f,f,f,f,f,f,f,t,f,f,t,0.6,f,,t,87,t,1,t,88,f,,other,-,850725073,otro
68,M,f,f,f,f,f,f,f,f,f,f,f,f,f,f,t,3,t,2.6,t,117,t,1.24,t,94,f,,SVI,-,850725076,otro
62,M,f,f,f,f,f,f,f,f,f,f,f,f,f,f,t,0.37,t,1.2,t,91,t,0.95,t,96,f,,other,-,850726004,otro
26,F,f,f,f,f,f,f,f,f,f,f,f,f,f,f,t,1.4,t,2.1,t,112,f,,f,,f,,other,-,850726005,otro
67,M,f,f,f,f,f,f,f,t,f,f,f,f,f,f,t,0.81,f,,t,84,t,0.83,t,101,f,,other,-,850726006,otro
74,F,f,f,f,f,f,f,f,f,f,f,f,t,f,f,t,0.025,t,2.2,t,108,t,0.85,t,126,f,,other,-,850726007,otro
39,M,f,f,f,f,f,f,f,f,f,f,f,f,f,f,t,3,t,2.7,t,91,t,0.92,t,98,f,,SVHC,-,850726008,otro
42,F,f,f,f,f,f,f,f,f,f,f,f,f,f,f,t,0.04,t,3.5,t,158,t,1.59,t,100,f,,STMW,I,850726011,otro
59,F,f,f,f,f,f,f,f,f,t,f,f,f,f,f,f,,t,2.3,t,98,t,1.08,t,91,f,,other,-,850726016,otro
59,F,t,f,f,f,f,f,f,f,f,f,f,f,f,f,t,0.025,t,5.7,t,372,t,1.27,t,291,f,,SVHD,N,850726024,otro
72,F,f,f,f,f,f,f,f,t,f,f,f,f,f,f,t,2.3,t,0.8,t,90,t,0.8,t,112,f,,SVI,K,850726038,otro
72,F,t,f,f,f,f,f,f,t,f,f,f,f,f,f,t,13,t,1.3,t,106,t,1.31,t,82,f,,SVI,M,850726047,otro
38,F,f,f,f,f,f,f,f,f,f,f,f,f,f,f,t,0.89,t,1.3,t,118,t,0.87,t,136,f,,SVI,-,850726048,otro
64,F,f,f,f,f,f,f,f,t,f,f,f,f,f,f,t,0.68,t,1.4,t,92,t,0.81,t,114,f,,SVI,-,850726049,otro
54,M,f,f,f,f,f,f,f,f,f,f,f,f,f,f,t,1.3,t,1.1,t,130,t,1.03,t,127,f,,SVI,K,850726050,otro
54,F,f,f,f,f,f,f,f,f,f,f,f,f,f,f,t,2.5,t,0.4,t,56,t,0.68,t,83,f,,SVI,K,850726051,otro
69,F,f,f,f,f,f,f,f,f,f,f,f,f,f,f,t,2.2,t,1.8,t,92,f,,f,,f,,other,-,850726052,otro
40,M,f,f,f,f,f,f,f,f,f,f,f,f,f,f,t,1.3,t,2.3,t,87,t,0.96,t,90,f,,SVI,-,850726054,otro
70,F,f,f,f,f,f,t,f,f,f,f,f,f,f,f,t,0.025,t,1.7,t,141,t,0.88,t,160,f,,SVI,L,850726055,otro
73,F,f,f,f,f,f,f,f,f,f,f,f,f,f,f,t,4.4,t,1.2,t,95,t,1.11,t,85,f,,SVI,-,850726057,otro
35,M,f,f,f,f,f,f,f,f,f,f,f,f,f,f,t,2,t,2.6,t,102,t,1.13,t,91,f,,SVI,-,850726064,otro
48,F,f,f,f,t,f,f,f,f,f,f,f,f,f,f,t,1.6,t,1,t,71,t,0.81,t,88,f,,SVHD,K,850726079,otro
48,M,f,f,f,f,f,f,f,f,f,f,f,f,f,f,t,0.64,t,2.3,t,107,t,1.06,t,101,f,,other,-,850726090,otro
34,F,f,f,t,f,t,f,f,f,f,f,f,f,f,f,t,0.02,t,3.7,t,182,t,1.75,t,104,f,,STMW,I,850729003,otro
35,F,t,f,f,f,f,f,f,f,f,f,f,f,f,f,t,0.35,t,2.5,t,99,t,1.04,t,96,f,,STMW,-,850729004,otro
72,M,f,f,f,f,f,f,f,f,f,f,f,f,f,f,t,0.67,t,1.8,t,99,t,0.98,t,101,f,,SVI,-,850729006,otro
90,M,f,f,f,f,f,f,f,f,f,f,f,f,f,f,t,5.7,t,1.6,t,89,t,0.91,t,98,f,,other,-,850729008,otro
76,F,f,f,f,f,f,f,f,f,f,f,f,f,f,f,t,0.68,t,2,t,107,t,0.97,t,110,f,,other,-,850729009,otro
85,F,f,f,f,f,f,f,f,f,f,f,f,f,f,f,t,6,t,2,t,103,f,,f,,f,,other,-,850729010,otro
38,F,f,f,f,f,f,f,f,f,f,f,f,f,f,t,t,1.3,t,2.4,t,138,t,1.16,t,118,f,,SVHC,-,850729011,otro
24,F,f,f,f,f,f,f,f,f,f,f,f,f,f,f,f,,f,,t,103,t,1.09,t,95,f,,other,-,850729022,otro
50,M,t,f,f,f,f,f,f,t,f,f,f,f,f,f,t,15,t,2,t,71,t,1.08,t,66,f,,other,M,850729040,otro
34,F,f,f,f,f,f,f,f,f,f,f,f,f,f,f,t,0.73,t,1.8,t,97,t,0.97,t,101,f,,SVI,-,850729046,otro
59,M,f,f,f,f,f,f,f,f,f,f,f,f,f,t,t,1.3,t,1.6,t,82,t,0.88,t,93,f,,SVHC,-,850729047,otro
44,M,f,f,f,f,f,f,f,f,f,f,f,f,f,f,t,199,t,0.6,t,10,t,1.03,t,10,f,,SVI,F,850729050,hipotiroidismo
21,M,f,f,f,f,f,f,f,f,f,f,f,f,f,t,t,1.6,t,1.7,t,79,t,0.77,t,102,f,,SVHC,-,850729051,otro
26,F,f,f,f,f,f,f,f,f,f,f,f,f,f,f,f,,f,,t,115,t,1.08,t,107,f,,other,-,850729052,otro
1,,f,f,f,f,f,f,f,f,f,f,f,f,f,f,t,8.799999,t,1.9,t,113,t,0.86,t,131,f,,STMW,G,850730006,hipotiroidismo
1,M,f,f,f,f,f,f,f,f,f,f,f,f,f,f,t,1.5,t,1.4,t,82,t,0.74,t,111,f,,other,-,850730008,otro
1,M,f,f,f,f,f,f,f,t,f,f,f,f,f,f,t,6.6,t,1.7,t,68,f,,f,,f,,other,G,850730009,hipotiroidismo
51,M,t,f,f,f,f,f,f,f,f,f,f,f,f,f,t,1.4,t,2.6,t,118,t,0.91,t,130,f,,SVHC,-,850730032,otro
51,M,f,f,f,f,f,f,f,f,f,f,f,f,f,f,t,0.58,t,1.6,t,115,f,,f,,f,,other,-,850730034,otro
74,M,f,f,f,f,f,f,f,f,f,f,f,f,f,f,t,0.61,t,0.9,t,115,t,0.75,t,153,f,,SVI,K,850730035,otro
74,M,f,f,f,f,f,f,f,t,f,f,f,f,f,f,t,3.4,t,1,t,102,t,0.9,t,114,f,,SVI,K,850730036,otro
61,F,t,f,f,f,f,f,f,t,f,f,f,f,f,f,t,17,t,2.2,t,131,t,1.22,t,108,f,,SVI,M,850730037,otro
37,M,f,f,f,f,f,f,f,f,f,f,f,f,f,f,t,2.6,t,2.2,t,80,t,1.07,t,75,f,,other,-,850730039,otro
62,M,f,f,f,f,f,f,f,f,f,f,f,f,f,t,t,11,t,1,t,101,t,0.79,t,128,f,,SVI,GK,850730041,hipotiroidismo
73,F,f,f,f,f,f,f,f,f,f,f,f,f,f,f,t,1.4,t,1.6,t,119,t,0.92,t,130,f,,SVI,-,850730042,otro
73,F,f,f,f,f,f,f,f,f,f,f,f,f,f,f,t,0.025,t,2.3,t,122,t,0.86,t,142,f,,other,-,850730043,otro
38,F,t,f,f,f,f,t,f,f,f,f,f,f,f,f,t,0.035,t,1.8,t,130,t,0.87,t,150,f,,other,-,850730055,otro
59,M,f,f,f,f,f,f,f,f,f,f,f,f,f,f,t,0.78,t,2,t,70,t,0.76,t,92,f,,other,-,850730070,otro
60,F,f,f,f,f,f,f,f,f,t,f,f,f,f,f,t,99,t,0.8,t,12,t,1.27,t,10,f,,other,F,850730071,hipotiroidismo
61,F,f,f,f,t,f,f,f,t,f,f,f,f,f,f,t,2,f,,t,85,t,1,t,85,f,,other,-,850731003,otro
37,F,f,f,f,f,f,f,f,f,f,f,f,f,f,f,t,22,t,1.4,t,71,t,0.97,t,73,f,,other,G,850731004,hipotiroidismo
39,F,f,f,f,f,f,f,f,f,f,f,f,f,f,t,t,0.79,t,1.9,t,107,t,0.99,t,108,f,,other,-,850731005,otro
39,F,f,f,f,f,f,f,f,f,f,f,f,f,f,f,t,2.1,t,2,t,89,t,1.14,t,79,f,,other,-,850731010,otro
71,F,f,f,f,f,f,f,f,f,f,f,f,f,f,f,t,0.98,t,1.8,t,100,f,,f,,f,,SVI,-,850731016,otro
75,M,f,f,f,f,f,f,f,f,t,f,f,f,f,f,f,,f,,t,147,t,0.8,t,183,f,,other,-,850731024,otro
78,F,f,f,f,f,f,f,f,f,f,f,f,f,f,f,t,1.3,t,0.9,t,65,t,0.88,t,74,f,,other,K,850731035,otro
60,F,f,f,f,f,f,f,f,f,f,f,f,f,f,f,t,0.035,t,0.3,t,87,t,0.69,t,126,f,,SVI,K,850731036,otro
38,F,f,f,f,f,f,f,f,f,f,f,f,f,f,f,t,1.7,t,2.7,t,130,f,,f,,f,,SVI,-,850731037,otro
74,F,f,f,f,f,f,f,f,t,f,f,f,f,f,f,t,23,t,0.7,t,69,t,1.04,t,66,f,,SVI,GK,850731038,hipotiroidismo
64,M,f,f,f,f,f,f,f,f,f,f,f,f,f,f,t,3.5,t,1.8,t,72,t,0.86,t,84,f,,SVI,-,850731055,otro
60,F,f,f,f,f,f,f,f,f,f,f,f,f,f,f,t,18,t,1.5,t,66,t,1,t,66,f,,SVI,G,850731057,hipotiroidismo
70,F,f,f,f,f,f,f,f,f,f,f,f,f,f,f,t,2,t,1.3,t,106,t,0.84,t,125,f,,SVI,-,850731058,otro
20,F,f,f,f,f,f,f,f,f,f,f,f,f,f,f,f,,f,,t,123,t,1.04,t,118,f,,other,-,850731065,otro
20,F,f,f,f,f,f,f,f,f,f,f,f,f,f,f,t,0.1,t,1.9,t,94,t,0.91,t,102,f,,other,-,850731068,otro
27,F,f,t,f,f,t,f,f,f,f,f,f,f,f,f,t,2.2,t,4.1,t,157,t,2.01,t,78,f,,other,I,850801018,otro
74,F,f,f,f,f,f,f,t,f,f,f,f,f,f,f,t,1.1,t,2.4,t,95,t,1.09,t,86,f,,other,-,850801019,otro
65,F,f,f,f,t,f,f,f,f,t,f,f,f,f,f,t,0.025,t,3.9,t,133,t,1.23,t,108,f,,other,B,850801020,hipertiroidismo
60,F,f,f,f,f,f,f,f,f,f,f,f,f,f,f,t,0.77,t,3.2,t,175,t,1.47,t,119,f,,other,I,850801021,otro
60,M,f,f,f,f,f,f,f,f,f,f,f,f,f,f,t,0.9,t,1.5,t,86,t,0.65,t,132,f,,SVHC,-,850801022,otro
80,F,t,f,f,f,f,f,f,f,f,f,f,f,f,f,t,2.5,t,1.8,t,112,t,0.99,t,113,f,,other,-,850801027,otro
75,F,f,f,f,f,f,f,f,f,f,f,f,f,f,f,f,,f,,f,,f,,f,,t,14,other,-,850801037,otro
62,F,t,t,f,f,f,f,f,f,f,f,f,f,f,f,t,0.025,t,2.2,t,183,t,1.03,t,178,f,,other,N,850801038,otro
35,F,f,f,f,f,f,f,f,f,f,f,t,f,f,f,f,,f,,t,89,t,1.1,t,81,f,,other,-,850801039,otro
24,M,f,f,f,f,f,f,f,f,f,f,f,f,f,f,t,2.5,t,1.8,t,92,t,1.02,t,90,f,,other,-,850801041,otro
60,F,t,t,f,f,f,f,f,f,f,f,f,f,f,f,f,,t,1.7,t,75,t,1.03,t,72,f,,other,-,850801043,otro
60,F,f,f,f,f,f,f,f,f,t,f,f,f,f,f,t,0.025,t,3.9,t,123,t,0.98,t,126,f,,other,B,850801046,hipertiroidismo
66,F,t,f,f,f,f,f,f,f,f,f,f,f,f,f,t,1.5,t,1.5,t,129,t,1.02,t,127,f,,other,-,850801047,otro
58,M,t,f,f,f,f,f,f,f,f,f,f,f,f,f,t,1.2,t,1.7,t,123,t,0.96,t,129,f,,other,-,850801048,otro
56,M,f,f,f,f,f,f,f,f,f,f,f,f,f,f,t,0.93,t,2.1,t,92,t,0.85,t,109,f,,other,-,850801049,otro
56,F,f,f,f,f,f,f,t,f,f,f,f,f,f,f,t,2.7,t,1.5,t,103,t,0.95,t,109,f,,other,-,850801050,otro
56,F,f,f,f,f,f,f,f,f,f,f,f,f,f,f,t,7.9,t,1.2,t,73,t,0.8,t,91,f,,SVI,G,850801051,hipotiroidismo
44,F,f,f,f,f,f,f,f,f,f,f,f,f,f,f,t,1.7,t,1.3,t,93,t,0.87,t,107,f,,SVI,-,850801052,otro
25,F,f,f,f,f,f,f,f,f,f,f,f,f,f,f,t,1.5,t,2.1,t,133,f,,f,,f,,other,-,850801054,otro
59,M,f,f,f,f,f,f,f,f,f,f,f,f,f,f,t,1.5,t,1.7,t,97,t,0.76,t,129,f,,SVI,-,850801055,otro
60,M,f,f,f,f,f,f,f,f,f,f,f,f,f,f,t,4.4,t,1,t,84,t,0.69,t,121,f,,SVI,K,850801056,otro
74,F,t,f,f,f,f,f,f,t,f,f,f,f,f,f,t,6.3,t,1.2,t,80,t,0.92,t,87,f,,other,M,850801058,otro
14,M,f,f,f,f,f,f,f,f,f,f,f,f,f,f,t,5.1,t,2.8,t,93,t,0.86,t,109,f,,other,-,850801064,otro
48,F,f,f,f,f,f,f,f,f,f,f,f,f,f,f,t,7.1,t,1.4,t,88,t,0.93,t,95,f,,other,G,850801068,hipotiroidismo
64,F,f,f,f,f,f,f,f,f,f,f,f,f,f,f,t,0.02,f,,t,125,t,1.13,t,110,f,,other,-,850801069,otro
55,F,f,f,f,f,f,f,f,f,f,f,f,f,f,f,t,11,t,1.5,t,144,t,1.24,t,116,f,,other,G,850801070,hipotiroidismo
44,M,f,f,f,f,f,f,f,f,f,f,f,f,f,f,t,16,f,,t,87,t,0.91,t,95,f,,other,G,850801072,hipotiroidismo
25,F,f,f,f,f,f,f,f,f,f,f,t,f,f,f,t,2,t,2.2,t,123,t,1.52,t,81,f,,other,-,850801073,otro
25,F,f,f,f,f,f,f,f,t,f,f,f,f,f,f,t,3,t,2.1,t,93,t,1.01,t,92,f,,other,-,850801076,otro
54,F,t,f,f,f,f,t,f,f,f,f,f,f,f,f,t,0.08,t,2.1,t,133,t,1.14,t,116,f,,other,-,850801078,otro
25,F,f,f,f,f,f,f,f,f,f,f,f,t,f,f,t,0.53,t,1.8,t,107,t,0.93,t,115,f,,other,-,850801080,otro
71,F,t,f,f,f,f,f,f,f,t,f,f,f,f,f,t,0.5,f,,t,126,t,1.02,t,124,f,,other,-,850801081,otro
65,F,f,f,f,f,f,f,f,f,t,f,f,f,f,f,t,0.02,t,3.1,t,114,t,0.91,t,126,f,,other,B,850802003,hipertiroidismo
34,F,f,f,f,f,t,f,f,f,t,f,f,f,f,f,t,0.02,t,3.7,t,196,t,1.65,t,119,f,,STMW,I,850802007,otro
21,F,f,f,f,f,f,f,f,f,f,f,f,f,f,t,t,1.4,t,1.6,t,95,t,0.93,t,102,f,,SVHC,-,850802008,otro
48,F,f,f,f,f,f,f,f,f,f,f,f,f,f,f,t,0.42,t,2.4,t,134,t,1.14,t,117,f,,other,-,850802009,otro
82,F,f,f,f,f,f,f,f,f,f,f,f,f,f,f,t,1.9,t,2.9,t,116,t,1.2,t,97,f,,SVHC,-,850802011,otro
43,M,f,f,f,f,f,f,f,f,f,f,f,f,f,f,t,0.68,t,2,t,54,t,0.93,t,58,f,,other,R,850802013,otro
57,F,f,f,f,f,f,f,f,f,t,f,f,f,f,f,f,,f,,f,,f,,f,,t,13,other,-,850802044,otro
59,M,f,f,f,f,f,f,f,f,f,f,f,f,f,f,t,0.9,t,2,t,97,t,0.71,t,135,f,,SVI,-,850802052,otro
79,F,f,f,f,f,f,f,f,f,f,f,f,f,f,f,t,0.84,t,0.8,t,94,t,0.86,t,109,f,,other,K,850802054,otro
77,F,f,f,f,f,f,f,f,f,f,f,f,f,f,f,t,2.1,t,0.8,t,99,t,0.88,t,113,f,,SVI,K,850802055,otro
84,F,f,f,f,f,f,f,f,f,f,f,f,f,f,f,t,34,t,0.7,t,52,t,1.11,t,47,f,,SVI,F,850802056,hipotiroidismo
60,F,f,f,f,f,f,f,f,f,f,f,f,f,f,f,t,27,t,1.8,t,65,t,0.99,t,66,f,,SVI,G,850802069,hipotiroidismo
16,M,f,f,f,f,f,f,f,f,f,f,f,f,f,f,t,0.81,t,2.1,t,70,t,0.83,t,84,f,,other,-,850802074,otro
47,F,f,f,f,f,f,f,f,f,f,f,f,f,f,f,f,,t,2,t,85,t,1.06,t,80,f,,other,-,850806006,otro
47,F,f,f,f,f,f,f,f,f,f,f,f,f,f,f,t,0.61,t,1.4,t,107,t,0.86,t,124,f,,other,-,850806011,otro
66,F,f,f,f,f,f,f,f,f,f,f,f,f,f,f,t,0.83,t,2.3,t,113,t,0.84,t,134,f,,other,-,850806013,otro
27,M,f,f,f,f,f,f,f,f,f,f,f,f,f,f,t,1.4,t,1.9,t,89,t,0.85,t,105,f,,SVHC,-,850806014,otro
55,M,f,f,f,f,f,f,f,f,f,f,f,f,f,f,t,0.6,t,1.5,t,113,t,0.97,t,117,f,,other,-,850806016,otro
88,F,f,f,f,f,f,f,f,f,f,f,f,f,f,f,t,1.2,t,2,t,123,t,1.16,t,107,f,,other,-,850806017,otro
66,F,f,f,f,f,f,f,f,f,f,f,f,f,f,f,t,1.2,t,2.2,t,122,t,1.15,t,106,f,,SVI,-,850806018,otro
38,M,f,f,f,f,f,f,f,f,f,f,f,f,f,f,t,2,t,2.6,t,76,t,0.85,t,89,f,,other,-,850806035,otro
34,M,f,f,f,f,f,f,f,f,f,f,f,f,f,f,t,1.7,t,2.4,t,94,t,1.17,t,81,f,,other,-,850806049,otro
56,M,f,f,f,f,f,f,f,f,f,f,f,f,f,f,t,0.87,t,2,t,95,t,0.91,t,105,f,,other,-,850806050,otro
51,F,f,f,f,f,f,f,f,f,f,f,f,f,f,f,t,1.8,t,1.9,t,97,t,1,t,97,f,,SVHC,-,850806051,otro
76,F,f,f,f,f,f,f,f,f,f,f,f,f,f,f,t,3.1,t,2,t,118,t,1.16,t,102,f,,other,-,850806052,otro
19,F,f,f,f,f,f,f,f,f,f,f,f,f,f,f,t,2.8,t,1.4,t,96,t,0.88,t,109,f,,other,-,850806059,otro
72,F,f,f,f,t,f,f,f,f,t,f,f,f,f,f,f,,f,,f,,f,,f,,t,27,other,-,850806062,otro
28,F,f,f,f,f,f,f,f,f,f,f,f,f,f,f,t,2.2,t,1.8,t,90,t,0.84,t,108,f,,other,-,850806088,otro
71,F,f,f,f,f,f,f,f,f,f,f,f,f,f,f,t,6.7,t,1.9,t,91,t,1.03,t,89,f,,SVI,G,850806092,hipotiroidismo
53,M,f,f,f,f,f,f,f,f,f,f,f,f,f,f,t,4.3,t,1.5,t,94,t,0.88,t,107,f,,SVI,-,850806093,otro
67,M,f,f,f,f,f,f,f,f,f,f,f,f,f,f,t,1.9,t,1,t,65,t,0.63,t,105,f,,SVI,K,850806094,otro
45,F,f,f,f,f,f,f,f,f,f,f,f,f,f,f,t,3,t,2.1,t,121,t,1.02,t,118,f,,SVI,-,850806095,otro
80,F,f,f,f,f,f,f,f,f,f,f,f,f,f,f,t,1.7,t,0.8,t,101,t,0.81,t,125,f,,SVI,K,850806096,otro
18,F,f,f,f,f,f,f,f,f,f,f,f,f,f,t,t,12,t,2.2,t,94,t,0.96,t,98,f,,other,G,850806097,hipotiroidismo
76,F,f,f,f,f,f,f,f,f,f,f,f,f,f,f,t,0.61,t,1.5,t,112,t,0.98,t,114,f,,SVI,-,850806098,otro
77,F,f,f,f,f,f,f,f,f,f,f,f,f,f,f,t,1,t,2.1,t,113,t,1.09,t,115,f,,SVI,-,850806100,otro
80,F,f,f,f,f,f,f,f,f,f,f,f,f,f,f,t,2.2,t,0.6,t,80,t,0.7,t,115,f,,SVI,K,850806101,otro
44,F,f,f,f,f,f,f,f,f,f,f,f,f,f,f,t,4.2,t,2.2,t,113,t,1.09,t,103,f,,SVHC,-,850806102,otro
55,F,f,f,f,f,f,f,f,f,t,f,f,f,f,f,t,2,t,1.7,t,115,t,1.06,t,105,f,,SVI,-,850806103,otro
64,F,t,f,f,f,f,f,f,f,f,f,f,f,f,f,t,1.2,f,,t,89,t,0.95,t,94,f,,other,-,850806104,otro
40,F,f,f,f,f,f,f,f,f,f,f,f,f,f,f,t,0.73,t,2,t,121,t,1.02,t,118,f,,other,-,850807004,otro
44,F,f,f,f,f,f,f,f,t,t,f,f,f,f,f,t,4.4,t,1.9,t,82,t,0.9,t,90,f,,other,-,850807005,otro
68,F,f,f,f,f,f,f,f,f,t,f,f,f,f,f,t,20,t,2.5,t,111,t,1.57,t,71,f,,other,G,850807008,hipotiroidismo
67,F,f,f,f,f,f,f,f,f,t,f,f,t,f,f,t,0.07,t,1.7,t,132,t,1.02,t,130,f,,other,-,850807010,otro
72,M,f,f,f,f,f,f,t,f,f,f,f,f,f,f,t,5.7,t,1.4,t,92,t,0.99,t,93,f,,other,-,850807014,otro
72,M,f,f,f,f,f,f,f,f,f,f,f,f,f,f,t,5.4,t,1,t,75,t,0.82,t,92,f,,SVI,K,850807043,otro
39,F,f,f,f,f,f,f,f,f,t,f,f,f,f,f,t,0.02,t,4,t,209,t,1.06,t,197,f,,other,A,850807051,hipertiroidismo
83,F,f,f,f,f,f,f,f,f,f,f,f,f,f,f,t,0.6,t,1.2,t,95,t,0.83,t,114,f,,SVI,-,850807058,otro
49,M,f,f,f,f,f,f,f,f,f,f,f,f,f,f,t,2.5,t,1.5,t,101,t,1.11,t,92,f,,SVHC,-,850807059,otro
49,F,f,f,f,f,f,f,f,t,f,f,f,f,f,f,t,8.299999,t,0.9,t,103,t,1.11,t,93,f,,SVI,GK,850807060,hipotiroidismo
40,F,f,f,f,f,f,f,f,f,f,f,f,f,f,f,t,0.7,t,1.8,t,96,t,0.94,t,101,f,,other,-,850807061,otro
68,F,f,f,f,f,f,f,f,f,f,f,f,f,f,f,t,16,t,1.4,t,68,t,1.01,t,67,f,,SVI,G,850807062,hipotiroidismo
70,F,f,f,f,t,f,f,f,f,f,f,f,f,f,f,t,1.1,t,1.7,t,95,t,0.68,t,140,f,,SVI,-,850807063,otro
66,F,f,f,f,f,f,f,f,t,f,f,f,f,f,f,t,2.1,t,2,t,128,t,1.04,t,123,f,,SVI,-,850807064,otro
59,F,f,f,f,t,f,f,f,f,f,f,f,f,f,f,t,4.3,t,1.1,t,70,t,1,t,70,f,,SVI,K,850807065,otro
53,F,t,f,f,f,f,f,f,f,f,f,f,f,f,f,t,0.02,t,2,t,131,t,0.93,t,142,f,,other,-,850807077,otro
55,F,f,f,f,f,f,f,f,f,t,f,f,f,f,f,t,1.9,t,1.8,t,97,t,0.91,t,106,f,,other,-,850807079,otro
57,M,f,f,f,f,f,f,f,f,f,f,f,f,f,f,f,,f,,f,,f,,f,,t,23,other,-,850807095,otro
63,F,f,f,f,f,f,f,f,f,f,f,f,f,f,f,t,4.4,t,2.3,t,118,t,1.17,t,101,f,,other,-,850808003,otro
76,F,f,f,f,f,f,f,f,f,f,f,f,f,f,f,t,0.93,t,2.1,t,142,t,1.09,t,129,f,,other,-,850808004,otro
76,F,f,f,f,f,f,f,f,f,f,f,f,f,f,f,t,1.1,t,2,t,92,t,0.95,t,97,f,,other,-,850808005,otro
76,F,f,f,f,f,f,f,f,f,f,f,f,f,f,f,t,27,t,2.3,t,135,t,1.54,t,88,f,,other,G,850808006,hipotiroidismo
50,F,f,f,f,f,f,f,f,f,f,f,f,f,f,f,t,58,t,2.4,t,25,t,1.21,t,20,f,,SVI,F,850808009,hipotiroidismo
15,F,t,f,f,f,f,f,f,f,f,f,f,f,f,f,t,145,t,1.7,t,19,t,1.13,t,17,f,,other,F,850808027,hipotiroidismo
27,F,f,f,f,f,f,f,f,f,f,f,f,f,f,f,t,0.02,t,2.9,t,118,t,1.52,t,78,f,,other,I,850808028,otro
41,F,t,f,f,f,f,f,f,f,f,f,f,f,f,f,t,8.4,t,1.5,t,123,t,0.96,t,129,f,,other,M,850808032,otro
43,F,f,f,f,f,f,f,f,f,f,f,f,f,f,f,t,2.2,t,2.2,t,93,t,1.17,t,80,f,,other,-,850808034,otro
25,F,t,f,f,f,f,f,f,f,f,f,f,f,f,f,t,0.09,t,2.2,t,181,t,1.23,t,147,f,,other,-,850808043,otro
25,F,f,f,f,f,f,f,f,f,f,f,f,f,f,f,t,11,t,0.7,t,122,t,1.13,t,108,f,,SVI,GK,850808054,hipotiroidismo
25,M,f,f,f,f,f,f,f,f,f,f,f,f,f,t,t,3,t,2.7,t,110,t,0.87,t,126,f,,SVHC,-,850808055,otro
37,F,f,f,f,f,f,f,f,f,f,f,f,f,f,f,t,1.7,t,1.9,t,95,t,1.05,t,90,f,,SVI,-,850808056,otro
79,F,f,f,f,t,f,f,f,f,f,f,f,f,f,f,t,1.3,t,0.9,t,102,t,0.95,t,107,f,,SVI,K,850808057,otro
67,M,f,f,f,f,f,f,f,f,f,f,f,f,f,f,t,3.2,t,1.9,t,91,t,0.79,t,115,f,,SVI,-,850808058,otro
24,M,f,f,f,f,f,f,f,f,f,f,f,f,f,f,t,2.3,t,2,t,121,t,0.81,t,149,f,,SVI,-,850808059,otro
66,M,f,f,f,f,f,f,f,f,f,f,f,f,f,f,t,2,t,2.1,t,108,t,0.96,t,112,f,,SVI,-,850808060,otro
77,F,f,f,f,f,f,f,f,f,f,f,f,f,f,f,t,0.02,t,2.7,t,155,t,0.98,t,159,f,,other,A,850808066,hipertiroidismo
58,F,t,f,f,f,f,f,f,f,f,f,f,f,f,f,t,5.6,t,2.1,t,94,t,1.01,t,93,f,,other,-,850808072,otro
38,F,f,f,f,f,f,f,f,f,f,f,f,f,f,f,t,0.75,t,1.8,t,114,t,1.01,t,113,f,,other,-,850808079,otro
43,F,f,f,f,f,f,f,f,f,f,f,f,f,f,f,f,,f,,t,86,t,1.04,t,83,f,,other,-,850808081,otro
43,F,f,f,f,f,f,f,f,f,f,f,f,f,f,f,t,0.89,t,2,t,94,f,,f,,f,,other,-,850808085,otro
71,F,f,f,f,f,f,f,f,f,f,f,t,f,f,f,t,0.02,f,,t,127,t,1.06,t,119,f,,other,-,850808088,otro
40,M,f,f,f,f,f,f,f,f,f,f,f,f,f,f,t,0.26,f,,t,120,t,1.06,t,114,f,,other,-,850808089,otro
56,M,f,f,f,f,f,f,f,f,f,f,f,f,f,f,t,0.02,t,2,t,139,t,0.82,t,170,f,,other,R,850808090,otro
58,M,t,f,f,f,f,f,f,f,f,f,f,f,f,f,t,0.22,t,2.6,t,156,t,1.11,t,140,f,,other,-,850808091,otro
35,F,t,f,f,f,f,f,f,f,f,f,f,f,f,f,t,0.05,f,,t,129,t,1.01,t,128,f,,other,-,850808092,otro
67,F,f,f,f,f,f,f,f,f,f,f,f,f,f,f,t,2.7,t,1.6,t,127,t,1,t,126,f,,SVHC,-,850808095,otro
33,,f,f,f,f,f,f,f,f,f,f,f,f,f,f,t,1.8,t,1.8,t,92,t,0.84,t,110,f,,other,-,850809006,otro
42,M,f,f,f,f,f,f,f,f,f,f,f,f,f,t,t,3.1,t,2.1,t,134,t,1,t,135,f,,SVHC,-,850809007,otro
32,M,f,f,f,f,f,f,f,f,f,f,f,f,f,t,t,1.5,t,1.8,t,93,t,0.93,t,100,f,,SVHC,-,850809008,otro
24,F,t,f,f,f,f,f,f,f,f,f,f,f,f,f,t,66,t,1,t,112,t,1.01,t,110,f,,other,MK,850809009,otro
42,F,f,f,f,f,f,f,f,f,f,f,f,f,f,f,t,3,t,0.8,t,83,t,0.99,t,84,f,,other,-,850809011,otro
56,M,f,f,f,f,f,f,f,f,f,f,f,f,f,f,f,,f,,t,93,t,0.95,t,98,f,,other,-,850809014,otro
28,F,f,t,f,f,f,f,f,f,f,f,f,f,f,f,t,9.4,t,2.6,t,89,t,1.02,t,87,f,,other,G,850809017,hipotiroidismo
5,F,t,f,f,f,f,f,f,f,f,f,f,f,f,f,t,17,t,2,t,74,t,0.95,t,78,f,,other,M,850809022,otro
18,F,f,f,f,f,f,f,f,f,f,f,f,f,f,f,t,41,f,,t,118,t,1.13,t,105,f,,other,G,850809059,hipotiroidismo
75,F,f,f,f,f,f,f,f,f,f,f,f,f,f,f,t,5.1,t,2.2,t,82,t,0.78,t,105,f,,SVI,-,850809060,otro
68,F,f,f,f,f,f,f,f,f,f,f,f,f,f,f,t,1.3,t,2.4,t,82,t,0.91,t,90,f,,SVI,-,850809061,otro
68,M,f,f,f,f,f,f,f,f,f,f,f,f,f,f,t,1.2,t,2.1,t,85,f,,f,,f,,other,-,850809063,otro
83,F,f,f,f,f,f,f,f,f,f,f,f,f,f,f,t,0.92,t,0.9,t,86,t,0.76,t,113,f,,SVI,K,850809064,otro
83,F,f,f,f,f,f,f,f,f,f,f,f,f,f,f,t,0.68,t,2.2,t,105,f,,f,,f,,other,-,850809065,otro
83,F,f,f,f,f,f,f,f,f,f,f,f,f,f,f,t,1.5,t,2.2,t,112,t,0.97,t,115,f,,other,-,850809069,otro
83,M,f,f,f,f,f,f,f,f,f,f,f,f,f,f,t,2.4,t,1.2,t,99,t,0.88,t,112,f,,other,-,850809070,otro
23,F,f,f,f,f,f,f,f,f,f,f,f,t,f,f,t,0.01,t,2.9,t,205,t,0.87,t,235,f,,other,A,850809071,hipertiroidismo
48,M,f,t,f,f,f,f,f,f,t,f,f,f,f,f,t,5.4,t,1.9,t,87,t,1,t,87,f,,other,-,850809082,otro
79,M,f,f,f,f,f,f,f,f,f,f,f,f,f,f,f,,t,3.1,t,162,t,0.78,t,209,f,,other,A,850809083,hipertiroidismo
70,F,f,f,f,f,f,f,f,f,f,f,f,f,f,f,t,4.1,t,2,t,125,t,0.97,t,128,f,,other,-,850809084,otro
22,F,f,f,f,f,f,f,f,f,f,f,f,f,f,f,t,2.6,f,,t,134,t,1.14,t,118,f,,other,-,850809086,otro
68,F,f,f,f,f,f,f,f,t,f,f,f,f,f,f,t,0.58,f,,t,150,t,1.03,t,146,f,,other,-,850809087,otro
32,M,f,f,f,f,f,f,f,f,f,f,f,f,f,f,f,,f,,t,134,t,1.29,t,104,f,,other,I,850809088,otro
32,M,f,f,f,f,f,f,f,f,t,f,f,f,f,f,t,0.96,f,,t,122,t,1.07,t,114,f,,other,-,850812029,otro
37,F,f,f,f,f,f,f,f,t,f,f,f,f,f,f,t,2.2,f,,t,100,t,1.14,t,87,f,,other,-,850812030,otro
66,,f,f,f,f,f,f,f,f,f,f,f,f,f,f,t,2.5,t,1.6,t,73,t,0.8,t,92,f,,other,-,850812031,otro
23,F,f,f,f,f,f,f,f,f,f,f,f,f,f,f,t,4.1,t,2,t,102,f,,f,,f,,other,-,850812032,otro
23,F,f,f,f,f,f,f,f,f,f,f,f,f,f,f,t,0.19,t,1.3,t,100,t,0.85,t,118,f,,SVI,-,850812033,otro
23,F,t,f,f,f,f,f,f,f,f,f,f,f,f,f,f,,f,,f,,f,,f,,t,27,other,-,850812034,otro
72,F,f,f,f,f,f,f,f,f,f,f,t,f,f,f,t,3.7,t,1.3,t,83,t,1.38,t,60,f,,SVI,I,850812045,otro
42,F,f,f,f,f,f,f,f,f,f,f,f,f,f,f,t,2.3,t,2.3,t,128,t,0.85,t,151,f,,other,-,850812047,otro
42,F,f,f,f,f,f,f,f,f,f,f,f,f,f,f,t,3.6,t,1.9,t,87,f,,f,,f,,other,-,850812048,otro
55,M,f,f,f,f,f,f,f,f,f,f,f,f,f,f,t,0.02,t,2.2,t,71,t,1,t,71,f,,SVI,-,850812049,otro
32,F,t,f,f,f,f,f,f,t,f,f,f,f,f,f,t,0.01,t,2.3,t,147,t,0.75,t,198,f,,SVI,L,850812050,otro
61,M,f,f,f,t,f,f,f,f,f,f,f,f,f,f,t,1.6,t,1.9,t,103,t,0.88,t,118,f,,other,-,850812053,otro
62,M,f,f,f,f,f,f,f,f,f,f,f,f,f,f,t,1.4,t,2,t,101,t,1.13,t,88,f,,SVHC,-,850812056,otro
62,M,f,f,f,f,f,f,f,f,f,f,f,f,f,t,t,1.1,t,2,t,139,t,1.04,t,134,f,,SVHC,-,850812057,otro
64,F,t,f,f,t,f,f,f,f,f,f,f,f,f,f,t,0.24,t,1.4,t,65,t,0.85,t,77,f,,SVI,-,850812058,otro
27,M,f,f,f,f,f,f,f,f,f,f,f,f,f,f,t,1.6,t,1.9,t,119,t,0.89,t,134,f,,SVI,-,850812059,otro
30,M,f,f,f,f,f,f,f,f,f,f,f,f,f,f,t,2.5,t,1.9,t,110,t,0.89,t,125,f,,SVI,-,850812060,otro
60,F,f,f,f,t,f,f,f,f,f,f,f,f,f,f,t,2,t,2.2,t,128,t,1.24,t,103,f,,SVHD,-,850812066,otro
53,F,f,f,f,f,f,f,f,f,f,f,f,f,f,f,t,1.6,t,1.8,t,81,t,1.16,t,70,f,,other,-,850812068,otro
53,F,f,f,f,f,f,f,f,f,f,f,f,f,f,f,t,0.19,t,1.8,t,124,t,1.12,t,110,f,,other,-,850813012,otro
55,F,f,f,f,f,f,f,f,f,f,f,f,f,f,f,t,3.6,t,2,t,96,t,1.1,t,88,f,,other,-,850813013,otro
61,F,f,f,f,t,f,f,f,f,f,f,f,f,f,f,t,11,t,1.2,t,83,t,1.01,t,82,f,,other,G,850813015,hipotiroidismo
83,F,f,f,f,f,f,f,f,f,f,f,f,f,f,f,t,2.9,t,1.3,t,92,t,1,t,92,f,,SVI,-,850813016,otro
27,F,f,f,f,f,f,f,f,f,f,f,f,t,f,f,t,1.4,f,,t,78,t,0.86,t,90,f,,other,-,850813018,otro
43,F,f,f,f,f,f,f,f,f,t,f,f,f,f,f,t,1.1,t,2.3,t,140,t,1.2,t,116,f,,other,-,850813020,otro
28,F,f,f,f,f,f,f,f,f,f,f,f,f,f,f,t,2.8,t,2.2,t,83,t,1,t,82,f,,other,-,850813034,otro
61,F,f,f,f,f,f,f,f,f,f,f,f,f,f,f,t,0.04,t,0.8,t,74,t,0.75,t,99,f,,SVI,K,850813048,otro
52,F,f,f,f,f,f,f,f,f,f,f,f,f,f,t,t,2,t,1.8,t,88,t,0.86,t,102,f,,SVHC,-,850813050,otro
68,M,f,f,f,f,f,f,f,f,f,f,f,f,f,f,t,1.4,t,1.9,t,98,t,0.82,t,118,f,,other,-,850813051,otro
23,M,f,f,f,f,f,f,f,f,f,f,f,f,f,f,t,1.8,t,1.9,t,77,t,0.79,t,97,f,,SVHC,-,850813052,otro
27,M,f,f,f,f,f,f,f,f,f,f,f,f,f,t,t,3.2,t,2.4,t,102,t,0.88,t,116,f,,SVHC,-,850813054,otro
48,F,f,f,f,f,f,f,f,f,f,f,f,f,f,f,t,2,t,2.7,t,181,t,1.65,t,109,f,,SVI,I,850813056,otro
76,M,f,f,f,f,f,f,f,f,f,f,f,f,f,f,t,2.5,t,1.5,t,81,t,0.92,t,88,f,,SVI,-,850813057,otro
45,F,f,f,f,f,f,f,f,f,f,f,f,f,f,f,t,1.1,t,1.6,t,84,t,0.96,t,87,f,,SVI,-,850813058,otro
45,M,f,f,f,f,f,f,f,f,f,f,t,f,f,f,t,2.3,t,2.4,t,91,t,0.86,t,106,f,,SVI,-,850813059,otro
54,F,f,f,f,f,f,f,f,f,f,f,f,f,f,f,t,4.1,t,0.8,t,77,t,0.82,t,93,f,,SVI,K,850813060,otro
45,F,f,f,f,f,f,f,f,f,f,f,f,f,f,f,t,2.3,t,2.5,t,165,t,1.03,t,161,f,,SVI,R,850813062,otro
55,M,f,f,f,f,f,f,f,f,t,f,f,f,f,f,t,0.55,t,2.1,t,75,t,1.01,t,74,f,,SVI,-,850813063,otro
22,F,f,f,f,f,f,f,f,f,f,f,f,f,f,f,t,1.7,t,1.7,t,85,t,0.92,t,92,f,,other,-,850813080,otro
36,F,f,f,f,f,f,f,f,f,f,f,f,f,f,t,t,3.1,t,1.8,t,87,t,1.16,t,75,f,,SVHC,-,850814006,otro
35,M,f,f,f,f,f,f,f,f,f,f,f,f,f,t,t,1.7,t,2.4,t,102,t,1.06,t,96,f,,SVHC,-,850814007,otro
35,M,f,f,f,f,f,f,f,f,f,f,f,f,f,f,t,1.5,t,2.3,t,98,t,0.92,t,106,f,,other,-,850814011,otro
29,F,f,f,f,f,t,f,f,f,f,f,f,f,f,f,t,0.62,t,3.8,t,211,t,1.88,t,112,f,,STMW,I,850814015,otro
34,F,f,f,f,f,f,f,f,f,f,f,f,f,f,f,t,0.85,t,2.5,t,108,t,1.09,t,99,f,,other,-,850814019,otro
34,F,f,f,f,f,f,f,f,t,f,t,f,f,f,f,t,6.3,t,2.7,t,153,t,1.7,t,90,f,,SVHC,-,850814035,otro
94,M,f,f,f,f,f,f,f,f,f,f,f,f,f,f,t,1.9,t,1.3,t,119,t,1.04,t,114,f,,SVI,-,850814041,otro
84,F,f,f,f,f,f,f,f,f,f,f,f,t,f,f,t,1.1,t,2.2,t,115,t,0.95,t,121,f,,SVI,-,850814042,otro
21,F,f,f,f,f,f,f,f,f,f,f,f,f,f,f,f,,f,,t,107,t,1.07,t,100,f,,other,-,850814050,otro
21,F,f,f,f,t,f,f,f,f,f,f,f,f,f,f,f,,f,,f,,f,,f,,t,36,other,S,850815004,otro
29,F,f,f,f,f,f,f,f,f,t,f,f,f,f,f,t,1.1,t,1.5,t,93,t,0.75,t,124,f,,other,-,850815012,otro
25,F,f,f,f,t,f,f,f,t,f,f,f,f,f,f,t,8.9,t,1.7,t,62,t,0.75,t,83,f,,SVHD,G,850815018,hipotiroidismo
28,M,f,f,f,f,f,f,f,f,f,f,f,f,f,f,t,1.4,t,2.1,t,135,t,0.92,t,147,f,,other,-,850815019,otro
28,F,f,f,f,f,f,f,f,f,f,f,f,f,f,f,t,1.5,t,2.3,t,134,t,1.24,t,109,f,,other,-,850815023,otro
68,M,f,f,f,f,f,f,f,f,f,f,f,f,f,f,t,2,t,2.5,t,79,t,0.86,t,92,f,,other,-,850815025,otro
74,F,f,f,f,f,f,f,f,f,t,f,f,f,f,f,t,5.1,t,1.8,t,112,t,1.07,t,105,f,,other,-,850815029,otro
14,M,f,f,f,f,f,f,f,f,f,f,f,f,f,f,t,5.8,t,2.8,t,91,t,1.03,t,88,f,,other,-,850815030,otro
75,F,t,f,f,f,f,f,f,f,f,f,f,f,f,f,t,0.005,t,3.6,t,184,t,1.14,t,162,f,,other,N,850815031,otro
52,M,f,f,f,f,f,t,t,f,f,f,f,f,f,f,t,0.04,t,1.9,t,86,t,0.77,t,112,f,,other,-,850815033,otro
52,F,f,f,f,f,f,f,f,f,f,f,f,f,f,f,t,12,t,1.8,t,109,t,1.06,t,102,f,,other,G,850815038,hipotiroidismo
22,F,f,f,t,f,f,f,f,f,f,f,f,f,f,f,t,2,t,1.9,t,101,t,0.92,t,109,f,,other,-,850815041,otro
60,F,t,f,f,f,f,f,f,f,f,f,f,f,f,f,t,0.18,t,2.1,t,132,t,1.1,t,120,f,,other,-,850815054,otro
69,F,f,f,f,f,f,f,f,f,f,f,f,f,f,f,t,0.22,t,2.4,t,129,t,1.14,t,113,f,,other,-,850815060,otro
48,F,f,f,f,f,f,f,f,f,f,f,f,f,f,f,t,2.9,t,2.2,t,146,t,1.48,t,98,f,,SVI,-,850815061,otro
78,F,t,f,f,f,f,f,f,t,f,f,f,f,f,f,t,2.6,t,0.3,t,87,t,0.95,t,91,f,,SVI,K,850815062,otro
75,F,f,f,f,f,f,f,f,f,f,f,f,f,f,f,t,2.8,t,2,t,92,t,1.03,t,89,f,,SVI,-,850815064,otro
52,M,f,f,f,f,f,f,f,f,f,f,f,f,f,f,t,0.3,t,1.2,t,101,t,0.9,t,112,f,,SVI,-,850815065,otro
45,F,f,f,f,f,f,f,f,f,f,f,f,f,f,f,t,6.7,t,2.5,t,98,t,0.88,t,111,f,,other,G,850815066,hipotiroidismo
57,F,f,f,f,f,f,f,f,f,f,f,f,f,f,f,t,0.005,t,3.6,t,144,t,0.84,t,171,f,,other,A,850815069,hipertiroidismo
73,F,f,f,f,f,f,f,f,f,f,f,f,f,f,f,t,0.01,t,1,t,101,t,0.86,t,117,f,,SVI,K,850815070,otro
57,M,f,f,f,f,f,f,f,f,f,f,f,f,f,f,t,2.3,f,,t,111,t,1.1,t,101,f,,other,-,850815073,otro
23,F,f,f,f,f,f,f,f,f,f,f,f,f,f,f,f,,f,,t,67,t,0.98,t,68,f,,other,-,850815076,otro
51,F,f,f,f,f,f,f,f,f,f,f,f,f,f,f,f,,f,,t,92,t,0.83,t,111,f,,other,-,850815078,otro
56,M,f,f,f,f,f,f,f,f,f,f,f,f,f,f,t,0.52,t,2.4,t,158,t,1.18,t,134,f,,SVHC,-,850816002,otro
38,M,f,f,f,f,f,f,f,f,f,f,f,f,f,f,t,0.67,t,1.9,t,92,t,0.76,t,121,f,,SVI,-,850816004,otro
67,F,f,f,f,f,f,f,f,f,f,f,f,f,f,f,t,1.9,t,2.9,t,133,t,1.18,t,113,f,,SVHC,-,850816005,otro
28,F,f,f,f,f,f,f,f,f,f,f,f,f,f,f,t,2.2,t,1.9,t,86,t,1.06,t,81,f,,SVHC,-,850816006,otro
28,F,f,t,f,f,f,t,f,f,f,f,f,f,f,f,t,1.5,t,1.5,t,120,t,1.01,t,118,f,,SVI,-,850816007,otro
45,M,f,f,f,f,f,f,f,t,t,f,f,f,f,f,t,1.2,t,2.7,t,120,t,1.13,t,106,f,,other,-,850816008,otro
45,M,f,f,f,f,f,f,f,f,f,f,f,f,f,f,t,1.9,t,2.5,t,114,t,1.01,t,113,f,,other,-,850816009,otro
77,M,t,f,f,f,f,f,t,t,f,f,f,f,f,f,t,0.93,t,1.9,t,121,t,1.36,t,89,f,,other,-,850816011,otro
56,F,f,f,f,f,f,f,f,f,f,f,f,f,f,f,t,0.72,t,2.1,t,114,t,1.11,t,103,f,,other,-,850816012,otro
39,M,f,f,f,f,f,f,f,f,f,f,f,f,f,f,t,1.4,t,2.9,t,97,t,1.03,t,94,f,,SVI,-,850816013,otro
28,F,f,f,f,f,f,f,f,f,f,f,f,f,f,f,t,2.1,f,,t,100,t,1.15,t,87,f,,other,-,850816016,otro
42,F,f,f,t,f,t,f,f,f,t,f,f,f,f,f,t,0.005,t,3.9,t,205,t,1.7,t,121,f,,STMW,I,850816017,otro
34,F,f,f,f,f,t,f,f,f,t,f,f,f,f,f,t,0.005,t,3.5,t,198,t,1.79,t,111,f,,STMW,I,850816018,otro
56,F,t,f,f,f,f,f,f,f,f,f,f,f,f,f,t,0.005,f,,t,170,t,0.96,t,177,f,,other,N,850816027,otro
78,F,t,f,f,f,f,f,f,f,f,f,f,f,f,f,t,6.3,t,1.3,t,120,t,1.11,t,109,f,,other,M,850816032,otro
11,F,f,f,t,f,f,f,f,f,f,f,f,f,f,f,f,,f,,f,,f,,f,,t,29,other,-,850816037,otro
84,M,f,f,f,t,f,f,f,f,f,f,f,f,f,f,t,0.67,t,0.9,t,70,t,0.78,t,90,f,,SVI,K,850816062,otro
49,M,f,f,f,f,f,f,f,f,f,f,f,f,f,f,t,0.08,t,0.2,t,59,t,0.79,t,74,f,,SVI,K,850816063,otro
60,F,t,f,f,f,f,f,f,f,f,f,f,f,f,f,t,0.005,t,1.5,t,132,t,0.95,t,138,f,,other,-,850816070,otro
37,M,f,f,f,f,f,f,f,f,t,f,f,f,f,f,f,,f,,f,,f,,f,,t,12,other,-,850816073,otro
13,F,f,f,f,f,f,f,f,t,f,f,f,f,f,f,f,,f,,f,,f,,f,,t,27,other,-,850816074,otro
54,F,f,f,f,f,f,f,f,f,f,f,f,f,f,f,f,,f,,f,,f,,f,,t,36,other,S,850816082,otro
56,F,f,f,f,f,f,f,f,f,t,f,f,f,f,f,f,,t,2.7,t,120,t,1.27,t,95,f,,other,-,850819003,otro
62,M,f,f,f,f,f,f,f,f,f,f,f,f,f,f,t,0.95,t,2.5,t,138,t,1.17,t,118,f,,other,-,850819010,otro
77,F,f,f,f,f,f,f,f,f,f,f,f,f,f,f,t,2.3,t,1.7,t,92,t,0.96,t,96,f,,other,-,850819020,otro
29,M,f,f,f,f,f,f,f,f,f,f,f,f,f,t,t,1.4,t,3.8,t,127,t,1.14,t,112,f,,SVHC,-,850819021,otro
65,M,f,f,f,f,f,f,f,f,f,f,f,f,f,t,t,3.1,t,2.7,t,131,t,1.03,t,126,f,,SVHC,-,850819027,otro
44,M,f,f,f,f,f,f,f,f,f,f,f,f,f,f,t,14,t,2.7,t,63,t,1.17,t,54,f,,other,-,850819029,otro
24,F,f,f,f,f,f,f,f,f,f,f,f,f,f,f,t,0.85,t,3,t,121,t,1.25,t,97,f,,STMW,I,850819030,otro
30,F,f,f,f,f,t,f,f,f,f,f,f,f,f,f,t,1.1,t,3.6,t,159,t,1.65,t,96,f,,STMW,I,850819031,otro
57,F,f,f,f,f,f,f,f,f,f,f,f,f,f,f,f,,t,1.6,t,57,t,1.05,t,54,f,,other,-,850819035,otro
76,F,f,f,f,f,f,f,f,t,t,f,f,f,f,f,t,39,f,,t,83,t,1.18,t,70,f,,other,G,850819038,hipotiroidismo
69,M,f,f,f,f,f,f,f,f,f,f,f,t,f,f,f,,f,,f,,f,,f,,t,22,other,-,850819041,otro
70,M,f,f,f,f,f,f,f,f,f,f,f,f,f,f,t,2.3,t,1.4,t,98,t,0.94,t,105,f,,SVI,-,850819047,otro
70,F,f,f,f,f,f,f,f,f,f,f,f,f,f,f,t,0.82,t,2.4,t,96,t,0.91,t,105,f,,SVI,-,850819048,otro
62,F,f,f,f,f,f,t,f,f,f,f,f,f,f,f,t,0.43,t,2.2,t,122,t,1.17,t,104,f,,SVI,-,850819049,otro
50,F,f,f,f,f,f,f,f,f,f,f,f,f,f,f,t,28,t,0.2,t,33,t,0.7,t,47,f,,SVI,F,850819053,hipotiroidismo
28,F,f,f,f,f,f,f,f,f,f,f,f,f,f,f,t,4.2,t,2.8,t,134,t,1.26,t,107,f,,other,-,850819054,otro
24,M,f,f,f,f,f,f,f,f,f,f,f,f,f,f,t,2.4,t,2.8,t,122,t,1.13,t,109,f,,other,-,850819057,otro
38,F,t,f,f,f,f,f,f,f,f,f,f,f,f,f,t,7.1,f,,t,130,t,0.98,t,132,f,,other,M,850819058,otro
62,F,t,f,f,f,f,t,f,f,f,f,f,f,f,f,t,3.4,t,1.3,t,134,t,1.19,t,113,f,,other,-,850819061,otro
62,F,f,f,f,f,f,f,f,f,f,f,f,f,f,f,t,0.45,t,1.6,t,101,t,0.89,t,114,f,,other,-,850820002,otro
68,M,f,f,f,f,f,f,f,f,f,f,f,f,f,f,t,15,t,2,t,81,t,1.01,t,81,f,,other,G,850820008,hipotiroidismo
60,F,f,f,f,f,f,f,f,t,f,f,f,f,f,f,t,8.2,t,1.7,t,65,t,0.96,t,68,f,,SVI,G,850820009,hipotiroidismo
44,M,f,f,f,f,f,f,f,t,f,f,f,f,f,f,t,0.04,f,,t,141,t,1.03,t,137,f,,other,-,850820025,otro
13,F,f,f,f,f,f,f,f,f,f,f,f,f,f,f,t,2.9,t,3.3,t,113,t,1.23,t,92,f,,other,-,850820041,otro
43,F,t,f,f,f,f,f,f,f,f,f,f,f,f,f,t,19,f,,t,63,t,0.97,t,65,f,,other,M,850820042,otro
23,M,f,f,f,f,f,f,f,f,f,f,f,f,f,f,t,1.7,t,1,t,115,t,0.92,t,125,f,,SVI,K,850820046,otro
84,F,f,f,f,f,f,f,f,f,f,f,f,f,f,f,t,3.3,t,2.2,t,109,t,1.07,t,101,f,,SVI,-,850820047,otro
58,F,f,f,f,f,f,f,f,f,f,f,f,f,f,f,t,0.21,t,0.9,t,122,t,1.04,t,117,f,,SVI,K,850820048,otro
75,F,f,f,f,f,f,f,f,f,f,f,f,f,f,f,t,2.1,t,1.5,t,103,t,1.07,t,96,f,,SVI,-,850820049,otro
75,F,f,f,f,f,t,f,f,f,f,f,f,f,f,f,t,0.46,t,2.9,t,139,t,1.53,t,91,f,,other,I,850820050,otro
71,M,f,f,f,f,f,f,f,f,f,f,f,f,f,f,t,0.48,t,1.7,t,97,t,1.04,t,93,f,,SVI,-,850820051,otro
71,M,f,f,f,f,f,f,f,f,f,f,f,f,f,f,t,1.8,t,1.5,t,139,t,1.03,t,135,f,,other,-,850820053,otro
87,M,f,f,f,f,f,f,f,f,f,f,f,f,f,f,t,0.025,t,1.6,t,134,t,0.79,t,170,f,,other,R,850820054,otro
51,F,f,f,f,f,f,f,f,f,f,f,f,f,f,f,t,2.8,f,,t,69,t,0.76,t,91,f,,other,-,850820058,otro
33,F,f,f,f,f,f,f,f,f,f,f,f,f,f,f,t,2.9,t,2.2,t,96,t,1.03,t,93,f,,STMW,-,850821021,otro
43,F,t,f,f,f,f,f,f,f,f,f,f,f,f,f,t,0.01,f,,t,171,t,0.98,t,174,f,,other,L,850821044,otro
72,F,f,f,f,f,f,f,f,f,f,f,f,f,f,t,t,1.4,t,1.6,t,118,t,1.01,t,117,f,,SVHC,-,850821047,otro
27,M,f,f,f,f,f,f,f,f,f,f,f,f,f,t,t,0.87,t,1.8,t,98,t,1,t,98,f,,SVHC,-,850821048,otro
25,M,f,f,f,f,f,f,f,t,f,f,f,f,f,t,t,1.5,t,2.7,t,120,t,1.31,t,91,f,,SVHC,-,850821049,otro
46,F,f,f,f,f,f,f,f,f,f,f,f,f,f,f,f,,t,2.9,t,158,t,1.03,t,154,f,,other,-,850821056,otro
46,F,f,f,f,f,f,f,f,f,f,f,f,f,f,f,t,0.91,t,2.4,t,124,t,1.05,t,118,f,,other,-,850821067,otro
31,M,f,f,f,f,f,f,f,f,f,f,f,f,f,f,t,5.1,f,,t,93,t,0.97,t,95,f,,other,-,850821078,otro
62,F,f,f,f,f,f,f,f,f,f,f,f,f,f,f,t,0.81,t,2.3,t,109,t,1.18,t,93,f,,SVI,-,850821079,otro
67,M,f,f,f,f,f,f,f,f,f,f,f,f,f,f,t,0.67,t,1.8,t,80,t,0.86,t,93,f,,SVI,-,850821080,otro
48,F,f,f,f,f,f,f,f,f,f,f,f,f,f,f,t,1.5,t,1.9,t,89,t,0.92,t,96,f,,other,-,850821081,otro
65,F,f,f,f,f,f,f,f,f,f,f,f,f,f,f,t,1.02,t,3,t,130,f,,f,,f,,other,-,850821082,otro
67,F,f,f,f,f,f,f,f,f,f,f,f,t,f,f,t,1.3,t,2.3,t,97,t,1.09,t,88,f,,other,-,850821095,otro
60,M,f,f,f,f,f,f,f,f,f,f,f,f,f,f,t,1.1,t,2.2,t,107,t,0.95,t,113,f,,SVI,-,850822001,otro
78,M,f,f,f,t,f,f,f,f,f,f,f,f,f,f,t,2.1,t,1.8,t,80,t,0.72,t,111,f,,other,-,850822002,otro
79,F,f,f,f,f,f,f,f,f,f,f,f,f,f,f,t,2.8,t,1.2,t,122,t,1,t,122,f,,SVI,-,850822003,otro
66,F,f,f,f,f,f,f,f,f,f,f,f,f,f,f,t,1.9,t,2.2,t,110,t,1.21,t,91,f,,other,-,850822004,otro
29,F,f,f,f,f,f,f,f,f,f,f,f,f,f,f,t,1.3,t,1.8,t,106,t,1.17,t,91,f,,SVHC,-,850822005,otro
23,F,f,f,f,f,f,f,f,f,f,f,f,f,f,f,t,3.6,t,7,t,141,t,1.77,t,80,f,,SVHC,I,850822006,otro
37,M,f,f,f,f,f,f,f,f,f,f,f,f,f,t,t,0.6,t,2.1,t,148,t,1.19,t,124,f,,SVHC,-,850822007,otro
37,F,f,f,f,f,f,f,f,f,f,f,f,f,f,f,t,4.1,t,2.5,t,118,f,,f,,f,,SVI,-,850822016,otro
48,M,f,f,f,f,f,f,f,f,f,f,f,f,f,f,t,1.8,t,2.3,t,89,t,0.83,t,107,f,,other,-,850822019,otro
57,F,t,f,f,f,f,f,f,f,f,f,f,f,f,f,t,0.005,t,2.3,t,213,t,1.09,t,195,f,,other,N,850822021,otro
60,M,f,f,f,f,f,f,f,f,f,f,f,f,f,f,t,11,t,2.6,t,109,t,1.06,t,103,f,,SVHD,G,850822024,hipotiroidismo
41,M,f,f,f,f,f,f,f,f,f,f,f,f,f,f,t,0.025,t,4.4,t,138,t,0.64,t,218,f,,other,-,850822025,otro
50,M,t,f,f,f,f,f,f,f,f,f,f,f,f,f,t,11,t,2.2,t,95,t,1.1,t,86,f,,other,M,850822032,otro
19,F,f,f,f,f,f,f,f,f,f,f,f,f,f,f,t,8.799999,t,2.7,t,108,t,1.11,t,97,f,,other,G,850822035,hipotiroidismo
50,M,f,f,f,f,f,f,f,f,f,f,f,f,f,f,t,80,t,1.4,t,41,t,1.14,t,36,f,,other,F,850822036,hipotiroidismo
59,F,f,f,f,f,f,f,f,f,f,f,f,f,f,f,f,,f,,t,72,t,0.92,t,78,f,,other,-,850822037,otro
63,F,f,f,f,f,f,f,f,f,f,f,f,f,f,f,t,5.6,t,2.2,t,99,t,1.02,t,97,f,,SVI,-,850822038,otro
22,M,f,f,f,f,f,f,f,f,f,f,f,f,f,f,t,1.7,t,2.3,t,111,t,1.02,t,108,f,,other,-,850822045,otro
22,F,f,f,f,f,f,f,f,f,f,f,f,f,f,f,t,1.3,t,1.9,t,94,t,0.89,t,105,f,,other,-,850822046,otro
34,F,t,f,f,f,t,f,f,f,f,f,f,f,f,f,t,8.299999,t,3.1,t,172,t,1.8,t,96,f,,other,MI,850822047,otro
63,F,t,f,f,f,f,f,f,f,f,f,f,f,f,f,t,0.005,t,3.4,t,210,t,1.11,t,188,f,,other,N,850822048,otro
21,F,f,f,f,f,f,f,f,f,f,f,f,f,f,t,t,1.5,t,2.1,t,130,t,1.04,t,124,f,,SVHC,-,850822049,otro
27,F,t,f,f,f,f,f,f,t,f,f,f,f,f,t,t,2.1,t,2.1,t,114,t,1.1,t,104,f,,SVHC,-,850822050,otro
80,F,f,f,f,f,f,f,f,f,f,f,f,f,f,t,t,1.1,t,1.8,t,94,t,0.94,t,100,f,,SVHC,-,850822051,otro
36,F,f,f,f,f,f,f,f,f,f,f,f,f,f,f,t,0.04,t,2.2,t,116,t,1.04,t,111,f,,other,-,850822064,otro
52,M,f,f,f,f,f,f,f,f,f,f,f,f,f,f,t,2,t,1.8,t,86,t,0.86,t,101,f,,other,-,850822066,otro
65,F,t,f,f,f,f,f,f,t,f,f,f,f,f,f,t,0.47,t,2.3,t,113,t,0.91,t,124,f,,other,-,850822067,otro
26,F,f,f,f,f,f,f,f,f,f,f,f,f,f,f,t,1.9,t,2.5,t,102,t,1.16,t,87,f,,other,-,850822068,otro
83,F,f,f,f,f,f,f,f,f,f,f,f,t,f,f,t,0.44,f,,t,145,t,1.08,t,135,f,,other,-,850822072,otro
55,F,f,t,f,f,f,f,f,f,f,f,f,f,f,f,t,0.005,f,,t,161,t,0.9,t,180,f,,other,A,850822073,hipertiroidismo
79,M,f,f,f,f,f,f,f,f,f,f,f,f,f,f,t,0.005,t,3.4,t,151,t,0.74,t,203,f,,other,A,850822081,hipertiroidismo
45,F,f,f,f,f,f,f,f,f,f,f,f,f,f,f,t,1.4,t,2.1,t,100,t,0.95,t,106,f,,other,-,850822082,otro
33,F,f,f,f,f,f,f,f,f,f,f,f,f,f,f,t,1.5,t,2.5,t,109,t,1.11,t,98,f,,other,-,850823002,otro
19,F,f,f,f,f,f,f,f,f,f,f,f,f,f,f,t,3.2,t,3.6,t,139,t,1.53,t,91,f,,other,I,850823003,otro
19,F,f,f,f,f,f,f,f,f,f,f,f,f,f,f,t,4,t,2.2,t,90,t,1.16,t,78,f,,other,-,850823004,otro
83,M,f,f,f,f,f,f,f,f,f,f,f,f,f,f,t,0.38,t,2.1,t,90,t,0.88,t,102,f,,other,-,850823006,otro
83,F,f,f,f,f,f,f,f,f,f,f,f,f,f,t,t,1.8,t,2.4,t,100,t,1.02,t,98,f,,SVHC,-,850823021,otro
68,M,f,f,f,f,f,f,f,f,f,f,f,f,f,f,t,1.3,t,2,t,131,t,1.07,t,122,f,,SVI,-,850823022,otro
14,F,f,f,f,t,f,f,f,f,f,f,f,f,f,f,t,0.78,t,2.2,t,78,t,0.88,t,89,f,,SVI,-,850823026,otro
59,F,f,f,f,f,f,f,f,f,f,f,f,f,f,f,t,2.9,t,1.4,t,95,t,1.11,t,86,f,,SVI,-,850823027,otro
53,F,f,f,f,f,f,f,f,f,f,f,f,f,f,f,t,0.83,f,,t,193,t,1.33,t,144,f,,other,-,850823047,otro
22,F,f,f,f,f,f,f,f,f,t,f,f,f,f,f,t,0.56,t,2.7,t,179,t,1.25,t,143,f,,other,-,850823054,otro
44,F,f,f,f,f,f,f,f,f,f,f,f,f,f,f,t,1.4,t,2.4,t,112,t,1.01,t,111,f,,other,-,850826017,otro
44,F,f,f,f,f,f,f,f,f,t,f,f,f,f,f,t,2.1,t,3.3,t,140,t,1.65,t,86,f,,other,-,850826020,otro
46,F,t,f,f,f,f,f,f,f,f,f,f,f,f,f,t,0.025,t,2.7,t,107,t,0.77,t,139,f,,other,-,850826022,otro
74,M,f,f,f,f,f,f,f,t,f,f,f,f,f,f,t,1.5,t,2.1,t,70,t,0.74,t,94,f,,SVI,-,850826024,otro
39,M,f,f,f,f,f,f,f,f,f,f,f,f,f,f,t,0.38,t,1.3,t,84,t,0.91,t,97,f,,other,-,850826026,otro
67,F,f,f,f,f,f,f,f,f,f,f,f,f,f,f,t,2.2,t,2,t,99,t,0.96,t,103,f,,other,-,850826027,otro
38,F,f,f,f,f,f,f,f,f,f,f,f,f,f,f,t,2.8,t,2.2,t,57,t,0.92,t,63,f,,SVHC,R,850826028,otro
72,F,f,f,f,t,f,f,f,t,f,f,f,f,f,f,t,6,t,2.4,t,118,t,1.26,t,94,f,,SVI,-,850826033,otro
68,F,f,f,f,f,f,f,f,f,t,f,f,f,f,f,t,42,t,0.2,t,18,t,1.09,t,16,f,,SVI,F,850826034,hipotiroidismo
48,M,f,f,f,f,f,f,f,f,f,f,f,f,f,f,t,1.6,t,2.1,t,80,t,0.98,t,82,f,,SVI,-,850826035,otro
22,F,f,f,f,f,f,f,f,f,f,f,f,f,f,f,t,2.9,t,1.9,t,83,t,0.74,t,112,f,,SVI,-,850826036,otro
45,F,f,f,f,f,f,f,f,f,f,f,f,f,f,f,t,1.7,t,2.5,t,106,t,0.97,t,110,f,,SVI,-,850826037,otro
61,F,f,f,f,f,f,f,f,f,f,f,t,f,f,f,t,0.99,t,1.5,t,63,t,0.56,t,113,f,,SVI,-,850826038,otro
61,M,f,f,f,f,f,f,f,f,f,f,f,f,f,f,t,7.9,t,2.9,t,116,t,1.02,t,114,f,,other,GI,850826042,hipotiroidismo
71,M,t,f,f,f,f,f,f,t,f,f,f,f,f,f,t,25,t,0.3,t,31,t,0.68,t,46,f,,SVI,F,850826058,hipotiroidismo
57,M,f,f,f,f,f,f,f,f,f,f,f,f,f,t,t,1.3,t,2.7,t,89,t,0.91,t,99,f,,SVHC,-,850826062,otro
34,F,f,f,f,f,f,f,f,f,f,f,f,f,f,f,f,,f,,f,,f,,f,,t,18,other,-,850826065,otro
40,F,f,f,f,f,f,f,f,t,f,f,f,f,f,t,t,1.3,t,2.6,t,135,t,1.09,t,124,f,,SVHC,-,850826067,otro
32,M,f,f,f,f,f,f,f,f,f,f,f,f,f,f,t,0.45,t,2.5,t,100,t,1.17,t,86,f,,SVHC,-,850826068,otro
47,F,f,f,f,f,f,f,t,f,f,f,f,f,f,f,t,4.7,t,2.4,t,102,t,1.12,t,92,f,,other,-,850826070,otro
72,F,t,f,f,f,f,f,f,f,f,f,f,f,f,f,t,0.97,t,2,t,164,f,,f,,f,,other,L,850827003,otro
47,M,f,f,f,f,f,f,f,f,f,f,f,f,f,f,t,2.4,t,2.2,t,143,t,0.92,t,154,f,,SVI,-,850827010,otro
61,M,f,f,f,t,f,f,f,f,f,f,f,f,f,f,t,1.8,t,2.3,t,89,t,0.85,t,105,f,,other,-,850827012,otro
49,F,f,f,f,f,f,f,f,f,f,f,f,f,f,f,t,1.2,t,2.2,t,100,t,0.93,t,108,f,,SVHC,-,850827013,otro
70,F,f,f,f,f,f,f,f,f,f,f,f,f,f,f,t,0.34,t,2.5,t,163,t,1.11,t,148,f,,SVI,-,850827041,otro
78,F,f,f,f,f,f,f,f,f,f,f,f,f,f,f,t,1.4,t,2,t,130,t,0.93,t,139,f,,SVI,-,850827042,otro
53,M,f,f,f,f,f,f,f,f,f,f,f,f,f,f,t,1.6,t,2.1,t,133,t,1.08,t,123,f,,SVI,-,850827043,otro
54,F,f,f,f,f,f,f,f,f,f,f,f,f,f,f,t,3.1,t,3.8,t,157,t,1.52,t,103,f,,SVI,I,850827045,otro
54,,f,f,f,f,f,f,f,t,f,f,f,f,f,f,t,0.01,t,3.6,t,142,t,1.23,t,115,f,,other,B,850827046,hipertiroidismo
42,F,f,f,f,f,f,f,f,f,f,f,f,f,f,f,t,1.3,t,2,t,87,t,0.73,t,118,f,,SVI,-,850827047,otro
49,M,f,f,f,f,f,f,f,f,f,f,f,f,f,f,t,4.9,t,0.7,t,82,t,0.79,t,104,f,,SVI,K,850827048,otro
34,F,f,f,f,f,t,f,f,f,t,f,f,f,f,f,t,0.03,t,4.2,t,134,t,1.65,t,81,f,,other,I,850827050,otro
68,M,f,f,f,f,f,f,f,f,f,f,f,f,f,f,t,2,t,1.5,t,110,t,0.89,t,124,f,,SVI,-,850827052,otro
68,,f,f,f,f,f,f,f,f,f,f,f,f,f,f,t,2.5,t,3.5,f,,f,,f,,f,,other,-,850827062,otro
68,,f,f,f,f,f,f,f,f,f,f,f,f,f,f,f,,f,,t,175,t,0.86,t,204,f,,other,A,850827064,hipertiroidismo
24,F,f,f,f,f,f,f,f,t,f,f,f,f,f,f,t,1.4,t,2.3,t,73,t,1.09,t,67,f,,other,-,850827070,otro
75,F,f,f,f,f,f,f,f,f,f,f,f,f,f,f,t,0.33,t,1.8,t,134,t,0.97,t,138,f,,other,-,850828013,otro
17,F,f,f,f,f,f,f,f,f,f,f,f,f,f,t,t,0.8,t,3.4,t,46,f,,f,,f,,SVHC,-,850828016,otro
30,F,f,f,f,f,f,f,f,f,f,f,f,f,f,t,t,4.5,t,2,t,139,t,0.86,t,161,f,,SVHC,R,850828017,otro
63,F,f,f,f,f,f,f,t,f,f,f,f,f,f,f,t,0.03,t,3.3,t,120,t,0.96,t,125,f,,other,B,850828018,hipertiroidismo
28,F,f,f,f,f,f,f,f,f,f,f,f,f,f,t,t,0.7,t,2,t,45,f,,f,,f,,SVHC,R,850828019,otro
71,F,f,f,f,f,f,f,f,f,f,f,f,f,f,f,t,1.5,t,2,t,96,t,1.05,t,92,f,,SVI,-,850828032,otro
62,F,f,f,f,f,f,f,f,f,f,f,f,f,f,f,t,1.2,t,2.1,t,134,t,1.06,t,127,f,,SVI,-,850828033,otro
71,M,f,f,f,f,f,f,f,f,f,f,f,f,f,f,t,3.2,t,1.8,t,86,t,0.81,t,106,f,,SVI,-,850828034,otro
78,F,f,f,f,f,f,f,f,f,f,f,f,f,f,f,t,1.3,t,1.9,t,126,t,0.9,t,141,f,,SVI,-,850828035,otro
90,F,f,t,f,f,f,f,f,f,f,f,f,f,f,f,t,0.03,t,1.9,t,203,t,0.9,t,224,f,,SVI,-,850828037,otro
50,F,f,f,f,f,f,f,f,f,f,f,f,f,f,f,t,117,t,0.4,t,17,t,1.14,t,15,f,,SVI,F,850828038,hipotiroidismo
68,F,f,f,f,f,f,f,f,f,f,f,f,f,f,f,t,24,t,1.3,t,84,t,0.82,t,102,f,,SVI,G,850828040,hipotiroidismo
63,F,t,f,f,f,f,f,f,f,f,f,f,f,f,f,t,0.69,f,,t,162,t,0.99,t,163,f,,other,L,850828046,otro
66,F,f,f,f,f,f,f,f,f,t,f,f,f,f,f,t,1.1,t,1.8,t,135,t,1.09,t,124,f,,other,-,850828049,otro
66,F,f,f,f,f,f,f,f,f,f,f,f,t,f,t,t,1.2,t,2.3,t,133,t,1.17,t,113,f,,SVI,-,850828052,otro
44,F,f,f,f,f,f,f,f,f,t,f,f,f,f,f,t,2.3,t,2.3,t,118,t,1.01,t,117,f,,other,-,850828070,otro
38,M,f,f,f,f,f,f,f,f,f,f,f,f,f,t,t,0.73,t,2.4,t,135,t,1.05,t,129,f,,SVHC,-,850829008,otro
34,M,f,f,f,f,f,f,f,f,f,f,f,f,f,f,t,0.88,t,3,t,69,t,0.67,t,102,f,,SVHC,-,850829009,otro
25,M,f,f,f,f,f,f,f,f,f,f,f,f,f,t,t,1.2,t,2.6,t,121,t,0.97,t,125,f,,SVHC,-,850829010,otro
47,F,f,f,f,f,f,f,f,f,f,f,f,t,f,f,t,0.63,t,2.6,t,160,t,1.2,t,134,f,,other,I,850829012,otro
49,M,f,f,f,f,f,f,f,f,t,f,f,f,f,f,f,,t,2.4,t,111,t,1.07,t,104,f,,other,-,850829021,otro
49,F,f,f,f,f,f,f,f,f,f,f,f,f,f,f,t,0.035,t,2.1,t,183,t,1.02,t,179,f,,other,AK,850829022,hipertiroidismo
50,F,f,f,f,f,f,f,f,f,f,f,f,f,f,f,t,89,t,0.2,t,10,t,1.13,t,9,f,,SVI,F,850829024,hipotiroidismo
50,F,f,f,f,f,f,f,f,f,f,f,f,f,f,f,t,7.6,t,1.7,t,128,t,1.08,t,118,f,,other,G,850829026,hipotiroidismo
68,F,f,f,f,t,f,f,f,f,f,f,f,f,f,f,t,1.5,t,2.3,t,117,t,1.04,t,113,f,,other,-,850829027,otro
71,M,f,f,f,f,f,f,f,t,f,f,f,f,f,f,t,38,t,0.4,t,37,t,0.74,t,50,f,,SVI,F,850829028,hipotiroidismo
69,F,f,f,f,f,f,f,f,f,f,f,f,f,f,f,t,0.8,t,0.6,t,82,t,0.46,t,179,f,,SVI,KJ,850829029,otro
75,M,f,f,f,f,f,f,f,f,f,f,f,f,f,f,t,0.035,t,1.2,t,98,t,0.83,t,118,f,,SVI,-,850829030,otro
37,F,t,f,f,f,f,f,f,f,f,f,f,f,f,f,t,0.61,t,1.6,t,116,t,0.91,t,127,f,,other,-,850829043,otro
50,F,f,f,f,f,f,t,f,f,f,f,f,f,f,f,t,76,t,0.5,t,22,t,1.12,t,19,f,,other,Q,850829054,otro
39,F,f,f,f,f,f,f,f,f,f,f,f,f,f,f,t,43,t,1.6,t,63,t,0.84,t,75,f,,other,G,850829055,hipotiroidismo
18,M,f,f,f,f,f,f,f,f,f,f,f,f,f,f,t,2.3,t,2.1,t,79,t,1.1,t,72,f,,other,-,850829057,otro
64,M,t,f,f,f,f,f,f,f,f,f,f,f,f,f,t,0.24,f,,t,83,t,0.9,t,93,f,,other,-,850829064,otro
70,F,f,f,f,f,f,f,f,f,f,f,f,f,f,f,t,0.69,t,1.9,t,129,t,1.02,t,126,f,,other,-,850830001,otro
44,F,f,f,f,f,f,f,f,f,f,f,f,f,f,f,t,2.5,t,1.6,t,119,t,1.09,t,110,f,,other,-,850830004,otro
50,F,f,f,f,f,f,f,f,t,f,f,f,f,f,f,t,4.8,t,0.6,t,98,t,0.8,t,122,f,,SVI,K,850830029,otro
69,F,f,f,f,f,f,f,f,f,f,f,f,f,f,f,t,6.2,t,1.9,t,89,t,0.94,t,95,f,,other,G,850830035,hipotiroidismo
63,M,f,f,f,f,f,f,f,f,f,f,f,f,f,f,t,5.8,t,1.9,t,102,t,1.18,t,87,f,,SVI,-,850830044,otro
60,F,f,f,f,f,f,f,f,f,f,f,f,f,f,f,t,0.48,t,1.7,t,88,t,0.83,t,105,f,,SVI,-,850830046,otro
41,F,f,f,f,f,f,f,f,f,f,f,f,f,f,f,t,4.1,t,2,t,127,t,1.04,t,122,f,,SVI,-,850830047,otro
54,,f,f,f,f,f,f,f,f,f,f,f,f,f,f,t,2.7,t,1.9,t,111,t,0.99,t,112,f,,SVI,-,850830049,otro
60,F,f,f,f,f,f,f,f,f,f,f,f,f,f,f,t,1.6,t,1.7,t,153,t,1.06,t,144,f,,SVI,-,850830050,otro
63,F,f,f,f,f,f,f,f,f,f,f,f,f,f,f,t,1.9,t,1.9,t,125,t,1.01,t,124,f,,SVI,-,850902001,otro
71,F,f,f,f,f,f,f,f,f,f,f,f,f,f,f,t,1.6,t,0.3,t,73,t,0.9,t,81,f,,other,K,850902003,otro
19,F,f,f,f,f,f,f,f,f,f,f,f,f,f,f,t,4,t,2.9,t,122,t,1.02,t,119,f,,SVHC,I,850902005,otro
48,M,f,f,f,f,f,f,f,f,f,f,f,f,f,t,t,2.4,t,2,t,66,t,0.74,t,89,f,,SVHC,-,850902006,otro
21,F,f,f,f,f,f,f,f,f,f,f,f,f,f,f,t,1.6,t,2.1,t,96,t,0.85,t,112,f,,STMW,-,850902008,otro
59,M,f,f,f,f,f,f,f,f,f,f,f,f,f,f,t,0.1,t,2,t,102,t,0.82,t,125,f,,other,-,850902012,otro
61,F,t,f,f,f,f,f,f,f,f,f,f,f,f,f,t,0.38,f,,t,121,t,0.95,t,128,f,,other,-,850902013,otro
44,M,f,f,f,f,f,f,f,f,f,f,f,f,f,f,t,41,t,1.5,t,48,t,1.17,t,41,f,,other,F,850902018,hipotiroidismo
16,F,f,f,f,f,f,f,f,f,f,f,f,f,f,f,f,,f,,t,76,t,0.93,t,82,f,,other,-,850902026,otro
16,F,t,f,f,f,f,f,f,f,f,f,f,f,f,f,t,2.7,t,1.9,t,112,t,1.26,t,89,f,,other,-,850902028,otro
81,F,f,f,f,f,f,f,f,f,f,f,f,f,f,f,t,5.4,t,1.3,t,73,t,0.72,t,101,f,,SVI,-,850902030,otro
75,F,f,f,f,f,f,f,f,f,f,f,f,f,f,f,t,4.5,t,1.1,t,132,t,1.01,t,131,f,,SVI,K,850902031,otro
70,F,f,f,f,f,f,f,f,f,f,f,f,f,f,f,t,34,t,1.5,t,88,t,1.06,t,83,f,,other,G,850902033,hipotiroidismo
34,M,f,f,f,f,f,f,f,f,f,f,f,f,f,t,t,0.83,t,2.4,t,114,t,1.02,t,112,f,,SVHC,-,850902035,otro
57,F,f,f,f,f,f,f,f,f,f,f,f,f,f,f,t,9.099999,f,,t,101,t,1.12,t,90,f,,other,G,850902039,hipotiroidismo
33,M,f,f,f,f,f,f,f,f,f,f,f,f,f,t,t,1,t,1.4,t,88,t,0.78,t,113,f,,SVHC,-,850903002,otro
76,F,f,f,f,t,f,t,f,f,f,f,f,f,f,f,t,1.8,t,1.2,t,65,t,0.76,t,86,f,,other,-,850903003,otro
67,F,t,f,f,f,f,f,f,t,f,f,f,f,f,f,t,2,t,2.5,t,133,t,1.19,t,112,f,,other,-,850903005,otro
78,F,f,f,f,t,f,f,f,f,f,f,f,f,f,f,t,0.99,t,1.7,t,114,t,0.96,t,119,f,,SVHD,-,850903006,otro
62,M,t,f,f,f,f,f,f,t,t,f,f,f,f,f,t,13,t,1.1,t,87,t,0.81,t,107,f,,SVHC,MK,850903037,otro
62,F,f,f,f,f,f,t,f,f,f,f,f,f,f,f,t,6.5,t,1.8,t,97,t,1.29,t,76,f,,SVI,Q,850903038,otro
82,F,f,f,f,f,f,f,f,f,f,f,f,f,f,f,f,,t,1.1,t,69,t,0.64,t,107,f,,SVI,K,850903040,otro
55,F,f,t,f,f,f,f,f,f,f,f,f,f,f,f,t,1.2,t,2.4,t,95,t,1.05,t,90,f,,SVI,-,850903041,otro
55,F,f,f,f,f,f,f,f,t,f,f,f,f,f,f,t,1.9,t,2.3,t,98,t,1.03,t,95,f,,SVI,-,850903043,otro
55,M,f,f,f,f,f,f,f,f,f,f,f,f,f,f,t,0.6,t,1.1,t,95,t,0.97,t,98,f,,SVI,K,850903045,otro
79,F,f,f,f,f,f,f,f,f,f,f,f,f,f,f,t,3.8,t,1.4,t,98,t,0.97,t,110,f,,SVI,-,850903046,otro
8,F,t,f,f,f,f,f,f,f,f,f,f,f,f,f,f,,f,,f,,f,,f,,t,31,other,S,850903048,otro
35,F,f,f,f,f,f,f,f,t,f,f,f,f,f,f,t,31,t,2.6,t,46,t,1,t,46,f,,other,F,850903051,hipotiroidismo
35,M,f,f,f,f,f,f,f,f,f,f,f,f,f,f,t,1.9,f,,t,73,t,0.77,t,95,f,,other,-,850904019,otro
35,F,f,f,f,f,f,f,f,f,f,f,f,f,f,t,t,0.93,t,2.8,t,155,t,1.01,t,153,f,,SVHC,-,850904020,otro
50,M,f,f,f,f,f,f,f,f,f,f,f,f,f,f,t,151,t,1,t,32,t,1.16,t,28,f,,other,F,850904024,hipotiroidismo
50,F,f,f,f,f,f,f,f,f,f,f,f,f,f,f,t,2.8,t,1.6,t,105,t,0.8,t,131,f,,SVI,-,850904025,otro
78,F,f,f,f,f,f,f,f,f,f,f,f,f,f,f,t,0.58,t,2.2,t,92,t,0.96,t,96,f,,SVI,-,850904051,otro
78,F,f,f,f,f,f,f,f,f,f,f,f,f,f,f,t,0.77,t,1.9,t,113,t,1.03,t,110,f,,other,-,850904052,otro
58,F,f,f,f,f,f,f,f,f,f,f,f,f,f,f,t,4.2,t,2.1,t,83,t,1.19,t,69,f,,SVI,-,850904053,otro
58,,t,f,f,f,f,f,f,f,t,f,f,f,f,f,t,0.01,t,3.3,t,129,t,1.23,t,105,f,,SVI,B,850904054,hipertiroidismo
61,,f,f,f,f,f,f,f,f,f,f,f,f,f,f,t,0.01,t,2.1,t,159,t,1.13,t,140,f,,SVHD,-,850904055,otro
39,M,f,f,f,f,f,f,f,f,f,f,f,f,f,t,t,1.6,t,1.8,t,114,t,0.98,t,120,f,,SVHC,-,850904057,otro
87,F,f,f,f,f,f,f,f,f,f,f,f,f,f,f,t,2.5,t,1.7,t,140,t,0.96,t,147,f,,other,-,850904060,otro
63,,f,f,f,f,f,f,f,f,f,f,f,f,f,f,t,5.8,t,1.3,t,92,t,0.94,t,98,f,,other,-,850904061,otro
63,,f,f,f,f,f,f,f,f,f,f,f,f,f,f,f,,f,,f,,f,,f,,t,20,other,-,850904074,otro
63,,f,f,f,f,f,f,f,f,f,f,f,f,f,f,f,,f,,f,,f,,f,,t,20,other,-,850904075,otro
63,,f,f,f,f,f,f,f,f,f,f,f,f,f,f,t,0.43,t,2.9,t,118,t,1.42,t,83,f,,other,I,850904076,otro
62,F,f,f,f,f,f,f,f,f,f,f,f,f,f,f,t,6.6,t,2.2,t,99,t,1.16,t,85,f,,other,G,850904081,hipotiroidismo
56,F,t,f,f,f,f,f,f,f,f,f,f,f,f,f,t,0.3,t,2.8,t,141,t,0.99,t,142,f,,other,-,850904082,otro
60,M,f,f,f,f,f,f,f,f,f,f,f,f,f,f,t,98,t,0.4,t,5.8,t,0.8,t,7,f,,SVI,F,850904086,hipotiroidismo
37,M,f,f,f,f,f,f,f,f,f,f,f,f,f,f,f,,f,,t,98,t,0.83,t,119,f,,other,-,850905009,otro
19,,t,f,f,f,f,f,f,f,f,f,f,f,f,f,t,5.7,t,1.9,t,104,t,1.1,t,94,f,,other,-,850905012,otro
43,M,t,f,f,f,f,f,f,f,f,f,f,f,f,f,t,0.05,f,,t,160,t,1.03,t,156,f,,other,L,850905017,otro
76,M,f,f,f,f,f,f,f,t,f,f,f,f,f,f,t,0.65,t,1.5,t,111,t,0.96,t,116,f,,other,-,850905020,otro
54,F,f,f,f,t,f,f,f,f,f,f,f,f,f,f,t,2.1,t,2.5,t,128,t,1.12,t,114,f,,other,-,850905021,otro
74,F,f,f,f,f,f,f,f,f,f,f,f,f,f,f,t,6.3,t,1.7,t,146,t,1.22,t,119,f,,other,G,850905022,hipotiroidismo
80,M,f,f,f,f,f,f,f,f,f,f,f,f,f,f,t,1.3,t,2.8,t,225,t,1.68,t,134,f,,other,I,850905023,otro
29,M,f,f,f,f,f,f,f,f,f,f,f,f,f,t,t,0.25,t,2,t,35,f,,f,,f,,SVHC,R,850905025,otro
49,F,t,f,f,f,f,f,f,f,f,f,f,f,f,f,t,0.12,t,2.3,t,181,t,1.11,t,164,f,,other,L,850905026,otro
66,F,t,f,f,f,f,f,f,f,f,f,f,f,f,f,t,0.42,t,1.9,t,153,t,1.04,t,147,f,,other,-,850905032,otro
71,F,f,f,f,f,f,f,f,f,f,f,f,f,f,f,t,0.09,t,2.5,t,167,t,1.19,t,140,f,,other,I,850905033,otro
22,F,t,f,f,f,f,f,f,f,f,f,f,f,f,f,f,,f,,t,151,t,1.05,t,144,f,,other,-,850905034,otro
39,F,f,f,f,f,f,f,f,t,t,f,f,f,f,f,t,2,t,2.3,t,102,t,1.16,t,88,f,,other,-,850905035,otro
62,M,f,f,f,f,f,f,f,f,f,f,f,f,f,f,t,4.2,t,2.2,t,104,t,1.11,t,93,f,,other,-,850905037,otro
69,F,f,f,f,f,f,f,f,f,f,f,f,f,f,f,t,2,t,1.7,t,109,t,0.93,t,117,f,,other,-,850905039,otro
72,F,f,f,f,f,f,f,f,f,f,f,f,f,f,f,f,,f,,t,161,t,0.9,t,180,f,,other,A,850905044,hipertiroidismo
67,M,f,f,f,f,f,f,f,f,f,f,f,f,f,f,t,0.25,t,2,t,101,t,0.81,t,124,f,,SVI,-,850905046,otro
19,F,f,f,f,f,f,f,f,f,f,f,f,f,f,f,t,3.7,t,3,t,68,t,0.85,t,80,f,,SVI,I,850905047,otro
63,F,f,f,f,f,f,f,f,f,f,f,f,f,f,f,t,4.5,t,1.5,t,93,t,0.87,t,107,f,,SVI,-,850905048,otro
69,F,f,f,f,f,f,f,f,f,f,f,f,f,f,f,t,0.01,t,2.4,t,127,t,0.84,t,152,f,,other,-,850905049,otro
24,F,f,f,f,f,f,f,f,f,f,f,f,f,f,t,t,1.3,t,1.8,t,95,t,0.82,t,116,f,,SVHC,-,850905051,otro
36,F,f,f,f,f,f,f,f,f,f,f,f,f,f,f,t,0.59,f,,t,115,t,1.2,t,96,f,,other,-,850905052,otro
61,F,f,f,f,f,f,f,f,f,f,f,f,f,f,f,t,0.025,f,,t,113,t,0.98,t,116,f,,other,-,850905062,otro
60,M,f,f,f,f,f,f,f,f,f,f,f,f,f,f,t,5.8,t,1.8,t,98,t,0.87,t,112,f,,other,-,850905063,otro
21,F,f,f,f,f,f,f,f,f,f,f,f,f,f,f,t,2.2,t,1.5,t,78,t,0.89,t,88,f,,other,-,850906006,otro
40,M,f,f,f,f,f,f,f,f,f,f,f,f,f,f,t,0.65,t,1.7,t,101,t,0.93,t,109,f,,SVI,-,850906010,otro
46,M,f,f,f,t,f,f,f,t,f,f,f,f,f,f,t,1.7,f,,t,139,t,1.1,t,127,f,,other,-,850906011,otro
45,F,f,f,f,f,f,f,f,f,f,f,f,f,f,t,t,0.94,t,2,t,102,t,0.86,t,119,f,,SVHC,-,850906012,otro
41,F,f,f,f,f,f,f,f,f,f,f,f,f,f,t,t,3.1,t,2.5,t,149,t,1.09,t,137,f,,SVHC,-,850906013,otro
38,F,f,f,f,f,f,f,f,f,f,f,f,t,f,f,t,0.71,t,4.3,t,129,t,1.62,t,79,f,,STMW,C|I,850906016,otro
15,F,f,f,f,f,f,f,f,f,f,f,f,f,f,f,t,0.015,t,6,t,250,t,0.8,t,312,f,,other,A,850906031,hipertiroidismo
61,F,t,f,f,f,f,f,f,f,f,f,f,f,f,f,t,0.73,t,1.7,t,160,t,1.11,t,149,f,,other,-,850906043,otro
73,M,f,f,f,f,f,f,f,f,f,f,f,f,f,f,t,0.79,t,1.5,t,110,t,0.88,t,125,f,,SVI,-,850906048,otro
46,M,f,f,f,f,f,f,f,f,f,f,f,f,f,f,t,4.2,t,2.2,t,68,f,,f,,f,,other,-,850906049,otro
61,F,f,f,f,f,f,f,f,f,f,f,f,f,f,f,t,1.2,t,1.8,t,88,f,,f,,f,,other,-,850906050,otro
71,F,f,f,f,f,f,f,f,f,f,f,f,f,f,f,t,1.3,t,1.2,t,98,f,,f,,f,,other,-,850906051,otro
79,F,f,f,f,f,f,f,f,f,f,f,f,f,f,f,t,1.4,t,1.6,t,121,t,1.13,t,107,f,,other,-,850906052,otro
24,F,f,f,f,f,f,f,f,f,f,f,f,f,f,t,t,3.7,t,2.3,t,100,t,1.11,t,90,f,,SVHC,-,850906053,otro
73,M,t,f,f,f,f,f,f,f,f,f,f,f,f,f,t,1.4,t,0.8,t,61,t,0.49,t,124,f,,other,K,850909004,otro
67,F,f,f,f,f,f,f,f,t,f,f,f,f,f,f,t,0.52,t,1.4,t,129,t,0.96,t,134,f,,other,-,850909005,otro
67,F,f,f,f,f,f,f,f,f,f,f,f,f,f,f,t,51,t,0.4,t,12,t,1.26,t,10,f,,other,F,850909007,hipotiroidismo
44,M,f,f,f,f,f,f,f,f,f,f,f,f,f,f,t,45,t,1.4,t,39,t,1.16,t,33,f,,SVI,F,850909011,hipotiroidismo
57,F,f,f,f,f,f,f,f,f,f,f,f,f,f,f,t,0.02,t,3.4,t,136,t,0.73,t,185,f,,other,-,850909019,otro
31,F,f,f,f,f,f,f,f,f,f,f,f,f,f,f,f,,f,,t,112,t,0.97,t,116,f,,other,-,850909027,otro
53,F,f,f,f,f,f,f,f,f,t,f,f,f,f,f,t,0.02,t,4.3,t,250,t,1.01,t,247,f,,other,A,850909028,hipertiroidismo
73,,f,f,f,f,f,f,f,f,f,f,f,f,f,f,t,0.015,t,1.8,t,173,t,1,t,173,f,,other,AK,850909029,hipertiroidismo
50,F,t,f,f,f,f,f,f,f,f,f,f,f,f,f,t,1.3,t,2,t,94,t,0.96,t,98,f,,other,-,850909037,otro
28,F,f,f,f,f,f,f,f,f,f,f,f,f,f,f,t,139,t,0.9,t,36,t,0.9,t,40,f,,other,F,850910009,hipotiroidismo
25,M,f,f,f,f,f,f,f,f,f,f,f,f,f,t,t,1.3,t,1.5,t,96,t,0.8,t,121,f,,other,-,850910013,otro
45,F,f,f,f,f,f,f,f,f,f,f,f,f,f,t,t,0.42,t,1.9,t,109,t,0.77,t,138,f,,other,-,850910014,otro
22,F,f,f,f,f,f,f,f,f,f,f,f,f,f,t,t,1.2,t,1.9,t,92,t,0.87,t,105,f,,other,-,850910015,otro
64,F,f,f,f,f,f,f,f,f,f,f,f,f,f,f,t,3.3,t,1.5,t,102,t,0.95,t,108,f,,SVHC,-,850910016,otro
33,M,f,f,f,f,f,f,f,f,f,f,f,f,f,f,t,1.9,t,2.1,t,69,t,0.74,t,93,f,,other,-,850910017,otro
71,,f,f,f,f,f,f,f,f,f,f,f,f,f,f,t,0.02,t,1,t,120,t,0.56,t,213,f,,SVI,-,850910020,otro
67,F,t,f,f,f,f,f,f,f,f,f,f,f,f,f,t,1.7,t,1.8,t,143,t,0.87,t,164,f,,SVI,-,850910021,otro
27,M,f,f,f,f,f,f,f,f,f,f,f,f,f,t,t,0.85,t,2.3,t,141,t,1.14,t,125,f,,SVHC,-,850910023,otro
65,M,f,f,f,f,f,f,f,f,f,f,f,f,f,f,t,2.7,t,2.3,t,100,t,1.11,t,90,f,,SVI,-,850910025,otro
81,F,f,f,f,f,f,f,t,f,f,f,f,f,f,f,t,1.9,t,1.5,t,71,t,0.78,t,91,f,,other,-,850910033,otro
38,F,f,f,f,f,f,f,f,f,f,f,t,f,f,f,t,1.2,f,,t,115,t,0.97,t,114,f,,other,-,850910045,otro
73,M,f,f,f,t,f,f,f,f,f,f,f,f,f,f,t,3.9,t,0.9,t,62,t,0.54,t,115,f,,SVI,K,850910051,otro
51,,f,f,f,f,f,f,f,f,f,f,f,f,f,f,t,2.1,t,2,t,96,t,0.95,t,101,f,,SVI,-,850910052,otro
65,F,f,f,f,f,f,f,f,f,f,f,f,f,f,f,t,1.4,t,1.7,t,141,t,1.15,t,123,f,,SVI,-,850910053,otro
62,M,f,f,f,f,f,f,f,f,f,f,f,f,f,f,t,3.5,t,2,t,67,t,0.73,t,92,f,,SVI,-,850910054,otro
78,F,f,f,f,f,f,f,f,f,f,f,f,f,f,f,t,0.35,t,2,t,93,t,1.03,t,90,f,,SVI,-,850910055,otro
30,F,f,f,f,f,f,f,f,f,f,f,f,f,f,f,t,2.5,t,2.2,t,99,t,1.04,t,96,f,,SVI,-,850910056,otro
67,F,t,f,f,f,f,f,f,t,f,f,f,f,f,f,t,0.42,t,1.4,t,140,t,0.98,t,143,f,,SVI,-,850910057,otro
35,F,f,f,f,f,f,f,f,f,f,f,f,f,f,f,t,0.97,f,,t,94,t,0.97,t,97,f,,other,-,850910061,otro
35,,f,f,f,f,f,f,f,f,f,f,f,f,f,f,t,28,t,2.5,f,,f,,f,,f,,other,G,850910065,hipotiroidismo
35,,f,f,f,f,f,f,f,f,f,f,f,f,f,f,f,,f,,t,73,t,0.91,t,81,f,,other,-,850910066,otro
65,F,f,f,f,f,f,f,f,f,f,f,f,f,f,f,t,1.7,t,2.3,t,101,t,0.95,t,106,f,,other,-,850910069,otro
25,F,f,f,f,t,f,f,f,f,f,f,f,f,f,f,t,1.4,t,1.6,t,78,t,0.88,t,89,f,,SVHD,-,850910070,otro
37,F,t,f,f,f,f,f,f,f,f,f,f,f,f,f,t,0.05,f,,t,181,t,1.21,t,150,f,,other,-,850911029,otro
67,F,f,f,f,f,f,f,f,f,f,f,f,f,f,f,t,1.7,t,1.9,t,103,t,0.99,t,104,f,,other,-,850911031,otro
46,F,f,f,f,f,f,f,f,f,f,f,f,f,f,t,t,1.7,t,2.3,t,136,t,1.07,t,127,f,,SVHC,-,850911032,otro
79,F,f,f,f,f,f,f,f,f,f,f,f,f,f,f,t,1.1,t,1.7,t,111,t,1.02,t,108,f,,SVI,-,850911033,otro
73,F,f,f,f,f,f,f,f,f,f,f,f,f,f,f,t,4.6,t,0.8,t,91,t,0.86,t,106,f,,SVI,K,850911035,otro
55,M,f,f,f,f,f,f,f,f,f,f,f,f,f,f,t,1.6,t,1.6,t,114,t,0.93,t,123,f,,other,-,850911036,otro
44,F,f,f,f,f,f,f,f,f,f,f,f,f,f,f,t,0.7,t,1.9,t,108,t,1.04,t,103,f,,SVHC,-,850911038,otro
24,M,f,f,f,f,f,f,f,f,f,f,f,f,f,f,t,1.3,t,1.7,t,106,t,1,t,106,f,,SVHC,-,850911040,otro
37,M,f,f,f,f,f,f,f,f,f,f,f,f,f,t,t,1.1,t,2.4,t,106,t,0.97,t,109,f,,SVHC,-,850911041,otro
48,F,f,f,f,f,f,f,f,t,f,f,f,f,f,t,t,0.77,t,1.1,t,81,t,0.86,t,95,f,,SVHC,K,850911042,otro
34,F,f,f,f,f,f,f,f,f,t,f,f,f,f,f,t,4.1,t,4,t,159,t,1.62,t,98,f,,STMW,I,850911050,otro
47,F,f,f,f,f,f,f,f,f,f,f,f,f,f,f,t,1.9,t,1.7,t,98,t,1.08,t,90,f,,STMW,-,850911051,otro
18,F,f,f,f,f,t,f,f,f,f,f,f,t,f,f,t,0.83,t,2.9,t,68,t,1.16,t,58,f,,STMW,C|I,850911052,otro
30,F,f,f,f,f,t,f,f,f,f,f,f,f,f,f,t,0.71,t,3.1,t,125,t,1.39,t,90,f,,STMW,I,850911053,otro
29,F,f,f,f,f,t,f,f,f,f,f,f,t,f,f,t,1.4,t,3.4,t,147,t,1.49,t,99,f,,STMW,C|I,850911055,otro
62,F,f,f,f,t,f,f,f,f,f,f,f,f,f,f,t,3.3,t,2,t,116,t,1.06,t,110,f,,SVI,-,850911061,otro
73,F,f,f,f,f,f,f,f,f,f,f,f,f,f,f,t,4.1,t,1,t,89,t,0.91,t,98,f,,SVI,K,850911062,otro
79,F,f,f,f,f,f,f,f,f,f,f,f,f,f,t,t,2.3,t,0.4,t,73,t,0.6,t,122,f,,SVI,K,850911063,otro
73,M,f,f,f,t,f,f,f,f,f,f,f,f,f,f,t,3.2,t,1.5,t,69,t,0.8,t,86,f,,SVI,-,850911064,otro
18,,f,f,f,f,f,f,f,f,f,f,f,f,f,f,t,1.5,t,2.6,t,86,t,0.91,t,94,f,,SVI,-,850911065,otro
59,F,f,f,f,f,f,f,f,t,f,f,f,f,f,f,t,2.8,f,,t,134,t,1.05,t,128,f,,other,-,850911067,otro
53,F,f,f,f,f,f,f,f,t,f,f,f,f,f,f,t,0.01,f,,t,176,t,1.02,t,171,f,,other,R,850911068,otro
53,F,f,f,f,f,f,f,f,f,f,f,f,f,f,f,t,0.06,t,1.9,t,135,t,1.02,t,132,f,,other,-,850911070,otro
51,M,f,f,f,f,f,f,f,f,f,f,f,f,f,f,t,1.6,t,2.1,t,111,t,0.95,t,117,f,,other,-,850911085,otro
37,F,f,f,f,f,f,f,f,f,f,f,f,f,f,f,f,,f,,t,118,t,1.04,t,112,f,,other,-,850911086,otro
43,F,f,f,f,f,f,f,f,t,f,f,f,f,f,t,t,6.5,t,1.8,t,60,t,0.89,t,67,f,,SVHC,G,850911099,hipotiroidismo
32,F,f,f,f,f,f,f,f,f,f,f,f,f,f,f,t,0.64,t,1.7,t,102,t,0.76,t,134,f,,SVHC,-,850911100,otro
46,F,f,f,f,f,f,f,f,f,f,f,f,f,f,f,t,1.5,t,1.6,t,125,t,1.06,t,118,f,,SVHC,-,850911101,otro
59,M,f,f,f,f,f,f,f,f,f,f,f,f,f,t,t,2,t,2.4,t,94,t,0.96,t,98,f,,SVHC,-,850911102,otro
63,F,f,f,f,f,f,t,f,f,f,f,f,f,f,f,t,1.8,t,2,t,152,t,1.18,t,129,f,,other,-,850911103,otro
33,M,f,f,f,f,f,f,f,f,f,f,f,f,f,f,t,1.2,t,2.2,t,118,t,0.89,t,132,f,,SVHC,-,850911104,otro
33,F,f,f,f,f,f,f,f,f,f,f,f,f,f,f,f,,t,1.9,f,,f,,f,,f,,other,-,850912007,otro
33,F,f,f,f,f,f,f,f,f,f,f,f,f,f,f,t,1,t,0.2,t,87,t,0.54,t,161,f,,other,KJ,850912013,otro
46,M,f,f,f,f,f,f,f,f,f,f,f,f,f,f,t,2.1,t,3.2,t,160,t,1.53,t,105,f,,other,I,850912014,otro
52,M,f,f,f,f,f,f,f,f,f,f,f,f,f,f,t,1,t,1.9,t,88,t,0.8,t,110,f,,other,-,850912015,otro
52,F,f,f,f,f,f,f,f,f,f,f,f,f,f,f,t,0.97,t,2.3,t,125,t,1.06,t,117,f,,other,-,850912016,otro
52,M,f,f,f,f,f,f,f,f,f,f,f,f,f,f,t,0.015,t,2.7,t,122,t,0.83,t,147,f,,other,-,850912017,otro
53,F,f,f,f,f,f,f,f,f,f,f,f,f,f,f,t,183,t,1.4,t,14,t,1.31,t,11,f,,other,F,850912025,hipotiroidismo
53,M,t,f,f,f,f,f,f,f,f,f,f,f,f,f,t,0.63,t,1.6,t,115,t,0.9,t,128,f,,other,-,850912027,otro
53,M,t,f,f,f,f,f,f,f,f,f,f,f,f,f,t,0.51,t,2.4,t,124,t,0.96,t,129,f,,other,-,850912029,otro
71,F,t,f,f,f,f,f,f,f,f,f,f,f,f,f,t,4.7,t,1.7,t,93,t,0.98,t,94,f,,other,-,850912030,otro
50,F,t,f,f,f,f,f,f,f,f,f,f,f,f,f,t,0.54,t,1.8,t,160,t,1.1,t,146,f,,other,-,850912036,otro
61,F,f,t,f,f,f,f,f,f,f,f,f,f,f,f,f,,f,,t,61,t,0.78,t,81,f,,other,-,850912037,otro
40,F,t,f,f,f,f,f,f,f,f,f,f,f,f,f,t,1.6,t,1.9,t,142,t,0.91,t,156,f,,other,-,850912039,otro
59,F,t,f,f,f,f,f,f,f,f,f,f,f,f,f,t,0.015,t,2.2,t,164,t,1.01,t,162,f,,other,N,850912040,otro
38,M,f,f,f,f,f,f,f,f,f,f,f,f,f,f,t,0.05,t,4.8,t,32,f,,f,,f,,other,-,850912043,otro
37,,f,f,f,f,f,f,f,f,f,f,f,f,f,f,t,0.72,t,2.8,t,110,t,0.99,t,111,f,,other,-,850912045,otro
72,F,t,f,f,f,f,f,f,f,f,f,f,f,f,f,t,0.74,t,1,t,82,t,0.86,t,95,f,,SVHC,K,850912049,otro
73,F,f,f,f,f,f,f,f,f,f,f,f,f,f,f,t,0.01,t,3.4,t,133,t,0.84,t,159,f,,other,-,850912051,otro
73,M,f,f,f,f,f,f,f,f,f,f,f,f,f,f,f,,f,,t,91,t,0.8,t,113,f,,other,-,850912052,otro
55,F,f,f,f,f,f,f,f,f,t,f,f,f,f,f,t,0.01,t,5.5,t,219,t,0.8,t,274,f,,other,A,850912059,hipertiroidismo
46,F,t,f,f,f,f,f,f,f,f,f,f,f,f,f,t,0.02,t,1.9,t,116,t,0.9,t,129,f,,other,-,850912060,otro
16,F,t,f,f,f,f,f,f,f,f,f,f,f,f,f,t,3.3,f,,t,65,t,0.73,t,90,f,,other,-,850912062,otro
52,F,f,f,f,f,f,f,f,f,f,f,f,f,f,f,t,5.5,t,2,t,95,t,1.08,t,88,f,,other,-,850912063,otro
46,F,t,f,f,f,f,f,f,f,f,f,f,f,f,f,t,0.5,t,1.7,t,132,t,1.02,t,130,f,,other,-,850912066,otro
65,F,t,f,f,f,f,f,f,f,f,f,f,f,f,f,t,2.8,t,1.8,t,107,t,1.1,t,98,f,,other,-,850912067,otro
74,F,f,f,f,f,f,f,t,f,f,f,f,f,f,f,t,6.9,f,,t,97,t,0.87,t,112,f,,other,G,850912081,hipotiroidismo
74,,f,f,f,f,f,f,f,f,f,f,f,f,f,f,t,0.33,t,2.3,t,99,t,0.98,t,101,f,,other,-,850912082,otro
74,M,f,f,f,f,f,f,f,f,f,f,f,f,f,f,t,0.73,t,2.3,t,122,t,0.8,t,152,f,,other,-,850912084,otro
74,M,f,f,f,f,f,f,f,f,f,f,f,f,f,f,t,2.6,t,2.1,t,149,t,1.02,t,147,f,,other,-,850912085,otro
42,F,t,f,f,f,f,f,f,f,f,f,f,f,f,f,t,7.6,t,2.3,t,131,t,1.15,t,113,f,,other,M,850912088,otro
42,F,f,f,f,f,f,f,f,f,f,f,f,f,f,f,t,6.1,t,2.2,t,74,f,,f,,f,,other,G,850913005,hipotiroidismo
67,F,f,f,f,f,f,f,f,f,f,f,f,f,f,f,t,2.8,t,1.8,t,143,t,0.91,t,157,f,,SVI,R,850913006,otro
67,F,f,f,f,f,f,f,f,t,f,f,f,f,f,f,t,0.6,f,,t,76,t,0.86,t,88,f,,other,-,850913007,otro
27,F,f,f,f,f,f,f,f,f,f,f,f,f,f,f,t,2.2,t,2.3,t,105,t,0.97,t,109,f,,other,-,850913008,otro
38,M,f,f,f,f,f,f,f,f,f,f,f,f,f,t,t,2,t,1.9,t,139,t,0.96,t,145,f,,SVHC,-,850913010,otro
68,M,f,f,f,f,f,f,f,f,t,f,f,f,f,f,t,3.7,t,0.6,t,65,t,0.88,t,74,f,,other,-,850913011,otro
61,F,f,f,f,f,f,f,f,f,f,f,f,f,f,f,f,,f,,f,,f,,f,,t,20,other,-,850913017,otro
34,F,f,f,t,f,t,f,f,f,t,f,f,f,f,f,t,0.01,t,3.8,t,205,t,1.84,t,111,f,,STMW,I,850913022,otro
44,F,f,f,f,f,f,f,f,f,f,f,f,f,f,t,t,1.8,t,1.9,t,118,t,1.07,t,110,f,,SVHC,-,850913040,otro
55,F,f,f,f,f,f,f,f,f,f,f,f,f,f,f,t,0.28,t,2.1,t,116,t,1.14,t,102,f,,other,-,850913041,otro
55,F,t,f,f,f,f,f,f,f,f,f,f,f,f,f,t,0.01,t,2.2,t,172,t,1.1,t,157,f,,other,N,850913042,otro
47,F,t,f,f,f,f,f,f,f,f,f,f,f,f,f,t,0.01,t,4.2,t,214,t,1.45,t,148,f,,other,-,850913052,otro
59,F,f,f,f,f,f,f,f,f,f,f,f,f,f,f,t,1.8,t,2.9,t,123,t,1.31,t,94,f,,other,I,850913053,otro
48,F,f,f,f,f,f,f,f,f,t,f,f,t,f,f,t,0.42,t,2.5,t,93,t,1.14,t,82,f,,other,-,850913055,otro
68,F,t,f,f,f,f,f,f,f,f,f,f,f,f,f,t,0.02,t,2.2,t,142,t,0.99,t,143,f,,STMW,-,850913059,otro
20,F,f,f,f,f,f,f,f,f,f,f,f,f,f,t,t,2.6,t,3.3,t,121,t,1.08,t,112,f,,SVHC,-,850916001,otro
20,M,f,f,f,f,f,f,f,f,f,f,f,f,f,f,t,0.015,t,4.8,t,22,f,,f,,f,,SVI,A,850916005,hipertiroidismo
59,F,f,f,f,f,f,f,f,f,f,f,f,f,f,f,t,4.1,t,3.1,t,110,t,1.06,t,104,f,,SVI,-,850916010,otro
77,M,f,f,f,f,f,f,f,f,f,f,f,f,f,f,t,0.37,t,1.7,t,140,t,0.77,t,182,f,,SVI,R,850916012,otro
68,M,f,f,f,f,f,f,f,f,f,f,f,f,f,f,t,2.4,t,1.6,t,83,t,0.89,t,93,f,,SVI,-,850916029,otro
86,F,f,f,f,f,f,f,f,f,f,f,f,f,f,f,t,1.7,t,1.6,t,124,t,1.01,t,122,f,,SVI,-,850916030,otro
66,,f,f,f,f,f,f,f,f,f,f,f,f,f,f,t,0.19,t,1.4,t,97,t,0.87,t,111,f,,SVI,-,850916031,otro
73,M,f,f,f,f,f,f,f,f,f,f,f,f,f,f,t,8,t,1.3,t,101,t,0.93,t,108,f,,SVI,G,850916032,hipotiroidismo
76,F,f,f,f,f,f,f,f,t,f,f,f,f,f,f,t,2,t,1.4,t,107,t,0.77,t,139,f,,SVI,-,850916033,otro
63,M,f,f,f,f,f,f,f,f,f,f,f,f,f,f,t,2.4,t,1.1,t,124,t,0.85,t,145,f,,SVI,K,850916034,otro
39,M,f,f,f,f,f,f,f,f,f,f,f,f,f,f,t,0.93,t,2.6,t,130,t,1.13,t,115,f,,other,-,850916039,otro
66,F,f,f,f,f,f,f,f,f,t,f,f,f,f,f,t,0.34,f,,t,95,t,0.99,t,95,f,,other,-,850916042,otro
77,F,f,f,f,f,f,f,f,f,f,f,f,f,f,f,t,4.1,t,2.1,t,98,t,1.12,t,87,f,,other,-,850916043,otro
65,F,t,f,f,f,f,f,f,f,f,f,f,f,f,f,t,0.015,t,3.1,t,168,t,0.98,t,171,f,,other,N,850916048,otro
49,M,f,f,f,f,f,t,f,f,f,f,f,f,f,f,t,0.015,f,,t,126,t,0.83,t,152,f,,other,-,850917002,otro
29,F,f,f,f,f,f,f,f,t,f,f,f,f,f,f,t,1.6,t,2.2,t,87,t,0.95,t,92,f,,other,-,850917031,otro
65,M,f,f,f,f,f,f,f,f,f,f,f,f,f,f,t,2.3,t,1.3,t,157,t,0.91,t,172,f,,SVI,R,850917032,otro
23,M,f,f,f,f,f,f,f,f,f,f,f,f,f,f,t,1.4,t,2,t,156,t,1.17,t,134,f,,SVHC,-,850917037,otro
78,M,f,f,f,f,f,f,f,f,f,f,f,f,f,t,t,2.9,t,1.9,t,90,t,0.97,t,93,f,,SVHC,-,850917038,otro
24,M,f,f,f,f,f,f,f,f,f,f,f,f,f,t,t,0.77,t,2.8,t,110,t,0.91,t,121,f,,SVHC,-,850917039,otro
51,F,t,f,f,f,f,f,f,f,f,f,f,f,f,f,t,1.6,f,,t,160,t,1.09,t,147,f,,other,-,850917044,otro
26,F,f,f,f,f,f,f,f,f,t,f,f,f,f,f,t,1.2,t,2.5,t,114,t,1.09,t,104,f,,STMW,-,850917054,otro
61,M,f,f,f,t,f,f,f,f,f,f,f,f,f,f,t,2,t,1.7,t,107,t,0.99,t,107,f,,SVI,-,850917064,otro
22,M,f,f,f,f,f,f,f,f,f,f,f,f,f,f,t,1.9,t,2.1,t,76,t,0.79,t,96,f,,other,-,850917065,otro
72,F,f,f,f,t,f,f,f,f,f,f,f,f,f,f,t,1.3,t,1,t,101,t,0.8,t,127,f,,SVI,K,850917066,otro
72,F,f,f,f,f,f,f,f,f,f,f,f,f,f,f,t,0.54,t,1.7,t,90,t,0.83,t,109,f,,SVI,-,850917067,otro
26,M,f,f,f,f,f,f,f,f,f,f,f,f,f,t,t,0.25,t,1.8,t,120,t,0.85,t,140,f,,SVHC,-,850917068,otro
74,M,f,f,f,f,f,f,f,t,f,f,f,f,f,f,t,2,t,2.2,t,109,t,0.91,t,119,f,,other,-,850917069,otro
49,M,f,f,f,f,f,t,f,f,f,f,f,f,f,f,t,0.015,f,,t,137,t,0.8,t,170,f,,other,-,850917070,otro
65,F,t,f,f,f,f,f,f,f,t,f,f,f,f,f,t,0.015,t,1.9,t,88,t,0.81,t,109,f,,other,-,850917076,otro
65,,f,f,f,f,f,f,f,f,f,f,f,f,f,f,t,10,t,2,t,78,f,,f,,f,,other,G,850918002,hipotiroidismo
65,,f,f,f,f,f,f,f,f,f,f,f,f,f,f,t,0.14,t,5.3,t,129,f,,f,,f,,other,-,850918004,otro
56,F,f,f,f,f,f,f,f,f,f,f,f,f,f,f,t,5,t,1.7,t,60,t,0.77,t,78,f,,other,-,850918006,otro
21,,f,f,f,f,t,f,f,f,f,f,f,t,f,f,t,2.4,t,3.5,t,171,t,1.49,t,115,f,,STMW,C|I,850918018,otro
81,F,f,f,f,f,f,f,f,f,f,f,f,f,f,f,t,3.9,t,1.8,t,131,t,0.98,t,133,f,,SVI,-,850918060,otro
28,M,f,f,f,f,f,f,f,f,f,f,f,f,f,f,t,1.7,t,2.1,t,142,t,1.07,t,133,f,,SVI,-,850918061,otro
63,M,f,f,f,f,f,f,f,f,f,f,t,f,f,f,t,0.78,t,1.9,t,85,t,1.1,t,77,f,,SVI,-,850918062,otro
68,F,f,f,f,f,f,f,f,f,f,f,f,f,f,f,t,0.95,t,2,t,109,t,1.15,t,94,f,,SVI,-,850918063,otro
58,F,f,f,f,f,f,f,f,f,f,f,f,f,f,f,t,0.17,t,1.2,t,75,t,0.88,t,85,f,,SVI,-,850918064,otro
64,M,f,f,f,f,f,f,f,f,f,f,f,f,f,f,t,0.44,t,2.5,t,89,t,0.97,t,92,f,,SVI,-,850918065,otro
68,F,f,f,f,f,f,f,f,f,f,f,f,f,f,f,t,28,t,1.8,t,72,t,0.87,t,82,f,,SVI,G,850918066,hipotiroidismo
82,F,f,f,f,f,f,f,f,f,t,f,f,f,f,f,t,1.3,t,1.4,t,131,t,1.08,t,121,f,,SVI,-,850918067,otro
70,F,f,f,f,f,f,f,f,f,f,f,f,f,f,f,t,1.5,t,0.8,t,99,t,0.79,t,126,f,,SVI,K,850918068,otro
62,M,f,f,f,f,f,f,f,f,f,f,f,f,f,f,t,0.86,t,1.9,t,78,t,0.85,t,91,f,,SVI,-,850918069,otro
62,M,f,f,f,t,f,f,f,f,f,f,f,f,f,f,t,2.2,t,2.8,t,122,t,1.13,t,109,f,,SVI,-,850918070,otro
72,F,f,f,f,f,f,f,f,f,f,f,f,f,f,f,t,9.7,t,1.1,t,77,t,0.79,t,97,f,,SVI,GK,850918071,hipotiroidismo
67,F,f,f,f,f,f,f,f,f,f,f,f,f,f,f,t,1.1,t,2.3,t,114,t,1.1,t,104,f,,SVI,-,850918072,otro
24,F,f,f,f,f,f,f,f,f,f,f,f,f,f,f,t,2.6,t,1.3,t,67,t,0.88,t,76,f,,SVI,-,850918084,otro
24,F,f,f,f,f,f,f,f,f,f,f,f,f,f,f,t,3.2,t,2.8,t,91,f,,f,,f,,other,-,850918085,otro
28,M,f,f,f,f,f,f,f,f,f,f,f,f,f,t,t,1.4,t,2.4,t,110,t,0.99,t,111,f,,SVHC,-,850919011,otro
47,F,f,f,f,f,f,f,f,f,f,f,f,f,f,t,t,1.9,t,2.3,t,135,t,1.07,t,126,f,,SVHC,-,850919012,otro
37,F,f,f,f,f,f,f,f,f,f,t,f,f,f,t,t,4.4,t,2.6,t,108,t,1.12,t,96,f,,other,-,850919013,otro
74,M,f,f,f,t,f,f,f,f,f,f,f,f,f,f,t,3.3,t,1.2,t,91,t,0.92,t,99,f,,other,-,850919015,otro
59,F,f,f,f,f,f,f,f,f,f,f,f,f,f,f,t,7.1,t,2.1,t,79,t,0.96,t,83,f,,other,G,850919016,hipotiroidismo
69,F,f,f,f,f,f,f,f,f,f,f,f,f,f,f,t,1.6,t,1.9,t,90,t,0.99,t,91,f,,other,-,850919017,otro
41,F,f,f,f,f,f,f,f,f,f,f,f,f,f,f,t,0.03,t,2.1,t,187,t,0.89,t,210,f,,other,AK,850919018,hipertiroidismo
41,M,f,f,f,f,f,f,f,t,f,f,f,f,f,f,t,0.015,t,2.5,t,22,f,,f,,f,,other,D|R,850919019,otro
31,M,f,f,f,f,f,f,f,f,f,f,f,f,f,t,t,1.2,t,2.7,t,99,t,0.88,t,113,f,,SVHC,-,850919020,otro
37,F,f,f,f,f,f,f,f,f,f,t,f,f,f,f,t,0.64,t,2.1,t,92,t,0.99,t,93,f,,other,-,850919021,otro
73,F,f,f,f,f,f,f,f,f,f,f,f,f,f,f,t,0.6,t,1.3,t,146,t,0.89,t,165,f,,other,R,850919022,otro
62,F,f,f,f,f,f,f,f,f,f,f,f,f,f,f,t,1.1,t,2.3,t,119,t,0.95,t,125,f,,other,-,850919024,otro
71,F,f,f,f,f,f,f,f,f,f,f,f,f,f,f,t,0.92,t,2.1,t,84,t,0.86,t,98,f,,other,-,850919025,otro
27,F,f,f,f,f,f,f,f,f,f,f,f,f,f,f,t,0.035,t,2.2,t,88,t,0.9,t,98,f,,other,-,850919027,otro
37,F,f,f,f,f,f,f,f,f,f,f,f,f,f,f,t,0.09,t,2.2,t,128,t,0.75,t,172,f,,other,R,850919036,otro
25,F,t,f,f,f,f,f,f,t,f,f,f,f,f,f,t,0.7,f,,t,183,t,1.41,t,130,f,,other,-,850919039,otro
62,M,t,f,f,f,f,f,f,f,f,f,f,f,f,f,t,2.4,t,2,t,103,t,0.95,t,109,f,,other,-,850919040,otro
58,F,t,f,f,f,f,f,f,f,f,f,f,f,f,f,t,0.49,f,,t,172,t,1.15,t,150,f,,other,-,850919041,otro
65,F,f,f,f,f,f,f,t,t,t,f,f,f,f,f,t,1.3,t,2.1,t,162,t,1.19,t,137,f,,other,I,850919042,otro
51,F,f,f,f,f,f,f,f,f,f,f,f,f,f,f,t,0.29,f,,t,98,t,1.03,t,95,f,,other,-,850919059,otro
71,F,f,f,f,t,f,f,f,f,f,f,f,f,f,f,t,0.16,t,2.4,t,165,t,1.35,t,123,f,,SVI,I,850919063,otro
72,F,f,f,f,f,f,f,f,f,f,f,f,f,f,f,t,3.9,t,2.5,t,87,t,1.11,t,78,f,,SVI,-,850919064,otro
78,F,f,f,f,f,f,f,f,t,f,f,f,f,f,f,t,0.64,t,1.7,t,113,t,0.99,t,115,f,,SVI,-,850919067,otro
37,M,f,f,f,f,f,f,f,f,f,f,f,f,f,f,t,2.1,t,2.3,t,93,t,0.82,t,113,f,,SVI,-,850919068,otro
37,F,f,f,f,f,f,f,f,f,f,f,f,f,f,f,f,,f,,f,,f,,f,,t,17,other,-,850919070,otro
65,M,f,f,f,f,f,f,f,f,t,f,f,f,f,f,t,2,t,2.1,t,154,t,0.99,t,156,f,,other,R,850919074,otro
80,F,f,f,f,f,f,f,f,f,f,f,f,f,f,f,t,0.04,t,2,t,141,t,1.05,t,134,f,,other,-,850919075,otro
67,F,t,f,f,f,f,f,f,f,f,f,f,f,f,f,t,0.02,f,,t,121,t,0.96,t,127,f,,other,-,850919076,otro
70,F,f,f,f,f,f,t,f,f,t,f,f,f,f,f,t,0.15,t,1.5,t,85,t,0.91,t,94,f,,other,-,850920002,otro
30,F,f,f,f,f,t,f,f,f,f,f,f,f,f,f,t,0.5,t,2.2,t,124,t,1.31,t,95,f,,STMW,-,850920008,otro
71,F,f,f,f,f,f,f,f,f,f,f,f,f,f,f,t,0.8,t,2.3,t,133,t,1.1,t,121,f,,SVI,-,850920009,otro
53,F,t,f,f,f,f,f,f,t,f,f,f,f,f,f,t,78,f,,t,78,t,1.16,t,67,f,,other,M,850920011,otro
23,F,f,f,f,f,f,f,f,f,f,f,f,f,f,f,t,3.7,t,2.3,t,150,t,1.25,t,120,f,,other,-,850920013,otro
65,F,f,f,f,f,f,f,f,f,f,f,f,f,f,f,t,2.8,t,2.1,t,84,t,0.87,t,96,f,,other,-,850920015,otro
68,F,f,f,f,f,f,f,f,f,f,f,f,f,f,f,t,0.005,t,1.8,t,142,t,1.05,t,135,f,,other,-,850920054,otro
35,F,f,f,f,f,f,f,f,f,f,f,f,f,f,f,t,2.1,t,2.2,t,106,t,0.91,t,117,f,,SVI,-,850920057,otro
72,M,f,f,f,t,f,f,f,f,f,f,f,f,f,f,t,0.82,t,1.5,t,83,t,0.76,t,117,f,,SVI,-,850920058,otro
82,F,f,f,f,t,f,f,f,f,f,f,f,f,f,f,t,3.2,t,1.4,t,76,t,0.86,t,88,f,,SVI,-,850920059,otro
76,M,f,f,f,f,f,f,f,f,f,f,f,f,f,f,t,7.5,t,2.1,t,89,t,1.14,t,78,f,,SVI,G,850920060,hipotiroidismo
76,F,f,f,f,f,f,f,f,f,f,f,f,f,f,f,t,0.005,t,3,t,158,t,0.87,t,183,f,,other,A,850920072,hipertiroidismo
73,F,t,f,f,f,f,f,f,f,f,f,f,f,f,f,t,0.39,f,,t,104,t,0.97,t,107,f,,other,-,850920074,otro
68,M,f,f,f,f,f,f,f,f,f,f,f,f,f,f,t,55,t,0.6,t,15,t,0.89,t,17,f,,SVI,F,850923010,hipotiroidismo
68,M,f,f,f,f,f,f,f,t,f,f,f,f,f,f,t,0.96,f,,t,104,t,1,t,104,f,,other,-,850923024,otro
59,M,f,f,f,f,f,f,f,f,f,f,f,f,f,f,t,1.5,t,1.8,t,147,t,1.11,t,132,f,,SVI,-,850923025,otro
33,F,f,f,f,f,f,f,f,f,f,f,f,f,f,f,t,6.2,t,0.8,t,51,t,0.88,t,58,f,,SVI,FK,850923026,hipotiroidismo
61,F,f,f,f,f,f,f,f,f,t,f,f,f,f,f,t,6.4,t,2.4,t,141,t,1.26,t,112,f,,SVI,G,850923027,hipotiroidismo
14,F,f,f,f,f,f,f,f,f,f,f,f,f,f,f,t,3.6,t,1.2,t,103,t,0.88,t,118,f,,SVI,-,850923029,otro
59,M,f,f,f,f,f,f,f,f,f,f,f,f,f,t,t,1.1,t,2,t,95,t,0.85,t,111,f,,SVHC,-,850923032,otro
71,F,f,f,f,f,f,f,f,f,f,f,f,f,f,f,t,1.9,t,2.9,t,111,t,0.92,t,121,f,,SVI,-,850923035,otro
52,F,f,f,f,f,f,f,f,f,f,f,f,f,f,f,t,2,f,,t,120,t,1.02,t,118,f,,other,-,850923045,otro
31,F,f,f,f,f,f,f,f,f,f,f,f,f,f,f,t,1.1,t,2,t,98,t,0.84,t,117,f,,other,-,850923046,otro
63,M,f,f,f,t,f,f,f,f,f,f,f,f,f,f,t,1.4,t,1.4,t,90,t,0.91,t,100,f,,SVI,-,850923052,otro
71,F,f,f,f,f,f,f,f,f,f,f,f,f,f,f,t,1.4,t,1.8,t,94,t,0.76,t,124,f,,SVI,-,850923057,otro
69,M,f,f,f,f,f,f,f,f,f,f,f,f,f,f,t,2.3,t,1.4,t,88,t,0.86,t,102,f,,SVI,-,850923058,otro
33,M,f,f,f,f,f,f,f,f,f,f,f,f,f,t,t,1.3,t,2.2,t,120,t,0.96,t,126,f,,SVHC,-,850923059,otro
58,,f,f,f,f,f,f,f,f,f,f,f,f,f,f,t,2,t,1.7,t,144,t,0.94,t,153,f,,other,-,850924001,otro
59,F,f,f,f,f,f,f,f,f,f,f,f,f,f,f,t,0.82,t,1.4,t,91,t,0.97,t,94,f,,other,-,850924003,otro
73,F,f,f,f,f,f,f,f,f,f,f,f,f,f,f,t,3.4,t,1.6,t,100,t,0.88,t,113,f,,SVHC,-,850924004,otro
65,M,f,f,f,f,f,f,f,f,f,f,f,f,f,f,t,3.4,t,1.9,t,93,t,0.97,t,96,f,,SVHC,-,850924007,otro
50,F,f,f,f,f,f,f,f,f,f,f,f,f,f,f,t,1.8,t,2.5,t,114,t,1.11,t,103,f,,SVHC,-,850924008,otro
45,F,f,f,f,f,f,f,f,f,f,f,f,f,f,f,t,0.57,t,1.8,t,128,t,1.14,t,112,f,,SVHC,-,850924009,otro
34,M,f,f,f,f,f,f,f,f,f,f,f,f,f,f,t,1.8,t,2.2,t,78,t,0.77,t,102,f,,SVHC,-,850924010,otro
55,M,f,f,f,f,f,f,f,f,f,f,f,f,f,f,t,1.4,t,1.8,t,103,t,0.89,t,115,f,,other,-,850924011,otro
49,F,f,f,f,f,f,f,f,f,f,f,f,f,f,f,t,4.5,t,3.2,t,84,t,0.84,t,100,f,,other,-,850924026,otro
24,F,f,f,f,f,f,f,f,f,f,f,f,f,f,f,t,0.82,t,2.5,t,97,t,0.91,t,107,f,,other,-,850924027,otro
67,F,f,f,f,f,f,f,f,f,f,f,f,f,f,f,t,1.4,t,2.1,t,132,t,1.13,t,116,f,,SVI,-,850924031,otro
58,M,f,f,f,f,f,f,f,f,f,f,f,f,f,f,t,0.82,t,2.2,t,100,t,0.98,t,102,f,,other,-,850924032,otro
60,M,f,f,f,f,f,f,f,f,f,f,f,f,f,f,t,0.53,t,2.5,t,105,t,1.01,t,104,f,,other,-,850924035,otro
28,F,f,f,t,f,f,f,f,f,t,f,f,f,f,f,t,2.4,t,2.1,t,125,f,,f,,f,,other,-,850924043,otro
72,,f,f,f,t,f,f,f,f,f,f,f,f,f,f,f,,f,,f,,f,,f,,t,24,other,-,850924051,otro
35,F,t,f,f,f,f,f,f,f,f,f,f,f,f,f,t,1.9,t,1.8,t,100,t,0.81,t,123,f,,other,-,850924064,otro
56,M,f,f,f,f,f,f,f,t,f,f,f,f,f,f,t,1.3,t,1.8,t,104,f,,f,,f,,other,-,850924065,otro
56,F,f,f,f,f,f,f,f,f,f,f,f,f,f,f,t,3,t,1.1,t,122,t,1.13,t,108,f,,SVI,K,850925019,otro
29,M,f,f,f,f,f,f,f,f,f,f,f,f,f,t,t,1.7,t,2.3,t,135,t,0.97,t,140,f,,SVHC,-,850925022,otro
27,M,f,f,f,f,f,f,f,f,f,f,f,f,f,t,t,1.4,t,2.3,t,132,t,0.94,t,140,f,,SVHC,-,850925023,otro
39,F,f,f,f,f,f,f,f,f,t,f,f,f,f,f,t,0.25,t,2.9,t,136,t,1.44,t,94,f,,other,-,850925057,otro
60,F,f,f,f,f,f,f,f,f,f,f,f,f,f,f,t,151,t,1.4,t,42,t,1.06,t,39,f,,other,F,850925061,hipotiroidismo
60,,f,f,f,f,f,f,f,f,f,f,f,f,f,f,t,1.1,f,,f,,f,,f,,f,,other,-,850925062,otro
60,,f,f,f,f,f,f,f,f,f,f,f,f,f,f,f,,t,1.2,t,87,t,0.72,t,121,f,,other,-,850925063,otro
39,,f,f,f,f,f,f,f,f,f,f,f,f,f,f,t,2.2,t,3.2,t,108,t,1.07,t,100,f,,STMW,I,850925067,otro
58,F,f,f,f,f,f,f,f,t,f,f,f,f,f,f,t,0.59,t,1.5,t,83,t,0.86,t,97,f,,SVI,-,850926001,otro
54,M,f,f,f,t,f,f,f,f,f,f,f,f,f,f,t,0.46,t,3,t,116,t,1.05,t,110,f,,SVHD,-,850926002,otro
72,M,f,f,f,t,f,f,f,f,f,f,f,f,f,f,t,5.4,t,1.8,t,87,t,0.91,t,95,f,,other,-,850926003,otro
20,M,f,f,f,f,f,f,f,f,f,f,f,f,f,f,t,0.1,t,1.3,t,77,f,,f,,f,,SVI,-,850926005,otro
32,M,f,f,f,f,f,f,f,f,f,f,f,f,f,t,t,8.099999,t,2.5,t,90,t,0.95,t,95,f,,SVHC,G,850926006,hipotiroidismo
53,M,f,f,f,f,f,f,f,f,f,f,f,f,f,f,t,1.6,t,1.9,t,96,t,0.78,t,124,f,,SVHC,-,850926007,otro
23,F,t,f,f,f,f,f,f,f,f,f,f,f,f,f,t,1.4,t,3,t,174,t,1.35,t,129,f,,other,-,850926010,otro
23,F,f,f,f,f,f,f,f,f,t,f,f,f,f,f,t,0.015,t,4,t,204,t,0.84,t,242,f,,other,A,850926011,hipertiroidismo
23,M,f,f,f,f,f,f,f,f,f,f,f,f,f,f,t,2.1,t,2.7,t,113,t,1.1,t,102,f,,other,-,850926013,otro
37,F,f,f,f,f,f,f,f,f,f,f,f,f,f,f,t,12,t,2.4,t,84,t,1.24,t,68,f,,STMW,G,850926017,hipotiroidismo
23,F,f,f,f,f,f,f,f,f,f,f,f,f,f,f,t,0.02,t,3.4,t,91,t,1.1,t,83,f,,other,I,850926032,otro
67,M,f,f,f,f,f,f,f,f,f,f,f,f,f,f,t,4.3,t,2,t,125,t,1.01,t,124,f,,SVI,-,850926040,otro
57,M,f,f,f,f,f,f,f,f,f,f,f,f,f,f,t,0.75,t,0.9,t,82,t,0.62,t,133,f,,SVI,K,850926044,otro
57,M,f,f,f,f,f,f,f,f,f,f,f,f,f,f,t,1.1,t,3,t,117,t,0.97,t,120,f,,other,-,850926045,otro
84,F,f,f,f,f,f,f,f,f,f,f,f,f,f,f,t,12,f,,t,101,t,1.08,t,94,f,,other,G,850926049,hipotiroidismo
42,F,f,f,f,f,f,f,f,f,f,f,f,f,f,f,t,2.3,t,2.2,t,178,t,1.26,t,142,f,,other,-,850926050,otro
58,F,t,f,f,f,f,f,f,f,f,f,f,f,f,f,t,0.6,t,2,t,151,t,1.05,t,144,f,,other,-,850927004,otro
24,F,f,f,f,f,f,f,f,f,t,f,f,f,f,f,t,0.78,t,2.5,t,148,t,1.23,t,120,f,,other,-,850927005,otro
70,F,t,f,f,f,f,f,f,f,f,f,f,f,f,f,t,8.5,f,,t,127,t,1.05,t,121,f,,other,M,850927013,otro
83,F,f,f,f,f,f,f,f,f,t,f,f,f,f,f,t,8.299999,t,2.1,t,104,t,1.06,t,97,f,,other,G,850927020,hipotiroidismo
2,,f,f,f,f,f,f,f,f,f,f,f,f,f,f,t,472,t,1.7,t,34,t,1.17,t,29,f,,STMW,F,850927021,hipotiroidismo
45,M,f,f,f,f,f,f,f,f,f,f,f,f,f,f,t,5,t,0.7,t,54,t,0.85,t,63,f,,SVI,K,850927030,otro
55,F,f,f,f,f,f,f,f,f,f,f,f,f,f,f,t,2.9,t,1.5,t,88,t,0.94,t,94,f,,other,-,850927031,otro
26,F,f,f,f,f,f,f,f,f,f,f,f,f,f,f,t,2.1,t,2.2,t,95,t,1,t,95,f,,other,-,850927032,otro
75,M,f,f,f,f,f,f,f,f,f,f,f,f,f,f,t,0.04,t,0.8,t,93,t,0.58,t,160,f,,other,-,850927033,otro
63,F,f,f,f,f,f,f,f,t,f,f,f,f,f,f,t,0.74,f,,t,74,t,0.77,t,97,f,,other,-,850927034,otro
50,F,f,f,f,t,f,f,f,f,f,f,f,f,f,f,t,1.4,t,1.8,t,126,t,1.07,t,117,f,,other,-,850927036,otro
72,F,f,f,f,f,f,f,f,f,f,f,f,f,f,f,t,0.05,t,0.9,t,93,t,0.97,t,97,f,,SVI,K,850927057,otro
69,F,f,f,f,f,f,f,f,f,f,f,f,f,f,f,t,0.83,t,2.4,t,123,t,1.14,t,108,f,,SVI,-,850927064,otro
63,F,f,f,f,f,f,f,f,t,f,f,f,f,f,f,t,2.3,t,2.3,t,111,t,1.06,t,105,f,,other,-,850927067,otro
74,F,f,f,f,f,f,f,f,f,f,f,f,f,f,f,t,5.5,t,1.4,t,89,t,0.99,t,89,f,,other,-,850927079,otro
61,F,t,f,f,f,f,f,f,f,f,f,f,f,f,f,t,0.51,f,,t,90,t,0.81,t,111,f,,other,-,850930001,otro
27,F,f,f,f,f,f,f,f,f,f,f,f,f,f,f,t,1.8,t,2.3,t,119,t,0.99,t,120,f,,other,-,850930004,otro
27,F,f,f,f,f,f,f,f,f,f,f,f,f,f,f,t,15,t,1.6,t,82,t,0.82,t,100,f,,SVI,G,850930005,hipotiroidismo
71,F,f,f,f,f,f,f,f,f,f,f,f,f,f,f,t,0.02,t,2.2,t,165,t,0.89,t,186,f,,SVI,AK,850930006,hipertiroidismo
71,,f,f,f,f,f,f,f,f,f,f,f,f,f,t,t,1.1,t,2.4,t,122,t,1.12,t,109,f,,other,-,850930011,otro
60,F,f,f,f,f,f,f,f,t,f,f,f,f,f,f,t,8.9,f,,t,75,t,0.97,t,77,f,,other,G,850930012,hipotiroidismo
53,F,t,f,f,f,f,f,f,t,f,f,f,f,f,f,t,3.9,f,,t,114,t,1.17,t,97,f,,other,-,850930013,otro
53,F,f,f,f,f,f,f,f,f,f,f,f,f,f,f,t,5.4,t,2.6,t,125,f,,f,,f,,other,-,850930014,otro
34,F,f,f,f,f,f,f,f,f,f,f,f,f,f,f,t,1.2,t,1.6,t,103,t,0.73,t,142,f,,SVI,-,850930015,otro
34,,f,f,f,f,f,f,f,f,f,f,f,f,f,f,t,3.3,t,1.6,t,83,t,0.7,t,118,f,,other,-,850930016,otro
81,F,f,f,f,f,f,f,f,f,f,f,f,f,f,f,t,1.3,t,1.6,t,94,t,0.8,t,119,f,,other,-,850930019,otro
54,F,f,f,f,f,f,f,f,f,f,t,f,f,f,f,t,2.9,t,2.5,t,74,t,0.99,t,75,f,,SVHC,-,850930026,otro
67,F,f,f,f,f,f,f,f,t,f,f,f,f,f,f,t,0.84,t,3.3,t,222,t,1.82,t,122,f,,SVI,I,850930030,otro
37,F,f,f,f,f,f,f,f,f,f,f,f,f,f,f,t,1.4,t,1.7,t,71,t,0.72,t,99,f,,SVHC,-,850930031,otro
29,F,f,f,f,f,f,f,f,f,f,f,f,f,f,f,t,3,t,2.2,t,86,t,1.09,t,79,f,,other,-,850930034,otro
61,F,t,f,f,f,f,f,f,f,f,f,f,f,f,f,t,3.9,t,2.7,t,84,t,1.03,t,81,f,,other,-,850930057,otro
60,F,f,f,f,t,f,f,f,f,f,f,f,f,f,f,t,1.7,t,1.7,t,109,t,0.84,t,130,f,,SVI,-,850930058,otro
63,M,f,f,f,f,f,f,f,f,f,f,f,f,f,t,t,1.5,t,2.1,t,129,t,1.08,t,120,f,,SVHC,-,850930059,otro
85,F,f,f,f,f,f,f,f,f,f,f,f,f,f,f,t,0.58,t,1.9,t,140,t,0.96,t,145,f,,SVI,-,850930060,otro
81,F,f,f,f,f,f,f,f,f,f,f,f,f,f,f,t,3.1,t,1.8,t,105,t,0.92,t,114,f,,SVI,-,850930061,otro
77,F,f,f,f,f,f,f,f,f,f,f,f,f,f,f,t,6.2,t,1.2,t,89,t,0.74,t,121,f,,SVI,G,850930062,hipotiroidismo
22,,f,f,f,f,f,f,f,f,f,f,f,f,f,f,t,3.1,t,2.7,t,136,t,1.27,t,107,f,,other,-,850930063,otro
56,F,f,f,f,f,f,f,f,f,f,f,f,f,f,f,t,0.02,t,7.1,t,223,t,1,t,222,f,,other,A,850930068,hipertiroidismo
47,M,f,f,f,f,f,f,f,f,f,f,f,f,f,t,t,2.3,t,1.6,t,75,t,0.93,t,80,f,,SVHC,-,850930071,otro
67,F,f,f,f,f,f,f,f,f,t,f,f,f,f,f,t,1.2,t,2.2,t,121,t,1.02,t,118,f,,other,-,850930072,otro
59,F,t,f,f,f,f,f,f,t,f,f,f,f,f,f,t,4,t,1.3,t,120,t,0.94,t,128,f,,other,-,850930073,otro
72,M,f,f,f,f,f,f,f,f,f,f,f,f,f,f,t,5.3,t,1,t,97,t,0.65,t,150,f,,SVI,K,851001001,otro
51,F,f,f,f,f,f,f,f,f,f,f,f,f,f,f,t,3.3,t,1.9,t,92,t,0.93,t,98,f,,other,-,851001002,otro
31,,f,f,f,f,f,f,f,f,f,f,f,f,f,f,t,0.4,t,2.5,t,165,t,0.9,t,184,f,,STMW,R,851001014,otro
41,F,f,f,f,f,f,f,f,f,f,f,f,f,f,f,t,2.5,t,1.8,t,95,t,0.9,t,106,f,,other,-,851001018,otro
51,F,f,f,f,f,f,f,f,f,f,f,f,f,f,f,t,4.7,f,,t,111,t,1,t,112,f,,other,-,851001026,otro
77,F,f,f,f,f,f,f,f,f,f,f,f,f,f,f,t,2.7,t,2,t,103,t,0.9,t,114,f,,other,-,851001044,otro
26,F,f,f,f,f,f,f,f,f,f,f,f,f,f,f,t,1.6,t,2.1,t,140,t,1.05,t,132,f,,SVI,-,851001045,otro
55,M,f,f,f,f,f,f,f,f,f,f,f,f,f,f,t,1.9,t,2.3,t,90,t,0.81,t,112,f,,SVI,-,851001046,otro
45,M,f,f,f,f,f,f,f,f,f,f,f,f,f,f,t,1.1,t,2,t,63,t,0.66,t,96,f,,SVI,-,851001047,otro
45,,f,f,f,f,f,f,f,f,f,f,f,f,f,f,t,4.8,t,0.9,t,87,t,0.78,t,112,f,,SVI,K,851001065,otro
45,,t,f,f,f,f,f,f,f,f,f,f,f,f,f,t,9,t,2.8,t,237,t,1.17,t,203,f,,STMW,R,851002002,otro
35,,f,f,f,f,f,f,f,f,f,f,f,f,f,f,t,1.7,t,2.3,t,82,t,0.88,t,93,f,,STMW,-,851002003,otro
34,,f,f,f,f,f,f,f,f,f,f,f,t,f,f,t,7.8,t,2,t,95,t,0.99,t,96,f,,STMW,G,851002004,hipotiroidismo
62,F,f,f,f,f,f,f,f,f,f,f,f,f,f,f,t,4.4,t,2.6,t,98,t,0.93,t,105,f,,other,-,851002015,otro
62,F,f,f,f,f,f,f,f,f,f,f,f,f,f,f,t,0.02,t,2,t,113,t,1.03,t,110,f,,other,-,851002016,otro
74,F,t,f,f,f,f,f,f,f,f,f,f,f,f,f,t,0.28,t,1.3,t,138,t,0.83,t,166,f,,SVI,-,851002017,otro
57,M,f,f,f,f,f,f,f,f,f,f,f,f,f,t,t,1.6,t,2,t,87,t,0.61,t,143,f,,other,-,851002018,otro
41,F,f,f,f,f,f,f,f,f,t,f,f,f,f,f,f,,f,,f,,f,,f,,t,20,other,-,851002025,otro
53,M,f,f,f,f,f,f,f,f,f,f,f,f,f,f,t,2.4,t,2.6,t,151,t,1.16,t,130,f,,SVI,-,851002047,otro
57,M,f,f,f,f,f,f,f,f,f,f,f,f,f,f,t,1.9,t,1.7,t,76,t,0.81,t,93,f,,SVI,-,851002049,otro
54,M,t,f,f,f,f,f,f,f,f,f,f,f,f,f,t,4.7,f,,t,120,t,1.01,t,118,f,,other,-,851002050,otro
47,F,f,f,f,f,f,f,f,f,f,f,f,f,f,f,t,11,t,2.6,t,91,f,,f,,f,,other,G,851002052,hipotiroidismo
54,M,f,f,f,f,f,f,f,f,f,f,f,f,f,f,t,1.2,t,1.9,t,89,t,0.85,t,104,f,,SVI,-,851002053,otro
75,F,f,f,f,f,f,f,f,f,f,f,f,f,f,f,t,10,t,1.6,t,90,t,0.89,t,101,f,,other,G,851003006,hipotiroidismo
75,F,f,f,f,f,f,f,f,f,f,f,f,f,f,f,t,0.77,t,2.3,t,83,t,0.89,t,94,f,,other,-,851003007,otro
35,M,f,f,f,f,f,f,f,f,f,f,f,f,f,f,t,0.97,t,2.4,t,81,t,0.75,t,109,f,,SVHC,-,851003008,otro
42,,f,f,f,f,f,f,f,f,f,f,f,f,f,f,t,1.2,t,1.8,t,70,t,0.86,t,81,f,,other,-,851003009,otro
23,,f,f,f,t,f,f,f,f,f,f,f,f,f,f,t,4.1,t,1.9,t,66,t,0.85,t,77,f,,SVHD,-,851003010,otro
50,,t,f,f,f,f,f,f,t,f,f,f,f,f,f,t,1.7,t,1.8,t,113,t,1.01,t,112,f,,STMW,-,851003015,otro
48,F,f,f,f,f,f,f,f,f,f,f,f,f,f,f,t,2.8,f,,t,112,t,0.92,t,121,f,,other,-,851003023,otro
70,,f,f,f,f,f,f,t,f,f,f,f,f,f,f,t,2.3,t,2.7,t,95,t,1.07,t,88,f,,other,-,851003027,otro
72,F,t,f,f,f,f,f,f,f,f,f,f,f,f,f,t,0.005,t,2.5,t,231,t,0.92,t,251,f,,other,N,851003028,otro
62,F,t,f,f,f,f,f,f,t,f,f,f,f,f,f,t,0.005,t,2.1,t,130,t,0.99,t,131,f,,other,-,851003031,otro
73,F,f,f,f,f,f,f,f,f,f,f,f,f,f,f,t,5.6,t,1.9,t,115,t,0.98,t,118,f,,other,-,851003046,otro
72,F,f,f,f,f,f,f,f,f,f,f,f,f,f,f,t,1.5,t,1.3,t,86,t,0.88,t,99,f,,SVI,-,851003054,otro
47,F,f,f,f,f,f,f,f,f,f,f,f,f,f,f,t,1.1,t,2.3,t,113,t,1.1,t,103,f,,SVI,-,851003055,otro
47,,f,f,f,t,f,f,f,f,f,f,f,f,f,f,t,0.02,t,1.9,t,111,t,0.93,t,119,f,,other,-,851003056,otro
38,M,f,f,f,f,f,f,f,f,f,f,f,f,f,t,t,2.5,t,2.3,t,90,t,0.91,t,99,f,,SVHC,-,851003057,otro
25,M,f,f,f,f,f,f,f,f,f,f,f,f,f,f,t,3.4,t,1.9,t,63,t,0.81,t,78,f,,other,-,851003062,otro
51,F,f,f,f,f,f,f,f,f,f,f,f,f,f,f,t,0.08,t,2.8,t,109,t,0.9,t,121,f,,other,-,851003064,otro
51,F,f,f,f,f,f,f,f,t,f,f,f,f,f,f,t,58,f,,t,77,t,1.11,t,69,f,,other,G,851003072,hipotiroidismo
54,F,f,f,f,f,f,f,f,f,f,f,f,f,f,f,t,1.9,t,2,t,88,t,0.95,t,92,f,,other,-,851003084,otro
27,F,f,f,f,f,f,f,f,f,f,f,f,f,f,f,t,1.4,t,2,t,93,t,0.91,t,102,f,,SVI,-,851004001,otro
19,M,f,f,f,f,f,f,f,f,f,f,f,f,f,f,t,3.1,t,1.8,t,82,f,,f,,f,,other,-,851004003,otro
19,F,f,f,f,f,f,f,f,f,f,f,f,t,f,f,t,1.8,t,1.8,t,92,f,,f,,f,,other,-,851004004,otro
61,F,f,f,f,f,f,f,f,f,f,f,f,f,f,f,t,4.3,t,1.8,t,124,t,0.99,t,125,f,,other,-,851004005,otro
61,F,f,f,f,f,f,f,f,f,f,f,f,f,f,f,t,6.2,t,2.3,t,118,t,1.3,t,91,f,,other,G,851004006,hipotiroidismo
57,M,f,f,f,f,f,f,f,f,f,f,f,f,f,f,t,0.58,t,2.5,t,89,t,0.99,t,89,f,,other,-,851004007,otro
57,F,f,f,f,f,f,f,f,f,f,f,f,f,f,f,t,1,t,2,t,87,t,0.84,t,103,f,,SVHC,-,851004010,otro
25,M,f,f,f,f,f,f,f,f,f,f,f,f,f,f,t,1.7,t,2,t,90,t,0.85,t,106,f,,other,-,851004018,otro
25,F,f,f,f,f,f,f,f,f,f,f,f,f,f,f,t,0.02,t,2.3,t,85,t,0.79,t,107,f,,other,-,851004020,otro
18,,f,f,f,f,f,f,f,f,f,f,f,f,f,f,t,1.2,t,2.4,t,74,t,1.16,t,63,f,,STMW,-,851004025,otro
25,,t,f,f,f,f,t,f,f,f,f,f,f,f,f,t,1.1,t,2.6,t,212,t,1.75,t,121,f,,STMW,-,851004026,otro
31,,f,f,f,f,f,f,f,f,f,f,f,f,f,f,t,1.9,t,2.7,t,99,t,1,t,99,f,,STMW,-,851004027,otro
61,M,f,f,f,f,f,f,f,f,f,f,f,f,f,f,f,,f,,f,,f,,f,,t,13,other,-,851004030,otro
58,M,f,f,f,f,f,f,f,f,f,f,f,f,f,f,t,1.8,t,1.6,t,102,t,1.07,t,96,f,,SVI,-,851004053,otro
52,M,f,f,f,f,f,f,f,f,f,f,f,f,f,f,t,3.3,t,1.5,t,111,t,0.98,t,114,f,,SVI,-,851004054,otro
52,F,f,f,f,f,f,f,f,f,f,f,f,f,f,f,t,5.1,t,1.4,t,117,t,1.02,t,114,f,,other,-,851004055,otro
84,M,f,f,f,f,f,f,f,f,f,f,f,f,f,t,t,3.6,t,0.6,t,82,t,0.74,t,110,f,,SVI,K,851004056,otro
35,F,f,f,f,f,f,f,f,f,t,f,f,f,f,f,t,230,t,1.5,t,36,t,1.34,t,27,f,,other,F,851004058,hipotiroidismo
19,F,f,f,f,f,f,f,f,f,f,f,f,f,f,f,f,,f,,t,90,t,0.89,t,101,f,,other,-,851009003,otro
2,F,t,f,f,f,f,f,f,f,f,f,f,f,f,f,t,0.025,f,,t,145,t,0.93,t,155,f,,other,-,851009005,otro
69,F,t,f,f,f,f,f,f,f,f,f,f,f,f,f,t,4.9,f,,t,73,t,0.93,t,79,f,,other,-,851009006,otro
84,F,f,f,f,f,f,f,f,f,t,f,f,f,f,f,f,,f,,t,88,t,0.87,t,100,f,,other,-,851009010,otro
69,M,t,f,f,f,f,f,t,f,t,f,f,f,f,f,t,0.71,f,,t,91,t,0.94,t,98,f,,other,-,851009011,otro
59,M,t,f,t,f,f,f,t,f,t,f,f,f,f,f,t,0.08,f,,t,125,t,0.78,t,161,f,,other,L,851009012,otro
19,F,f,f,f,f,f,f,f,f,f,f,f,f,f,f,t,9,f,,t,95,t,0.87,t,110,f,,other,G,851009013,hipotiroidismo
62,F,t,f,f,f,f,f,f,f,f,f,f,f,f,f,t,2.5,f,,t,126,t,1.24,t,101,f,,other,-,851009014,otro
26,F,f,f,f,f,f,f,f,f,f,f,f,f,f,t,t,1.8,t,2.5,t,147,t,1.13,t,129,f,,SVHC,-,851009015,otro
73,M,f,f,f,f,f,f,f,f,f,f,f,f,f,t,t,1.8,t,2.1,t,103,t,0.92,t,112,f,,SVHC,-,851009016,otro
51,F,f,f,f,f,f,t,f,f,f,f,f,f,f,f,t,2,f,,t,109,t,0.91,t,120,f,,other,-,851009019,otro
30,M,f,f,f,f,f,f,f,f,f,f,f,f,f,f,t,3.2,f,,t,97,t,0.69,t,141,f,,other,-,851009020,otro
36,F,f,f,f,f,f,f,f,f,f,f,f,f,f,f,t,22,t,0.2,t,4,t,1.01,t,4,f,,other,F,851009025,hipotiroidismo
59,F,f,f,f,f,f,f,t,f,f,f,f,f,f,f,t,9.7,f,,t,81,t,0.96,t,84,f,,other,G,851009028,hipotiroidismo
29,F,t,f,f,f,f,f,f,f,f,f,f,f,f,f,t,7,f,,t,98,t,0.85,t,114,f,,other,M,851009029,otro
33,F,f,f,f,f,f,f,f,f,f,f,f,f,f,f,f,,f,,f,,f,,f,,t,28,other,-,851009036,otro
66,F,f,f,f,f,f,f,f,f,f,f,f,f,f,f,t,0.31,t,2,t,123,t,1.15,t,107,f,,other,-,851009047,otro
27,F,f,f,f,f,f,f,f,f,f,f,f,f,f,f,t,1.5,t,2.2,t,182,t,1.37,t,133,f,,other,I,851009050,otro
70,F,f,f,f,f,f,f,f,f,f,f,f,f,f,f,t,0.72,t,1.2,t,61,t,0.87,t,70,f,,SVI,-,851009054,otro
57,M,f,f,f,f,f,f,f,f,f,f,f,f,f,f,t,0.8,t,1.9,t,109,t,0.78,t,139,f,,SVI,-,851009055,otro
23,F,f,f,f,f,f,f,f,f,f,f,f,f,f,f,t,1.2,t,1.6,t,105,t,0.87,t,120,f,,SVI,-,851009056,otro
42,,f,f,f,f,f,f,f,f,f,f,f,f,f,f,t,0.02,t,2.6,t,138,t,1.58,t,88,f,,STMW,-,851009059,otro
16,F,t,f,f,f,f,f,f,f,f,f,f,f,f,f,t,0.07,t,1.5,t,140,t,0.89,t,157,f,,other,-,851009068,otro
12,M,t,f,f,f,f,f,f,f,f,f,f,f,f,f,t,0.02,t,2.3,t,152,t,0.8,t,190,f,,other,N,851009069,otro
50,M,f,f,f,f,f,f,f,f,f,f,f,f,f,f,t,1.9,t,2,t,97,t,0.88,t,110,f,,SVI,-,851009081,otro
57,F,t,f,f,f,f,f,f,f,f,f,f,f,f,f,t,0.08,f,,t,142,t,0.93,t,153,f,,other,-,851009089,otro
24,M,f,f,f,f,f,f,f,f,f,f,f,f,f,t,t,0.1,t,1.6,t,182,f,,f,,f,,SVHC,-,851009099,otro
19,F,f,f,f,f,f,f,f,f,f,f,f,f,f,f,t,1.4,t,1.9,t,111,t,1.08,t,102,f,,other,-,851009100,otro
52,M,f,f,f,f,f,f,f,f,f,f,f,f,f,t,t,2.3,t,2.5,t,114,t,1.07,t,106,f,,SVHC,-,851009101,otro
38,M,f,f,f,f,f,f,f,f,f,f,f,f,f,f,t,0.57,t,1.3,t,156,t,1.39,t,112,f,,SVHC,-,851009102,otro
38,,f,f,f,f,f,f,f,f,f,f,f,f,f,f,t,4.3,t,1.7,t,76,f,,f,,f,,other,-,851009104,otro
61,F,f,f,f,f,f,f,f,f,f,f,f,f,f,f,t,0.81,t,2.3,t,103,t,1.02,t,100,f,,other,-,851009105,otro
68,F,t,f,f,f,f,f,t,f,t,f,f,f,f,f,t,2.6,t,2,t,152,t,1.41,t,108,f,,other,-,851009145,otro
68,M,f,f,f,f,f,f,f,f,f,f,f,f,f,f,t,0.02,t,2.5,t,113,t,0.76,t,149,f,,other,-,851009148,otro
68,F,f,f,f,f,f,f,f,f,f,f,f,f,f,f,t,3.7,t,1.9,t,67,t,0.95,t,72,f,,SVI,-,851009150,otro
54,,f,f,f,f,f,f,f,f,f,f,f,f,f,f,t,5.4,t,1.5,t,102,t,0.96,t,106,f,,SVI,-,851009151,otro
54,,f,f,f,f,f,f,f,f,f,f,f,f,f,f,t,2.9,t,2.1,t,127,t,1.24,t,102,f,,SVI,-,851009152,otro
60,M,f,f,f,f,f,f,f,f,f,f,f,f,f,f,t,2.5,t,1.3,t,119,t,0.88,t,135,f,,SVI,-,851009153,otro
29,F,f,f,f,f,f,t,f,f,f,f,f,f,f,f,t,24,f,,t,63,t,1.2,t,53,f,,other,F,851009171,hipotiroidismo
67,F,f,f,f,f,f,f,f,f,f,f,f,f,f,f,t,2.3,t,1.4,t,124,t,0.86,t,144,f,,SVI,-,851010001,otro
74,F,f,f,f,f,f,f,f,f,f,f,f,f,f,f,t,1.3,t,1.3,t,111,t,0.92,t,120,f,,SVI,-,851010005,otro
63,,f,f,f,f,f,f,f,f,f,f,f,f,f,f,f,,t,1.9,t,165,t,1.39,t,118,f,,other,I,851010008,otro
57,F,f,f,f,f,f,f,f,f,f,f,f,f,f,f,t,2.9,t,1.5,t,85,t,0.84,t,102,f,,other,-,851010009,otro
26,F,f,f,f,f,f,f,f,f,f,f,f,f,f,f,t,4.5,t,2.1,t,113,t,1.02,t,111,f,,SVHC,-,851010010,otro
48,F,f,f,f,f,f,f,f,f,f,f,f,f,f,f,t,2.8,t,2.7,t,102,t,0.94,t,109,f,,SVHC,-,851010011,otro
48,F,f,f,f,f,f,f,f,f,f,f,f,f,f,f,t,0.15,t,2,t,124,t,0.96,t,130,f,,other,-,851010012,otro
48,,f,f,f,f,f,f,f,f,f,f,f,f,f,f,t,3.1,t,2.5,t,90,t,1.03,t,88,f,,STMW,-,851010014,otro
84,F,f,f,f,f,f,f,f,f,f,f,f,f,f,f,t,3.4,t,2.4,f,,f,,f,,f,,other,-,851010019,otro
19,,f,f,f,f,f,f,f,f,f,f,f,f,f,f,f,,t,2.2,f,,f,,f,,f,,other,-,851010021,otro
19,F,f,f,f,f,f,f,f,f,f,f,f,f,f,f,t,0.86,t,2.2,f,,f,,f,,f,,other,-,851010024,otro
59,,f,f,f,f,f,f,f,f,f,f,f,f,f,f,f,,t,1.5,f,,f,,f,,f,,other,-,851010025,otro
69,,f,f,f,f,f,f,f,f,f,f,f,f,f,f,f,,t,1.5,f,,f,,f,,f,,other,-,851010027,otro
64,F,f,f,f,f,f,f,f,f,f,f,f,f,f,f,t,0.08,t,1.7,t,74,t,1.07,t,69,f,,other,-,851010028,otro
64,F,f,f,f,f,f,f,f,f,f,f,f,f,f,f,t,1.6,t,2.8,t,99,t,0.83,t,119,f,,other,-,851010029,otro
79,F,t,f,f,f,f,f,f,f,f,f,f,f,f,f,t,5.1,t,2,t,107,t,1.04,t,104,f,,other,-,851010032,otro
79,,f,f,f,f,f,f,f,f,f,f,f,f,f,f,t,12.099999,t,3.4,t,94,t,0.92,t,102,f,,other,-,851010034,otro
79,M,f,f,f,f,f,f,f,f,f,f,f,f,f,f,t,0.02,t,1.6,t,143,t,0.9,t,159,f,,other,R,851010037,otro
42,M,f,f,f,f,f,f,f,f,f,f,f,f,f,f,t,2.8,t,2,t,68,t,0.87,t,78,f,,other,-,851010038,otro
20,F,f,f,t,f,f,f,f,f,f,f,f,f,f,f,t,0.02,t,2.6,t,106,t,0.91,t,116,f,,other,-,851010041,otro
31,,t,f,f,f,f,f,f,f,f,f,f,f,f,f,t,0.02,t,2.1,t,212,t,1.17,t,181,f,,other,N,851010042,otro
40,M,f,f,f,f,f,f,f,f,f,f,f,f,f,f,t,1.6,t,2.4,t,105,t,0.83,t,125,f,,SVI,-,851010051,otro
73,F,f,f,f,f,f,f,f,f,f,f,f,f,f,f,t,0.56,t,1.3,t,70,t,0.93,t,75,f,,SVI,-,851010052,otro
67,M,f,f,f,f,f,f,f,f,f,f,f,f,f,f,t,0.97,t,1.8,t,102,t,0.92,t,111,f,,SVI,-,851010055,otro
28,F,f,f,f,f,f,f,f,f,f,f,f,f,f,f,t,1.9,f,,t,104,t,1.06,t,98,f,,other,-,851010056,otro
61,M,f,f,f,f,f,f,f,f,f,f,f,f,f,f,t,2.1,t,1.2,t,109,t,0.78,t,140,f,,SVI,-,851010063,otro
44,F,f,f,f,f,f,f,f,f,f,f,f,f,f,f,t,3.4,t,1.6,t,107,t,1.15,t,93,f,,other,-,851010073,otro
51,F,f,f,f,f,f,f,f,f,f,f,f,f,f,f,t,2.4,t,2,t,143,t,1.31,t,109,f,,other,-,851010077,otro
74,,f,f,f,f,f,f,t,f,f,f,f,f,f,f,t,0.5,t,2.4,t,100,t,1.07,t,93,f,,other,-,851010088,otro
26,M,f,f,f,f,f,f,f,f,f,f,f,f,f,f,t,5.7,t,2.1,t,73,t,0.74,t,98,f,,other,-,851011003,otro
54,M,f,f,f,f,f,f,f,f,f,f,f,f,f,f,t,1.6,t,2,t,84,f,,f,,f,,other,-,851011004,otro
54,M,f,f,f,f,f,f,f,f,f,f,f,f,f,f,t,2.3,t,2.4,t,106,t,1,t,106,f,,other,-,851011005,otro
63,M,f,f,f,f,f,f,f,f,f,f,f,f,f,f,t,2.7,t,2.2,t,83,f,,f,,f,,other,-,851011007,otro
18,,f,f,f,f,f,f,f,f,f,f,f,f,f,f,t,1.2,t,1.9,t,83,t,1.08,t,77,f,,STMW,-,851011009,otro
23,F,f,f,f,f,f,f,f,f,f,f,f,f,f,f,t,2.5,t,3.4,t,165,t,1.52,t,108,f,,STMW,I,851011010,otro
62,F,f,f,f,f,f,f,f,f,f,f,f,f,f,f,f,,t,1.4,f,,f,,f,,f,,other,-,851011017,otro
59,F,t,f,f,f,f,f,f,f,f,f,f,f,f,f,t,1.1,f,,t,141,t,1.17,t,120,f,,other,-,851011040,otro
59,F,f,f,f,f,f,f,f,f,f,f,f,f,f,f,t,0.93,t,1.7,t,81,f,,f,,f,,other,-,851011049,otro
68,F,f,f,f,f,f,f,f,f,f,f,f,f,f,f,t,2.8,t,1.9,t,123,t,1.16,t,106,f,,SVI,-,851011050,otro
84,F,f,f,f,f,f,f,f,f,f,f,f,f,f,f,t,4.6,t,1.5,t,83,t,0.78,t,106,f,,SVI,-,851011051,otro
53,F,f,f,f,f,f,f,f,f,f,f,f,f,f,f,t,0.045,t,2.5,t,157,t,1.07,t,147,f,,other,-,851011056,otro
72,F,f,f,f,f,f,f,f,f,f,f,f,f,f,f,t,0.85,f,,t,131,t,0.91,t,144,f,,other,-,851011058,otro
57,F,f,f,f,f,f,f,f,f,f,f,f,f,f,f,t,0.055,t,1.7,t,75,t,0.81,t,93,f,,other,-,851011059,otro
35,F,f,f,f,f,f,f,f,f,f,f,f,f,f,f,f,,f,,t,110,t,0.96,t,114,f,,other,-,851011060,otro
68,M,f,f,f,f,f,f,f,f,f,f,f,f,f,f,t,4.8,t,2.1,t,107,t,0.99,t,108,f,,other,-,851014002,otro
55,M,f,f,f,f,f,f,f,f,f,f,f,f,f,f,t,60,t,0.7,t,14,t,1.11,t,13,f,,other,F,851014015,hipotiroidismo
28,F,f,f,f,f,f,f,f,f,f,f,f,f,f,f,t,47,t,0.2,t,2,t,0.84,t,2,f,,other,F,851014016,hipotiroidismo
52,M,f,f,f,f,f,f,f,f,t,f,f,f,f,f,t,0.93,t,1.3,t,86,t,0.64,t,134,f,,SVI,-,851014024,otro
42,F,f,f,f,f,f,f,f,f,f,f,f,f,f,f,t,13,t,1.9,t,61,t,0.82,t,74,f,,SVI,G,851014025,hipotiroidismo
78,F,f,f,f,f,f,f,f,f,f,f,f,f,f,f,t,0.73,t,2,t,92,t,0.95,t,97,f,,SVI,-,851014026,otro
39,M,f,f,f,f,f,f,f,f,f,f,f,f,f,t,t,1,t,1.9,t,83,t,0.9,t,92,f,,SVHC,-,851014030,otro
50,M,f,f,f,f,f,f,f,f,f,f,f,f,f,f,t,0.2,t,1.8,t,142,t,0.99,t,144,f,,SVHC,-,851014031,otro
52,F,t,f,f,f,f,f,f,f,f,f,f,f,f,f,f,,f,,f,,f,,f,,t,39,other,S,851014057,otro
52,M,f,f,f,f,f,f,f,f,f,f,f,f,f,f,t,0.13,t,2.1,t,87,t,0.95,t,91,f,,other,-,851015001,otro
24,F,f,f,f,f,f,f,f,f,f,f,f,f,f,t,t,0.83,t,2.2,t,79,t,0.8,t,99,f,,SVHC,-,851015002,otro
71,F,f,f,f,f,f,f,f,f,t,f,f,f,f,f,t,0.02,t,1.8,t,143,t,0.87,t,164,f,,SVHC,R,851015003,otro
74,F,f,f,f,f,f,f,f,f,f,f,f,f,f,t,t,2.4,t,1.2,t,95,t,0.8,t,119,f,,SVHC,-,851015004,otro
57,M,f,f,f,f,f,f,f,f,f,t,f,f,f,f,t,1.4,t,2.5,t,101,t,1.03,t,96,f,,SVHC,-,851015005,otro
23,F,f,f,f,f,f,f,f,f,f,t,f,f,f,t,t,2.1,t,3.1,t,116,t,1.2,t,96,f,,SVHC,-,851015006,otro
28,M,f,f,f,f,f,f,f,f,f,f,f,f,f,f,t,0.1,t,2,t,169,f,,f,,f,,other,R,851015009,otro
37,F,f,f,f,f,f,f,f,f,f,f,f,f,f,f,t,3.1,t,2.1,t,87,t,0.75,t,115,f,,other,-,851015044,otro
60,M,t,f,f,f,f,f,f,f,f,f,f,f,f,f,t,0.35,t,1.6,t,98,t,0.75,t,131,f,,other,-,851015045,otro
70,F,f,f,f,f,f,f,f,f,f,f,f,f,f,f,t,1.7,t,1.8,t,167,t,0.88,t,189,f,,SVI,R,851015046,otro
79,M,f,f,f,f,f,f,f,f,f,f,f,f,f,f,t,2.1,t,1.7,t,112,t,0.96,t,117,f,,SVI,-,851015047,otro
67,M,f,f,f,f,f,f,f,f,f,f,f,f,f,f,t,1.4,t,1.5,t,95,t,0.78,t,122,f,,SVI,-,851015048,otro
55,M,f,f,f,f,f,f,f,f,f,f,f,f,f,f,t,1.5,t,0.4,t,52,t,0.75,t,69,f,,SVI,K,851015049,otro
70,F,f,f,f,f,f,f,f,f,f,f,f,f,f,t,t,2.8,t,2.4,t,111,t,0.8,t,139,f,,SVHC,-,851015050,otro
62,,f,f,f,f,f,f,f,f,f,f,f,f,f,f,t,2.2,t,2,t,117,t,0.8,t,145,f,,other,-,851015056,otro
40,F,f,f,f,f,f,f,f,f,f,f,f,f,f,f,t,7.2,t,2.3,t,111,t,0.99,t,112,f,,other,G,851015061,hipotiroidismo
63,F,f,f,f,f,f,f,f,f,f,f,f,f,f,f,t,4.9,t,1.9,t,90,t,0.98,t,92,f,,other,-,851015063,otro
67,F,f,f,f,f,f,f,f,f,f,f,f,f,f,f,t,2.6,t,0.2,t,99,t,0.72,t,138,f,,SVI,K,851016002,otro
33,M,f,f,f,f,f,f,f,f,f,t,f,f,f,f,t,1.8,t,2.4,t,120,t,0.99,t,121,f,,SVHC,-,851016004,otro
44,F,f,f,f,f,f,f,f,f,t,f,f,f,f,f,t,1.9,t,2.9,t,164,t,1.38,t,119,f,,other,I,851016021,otro
20,F,f,f,f,f,f,f,f,f,f,f,f,f,f,f,t,0.7,t,5.4,t,148,t,1.48,t,100,f,,STMW,I,851016024,otro
41,F,f,f,f,f,f,f,f,f,f,f,f,f,f,f,f,,f,,f,,f,,f,,t,46,other,S,851016047,otro
41,F,t,f,f,f,f,f,f,f,t,f,f,f,f,f,f,,f,,f,,f,,f,,t,28,other,-,851016049,otro
74,M,f,f,f,f,f,f,f,f,f,f,f,f,f,f,t,3.3,t,1.8,t,98,t,0.83,t,118,f,,other,-,851016051,otro
72,F,f,f,f,f,f,f,f,t,f,f,f,f,f,f,t,3,t,2.3,t,121,t,1.01,t,120,f,,SVI,-,851016052,otro
41,M,f,f,f,f,f,f,f,f,f,f,f,f,f,f,t,1.9,t,2.2,t,138,t,0.9,t,154,f,,SVI,-,851016053,otro
63,F,f,f,f,f,f,f,f,f,f,f,f,f,f,f,t,14,t,0.5,t,95,t,0.83,t,114,f,,other,GK,851016056,hipotiroidismo
58,F,t,f,f,f,f,f,f,f,f,f,f,f,f,f,t,1.5,t,1.6,t,140,t,1.1,t,127,f,,other,-,851016059,otro
79,F,f,f,f,f,f,f,f,f,f,f,f,f,f,f,t,2.8,t,1.9,t,108,t,0.93,t,116,f,,SVI,-,851016061,otro
26,F,f,t,f,f,f,f,f,f,f,f,f,f,f,f,t,9.2,t,1.6,t,104,t,1.12,t,93,f,,other,G,851016062,hipotiroidismo
79,M,f,f,f,f,f,f,f,t,f,f,f,f,f,f,t,2.4,f,,f,,f,,f,,f,,other,-,851016064,otro
34,F,f,f,f,f,t,f,f,f,t,f,f,f,f,f,t,0.06,t,4.7,t,157,t,1.68,t,94,f,,other,I,851017007,otro
27,F,f,f,f,f,f,f,f,f,f,f,f,f,f,f,t,0.94,t,2.9,t,92,t,0.93,t,100,f,,SVHC,I,851017011,otro
27,F,f,f,f,f,f,f,f,f,f,f,f,f,f,f,t,0.055,t,8.5,t,244,t,0.98,t,249,f,,other,A,851017012,hipertiroidismo
19,M,f,f,f,f,f,f,f,f,f,f,f,f,f,f,t,2.1,t,2.9,t,135,t,0.81,t,167,f,,SVHC,-,851017013,otro
27,F,f,t,f,f,t,f,f,f,f,f,f,f,f,f,f,,t,4,t,187,t,1.88,t,100,f,,other,I,851017027,otro
76,F,f,f,f,f,f,f,f,t,t,f,f,f,f,f,t,2.5,f,,t,118,t,1,t,118,f,,other,-,851017029,otro
30,F,f,f,f,f,f,f,f,f,f,f,f,t,f,f,t,1.4,t,2.2,t,122,t,1.1,t,111,f,,other,-,851017030,otro
74,F,t,f,f,f,f,f,f,f,f,f,f,f,f,f,t,3.7,t,2.2,t,99,t,1.04,t,96,f,,other,-,851017034,otro
75,F,t,f,f,f,f,f,f,f,f,f,f,f,f,f,t,12,t,2,t,141,t,1.13,t,125,f,,other,M,851017035,otro
48,M,f,f,f,f,f,f,f,f,f,f,f,f,f,f,f,,f,,t,112,t,0.9,t,124,f,,other,-,851017037,otro
48,M,f,f,f,f,f,f,f,f,f,f,f,f,f,f,f,,t,1.6,f,,f,,f,,f,,other,-,851017038,otro
24,F,f,f,f,f,f,f,f,f,f,f,f,f,f,f,f,,f,,t,121,t,1.09,t,111,f,,other,-,851017046,otro
30,F,t,f,f,f,f,f,f,f,f,f,f,f,f,f,t,2.9,t,1.4,t,113,t,0.83,t,136,f,,other,-,851017047,otro
30,F,f,f,f,f,f,f,f,f,f,f,f,t,f,f,f,,f,,f,,f,,f,,t,35,other,S,851017052,otro
76,M,f,f,f,f,f,f,f,f,f,f,f,f,f,f,t,2.3,t,1.5,t,93,t,0.71,t,132,f,,SVI,-,851017057,otro
76,,f,f,f,f,f,f,f,f,t,f,f,f,f,f,t,1.4,t,2.4,t,118,t,0.91,t,130,f,,other,-,851017058,otro
36,F,f,f,f,f,f,f,f,f,f,f,f,f,f,f,f,,t,2,t,96,t,0.86,t,112,f,,other,-,851017063,otro
61,F,f,f,f,f,f,f,f,f,f,f,f,f,f,f,t,1.7,t,2.5,t,121,t,1.07,t,114,f,,other,-,851017064,otro
7,M,f,f,f,f,f,f,f,f,f,f,f,f,f,f,t,15,f,,t,137,t,1.03,t,133,f,,other,G,851017065,hipotiroidismo
65,F,t,f,f,f,f,f,f,f,f,f,f,f,f,f,t,2.5,f,,t,137,t,1.06,t,129,f,,other,-,851017069,otro
73,F,f,f,f,f,f,f,f,f,f,f,f,f,f,f,t,1.9,t,2.2,t,134,t,1.18,t,114,f,,other,-,851017074,otro
13,M,f,f,f,f,f,f,f,f,f,f,f,f,f,f,t,1.9,f,,t,113,t,0.99,t,114,f,,other,-,851017075,otro
56,F,t,f,f,f,f,t,f,f,f,f,f,f,f,f,t,1.1,t,2.2,t,103,t,0.9,t,114,f,,other,-,851017079,otro
14,M,f,f,f,f,f,f,f,f,f,f,f,f,f,f,t,3,t,2.7,t,80,t,0.83,t,97,f,,other,-,851017080,otro
14,F,f,f,f,f,f,f,f,f,f,f,f,f,f,f,t,2.9,t,0.8,t,121,t,0.95,t,127,f,,other,-,851017083,otro
15,M,f,f,f,f,f,f,f,f,f,f,f,f,f,f,t,1.3,f,,t,102,t,0.97,t,105,f,,other,-,851017084,otro
36,F,f,f,f,f,f,f,f,f,f,f,f,f,f,t,t,1.8,t,1.9,t,138,t,0.91,t,155,f,,SVHC,-,851018013,otro
36,,f,f,f,f,f,f,f,f,f,f,f,f,f,t,t,3.6,t,1.3,t,153,t,1,t,152,f,,SVHC,-,851018014,otro
68,F,f,f,f,f,f,f,f,t,f,f,f,f,f,f,t,19,f,,t,93,t,1.2,t,77,f,,other,G,851018015,hipotiroidismo
29,F,f,f,f,f,f,f,f,f,f,f,f,f,f,f,t,2.8,t,1.8,t,99,f,,f,,f,,other,-,851018016,otro
80,F,f,f,f,f,f,f,f,f,f,f,f,f,f,f,t,0.97,t,1.7,t,83,t,0.97,t,86,f,,other,-,851018017,otro
55,M,f,f,f,f,f,f,f,f,t,f,f,f,f,f,t,2.5,t,1.9,t,109,t,1.04,t,104,f,,SVI,-,851018018,otro
36,M,f,f,f,f,f,f,f,f,f,f,f,f,f,t,t,2.2,t,1.7,t,115,t,0.98,t,118,f,,SVHC,-,851018019,otro
42,M,f,f,f,f,f,f,f,f,f,f,f,f,f,f,t,6.8,t,1.2,t,44,t,0.87,t,51,f,,other,F,851018026,hipotiroidismo
42,F,f,f,f,f,f,t,f,f,f,f,f,f,f,f,t,7.2,t,1.3,t,93,t,0.9,t,104,f,,other,Q,851018065,otro
42,F,f,f,f,f,f,f,f,f,f,f,f,f,f,f,t,1.6,t,1.6,t,139,t,1.04,t,134,f,,other,-,851018074,otro
44,F,f,f,f,f,f,f,f,f,f,f,f,f,f,f,t,0.41,t,0.8,t,105,t,0.82,t,127,f,,SVI,K,851018075,otro
44,F,f,f,f,f,f,f,f,f,t,f,f,f,f,f,t,1.01,t,1.8,t,109,t,1,t,109,f,,other,-,851018076,otro
44,F,f,f,f,f,f,f,f,f,f,f,f,f,f,f,t,0.72,t,0.9,t,96,t,0.75,t,127,f,,other,-,851021001,otro
72,F,f,f,f,f,f,f,f,f,f,f,f,f,f,f,t,0.035,t,4.9,t,192,t,1.09,t,176,f,,other,A,851021005,hipertiroidismo
79,F,f,f,f,f,f,f,f,f,f,f,f,f,f,f,t,2.4,t,2.6,t,111,t,1,t,111,f,,SVI,-,851021006,otro
44,M,f,f,f,f,f,f,f,f,f,t,f,f,f,f,t,3,t,1.4,t,103,t,0.88,t,118,f,,SVHC,-,851021014,otro
37,F,f,f,f,f,f,f,f,f,f,f,f,f,f,f,t,1.4,t,2,t,99,t,1.02,t,97,f,,SVHC,-,851021015,otro
42,M,f,f,f,f,f,f,f,f,f,f,f,f,f,f,t,5.1,t,1.5,t,53,t,0.76,t,70,f,,other,-,851021021,otro
67,F,t,f,f,f,f,f,f,f,f,f,f,f,f,f,t,0.45,f,,t,124,t,1.02,t,122,f,,other,-,851021030,otro
24,F,f,f,f,f,f,f,f,f,f,f,f,f,f,f,t,0.38,t,2.3,t,152,t,0.96,t,158,f,,other,R,851021031,otro
63,M,f,f,f,f,f,f,f,f,f,f,f,f,f,f,t,108,t,0.4,t,14,t,0.98,t,14,f,,SVI,F,851021033,hipotiroidismo
63,,f,f,f,f,f,f,f,f,f,f,f,f,f,f,t,2.9,t,3.2,f,,f,,f,,f,,other,-,851021035,otro
63,,f,f,f,f,f,f,f,f,f,f,f,f,f,f,f,,f,,t,162,t,0.81,t,200,f,,other,A,851021036,hipertiroidismo
49,F,f,f,f,f,f,f,f,f,f,f,f,f,f,f,t,1.7,t,2,t,155,t,1.01,t,154,f,,other,-,851021042,otro
40,F,f,f,f,f,f,f,f,f,f,f,f,f,f,f,t,2.7,t,2,t,128,t,1.02,t,126,f,,other,-,851021043,otro
33,F,f,f,f,f,f,f,f,f,f,f,f,f,f,f,f,,f,,t,120,t,0.98,t,122,f,,other,-,851021045,otro
70,F,f,f,f,f,f,f,f,f,f,f,f,f,f,f,t,1.4,t,1.8,t,88,t,1.14,t,76,f,,other,-,851021047,otro
90,F,f,f,f,f,f,f,f,f,f,f,f,f,f,f,t,2.5,t,1.2,t,97,t,0.93,t,104,f,,SVI,-,851021048,otro
78,F,f,f,f,f,f,f,f,f,f,f,f,f,f,t,t,0.89,t,1.8,t,103,t,0.98,t,105,f,,SVI,-,851021049,otro
46,M,f,f,f,f,f,f,f,f,f,f,f,f,f,f,t,0.98,f,,t,109,t,0.91,t,120,f,,other,-,851021060,otro
60,F,f,f,f,f,f,f,f,f,f,f,f,f,f,f,f,,f,,t,116,t,1.06,t,109,f,,other,-,851021061,otro
6,F,f,f,f,f,f,f,f,f,f,f,f,f,f,f,t,1.4,t,2,t,134,t,0.96,t,140,f,,SVI,-,851022003,otro
7,M,f,f,f,f,f,f,f,f,f,f,f,f,f,f,t,0.94,t,2,t,93,t,0.84,t,110,f,,other,-,851022004,otro
34,F,f,f,f,f,f,f,f,f,f,f,f,f,f,f,t,2.3,t,2.5,t,121,t,1.29,t,94,f,,SVHC,-,851022006,otro
55,F,f,f,f,f,f,f,f,f,f,f,f,f,f,f,t,9.2,t,1.8,t,87,t,1.04,t,84,f,,SVHC,G,851022007,hipotiroidismo
27,,f,f,f,f,f,f,f,f,f,f,f,f,f,f,t,1.6,t,2.4,t,121,t,1.23,t,98,f,,other,-,851022008,otro
82,F,f,f,f,f,f,f,f,f,f,f,f,f,f,f,t,1,t,2.4,t,139,t,1.15,t,121,f,,SVI,-,851022009,otro
21,F,f,f,f,f,f,f,f,f,f,f,f,f,f,f,t,1.5,t,2,t,76,t,1.03,t,73,f,,other,-,851022021,otro
31,F,f,f,f,f,f,f,f,f,f,f,f,f,f,f,t,188,t,1.3,t,63,t,1.19,t,53,f,,other,F,851022022,hipotiroidismo
71,F,f,f,f,f,f,f,f,f,f,f,f,f,f,f,f,,f,,f,,f,,f,,t,21,other,-,851022024,otro
71,F,f,f,f,f,f,f,f,f,f,f,f,f,f,f,t,5.1,t,1.8,t,87,t,0.89,t,98,f,,other,-,851022032,otro
49,F,f,f,f,f,f,f,f,f,f,f,f,f,f,f,t,0.045,f,,t,138,t,0.83,t,166,f,,other,-,851022041,otro
40,F,f,f,f,f,f,f,f,f,f,f,f,f,f,f,t,2.8,t,1.6,t,75,t,0.76,t,99,f,,other,-,851022042,otro
70,M,f,f,f,f,f,f,f,f,f,f,f,f,f,f,t,1.5,t,1.5,t,70,t,0.77,t,91,f,,SVI,-,851022048,otro
70,F,f,f,f,f,f,f,f,f,f,f,f,f,f,f,t,0.8,t,2,t,109,t,0.85,t,129,f,,SVI,-,851022049,otro
36,F,f,f,f,f,f,f,f,f,f,f,f,f,f,f,t,6,t,1.7,t,121,t,1.12,t,108,f,,other,-,851022050,otro
36,F,f,f,f,f,f,f,f,f,f,f,f,f,f,f,t,1.1,t,2.3,t,101,t,0.94,t,107,f,,other,-,851022053,otro
16,F,f,f,f,f,f,f,f,f,f,f,f,f,f,f,t,1.1,t,2.2,t,90,t,0.98,t,92,f,,other,-,851022057,otro
16,F,f,f,f,f,f,f,f,f,f,f,f,f,f,f,t,2.3,t,2.4,t,110,t,0.92,t,119,f,,SVI,-,851022066,otro
82,F,f,f,f,f,f,f,f,f,f,f,f,f,f,f,t,0.5,f,,t,125,t,0.84,t,149,f,,other,-,851023016,otro
55,M,f,f,f,f,f,f,f,f,f,f,f,f,f,f,t,2.2,t,1.6,t,84,t,0.91,t,92,f,,other,-,851023018,otro
46,M,f,f,f,f,f,f,f,f,f,f,f,f,f,f,t,1.1,f,,t,70,t,0.58,t,122,f,,other,-,851023020,otro
25,M,f,f,f,f,f,f,f,f,f,f,f,f,f,t,t,1.8,t,2,t,90,t,0.92,t,98,f,,SVHC,-,851023021,otro
65,F,f,f,f,f,f,f,f,f,f,f,f,f,f,f,f,,f,,f,,f,,f,,t,25,other,-,851023037,otro
54,M,f,f,f,f,f,f,f,f,f,f,f,f,f,f,t,14.4,t,1.1,t,51,t,0.68,t,75,f,,SVI,GK,851023038,hipotiroidismo
33,F,f,f,f,f,f,f,f,f,f,f,f,f,f,f,t,2.2,t,1.7,t,94,t,1,t,94,f,,other,-,851023055,otro
65,F,f,f,f,f,f,f,f,f,f,f,f,f,f,f,t,4.7,t,1.6,t,72,t,0.85,t,85,f,,other,-,851023068,otro
72,F,f,f,f,f,f,f,f,f,f,f,f,f,f,f,t,1.9,t,1.4,t,109,t,0.95,t,116,f,,SVI,-,851023069,otro
60,M,f,f,f,f,f,f,f,f,f,f,f,f,f,f,t,0.4,t,2,t,113,t,1.03,t,110,f,,other,-,851023082,otro
52,M,f,f,f,f,f,f,f,f,f,f,f,f,f,f,t,0.9,f,,t,100,t,0.79,t,127,f,,other,-,851024003,otro
52,F,f,f,f,f,f,f,f,f,f,f,f,f,f,f,t,0.6,t,1.9,t,92,t,1.05,t,88,f,,other,-,851024004,otro
59,M,f,f,f,f,f,f,f,f,f,f,f,f,f,f,f,,f,,t,76,t,0.94,t,81,f,,other,-,851024011,otro
69,F,f,f,f,f,f,f,f,f,f,f,f,f,f,f,t,1.2,t,2.3,t,110,t,1.12,t,98,f,,other,-,851024012,otro
71,M,f,f,f,f,f,f,f,f,f,f,f,f,f,f,t,8,f,,t,66,t,0.66,t,100,f,,other,G,851024014,hipotiroidismo
7,F,f,f,f,f,f,f,f,f,f,f,f,f,f,f,t,7.3,t,1.6,t,64,t,0.97,t,66,f,,other,G,851024017,hipotiroidismo
59,F,f,f,f,f,f,f,f,f,f,f,f,f,f,f,t,0.04,t,2.5,t,161,t,0.83,t,195,f,,other,AK,851024020,hipertiroidismo
60,M,t,f,f,f,f,f,f,t,f,f,f,f,f,f,t,30.5,t,1,t,32,t,0.63,t,51,f,,other,F,851024021,hipotiroidismo
29,F,f,f,f,f,f,f,f,f,f,f,f,f,f,f,t,0.7,t,2.1,t,110,t,0.95,t,116,f,,other,-,851024025,otro
23,F,t,f,f,f,f,f,f,f,f,f,f,f,f,f,t,0.04,t,3.8,t,131,t,1.05,t,125,f,,other,-,851024026,otro
20,F,f,f,f,f,f,f,f,f,f,f,f,f,f,f,t,1.2,t,2.1,t,106,t,0.92,t,115,f,,STMW,-,851024029,otro
66,F,f,f,f,f,f,f,f,f,f,f,f,f,f,f,t,1,f,,t,103,t,1.17,t,88,f,,other,-,851024055,otro
69,F,f,f,f,f,f,f,f,f,f,f,f,f,f,f,t,1.8,t,2.3,t,97,t,0.89,t,109,f,,SVI,-,851024056,otro
21,F,f,f,f,f,f,f,f,f,f,f,f,f,f,f,t,0.4,t,2.1,t,82,t,0.76,t,108,f,,SVI,-,851024058,otro
62,M,f,f,f,f,f,f,f,f,f,f,f,f,f,f,t,1.3,t,2.5,t,91,t,1.02,t,90,f,,SVI,-,851024060,otro
61,F,f,f,f,f,f,f,f,t,f,f,f,f,f,f,t,1.1,t,1.4,t,110,f,,f,,f,,other,-,851024062,otro
50,F,f,f,f,f,f,f,f,t,f,f,f,f,f,f,t,1.7,f,,t,90,t,0.92,t,98,f,,other,-,851024063,otro
53,M,f,f,f,f,f,f,f,f,f,f,f,f,f,f,t,0.9,f,,t,88,t,1.05,t,84,f,,other,-,851024064,otro
37,M,f,f,f,f,f,f,f,f,f,f,f,f,f,f,t,2.6,t,2.3,t,68,t,0.94,t,72,f,,other,-,851024066,otro
63,F,f,f,f,f,f,f,f,f,f,f,f,f,f,f,t,1.9,f,,t,118,t,1.02,t,115,f,,other,-,851024071,otro
60,F,f,f,f,f,f,f,f,f,f,f,f,f,f,f,t,2.1,f,,t,127,t,1.01,t,126,f,,other,-,851024074,otro
59,F,f,f,f,f,f,f,f,f,f,f,f,f,f,f,t,1.2,f,,t,140,t,1.63,t,86,f,,other,I,851024077,otro
59,,f,f,f,f,f,f,f,f,f,f,f,f,f,f,f,,t,2.2,f,,f,,f,,f,,other,-,851024079,otro
78,F,f,f,f,f,f,f,f,f,f,f,f,f,f,t,t,1.1,t,2,t,123,t,0.91,t,135,f,,SVHC,-,851024081,otro
67,F,f,f,f,f,f,f,f,f,f,f,f,f,f,f,t,46,t,1,t,48,t,0.98,t,49,f,,SVI,F,851024084,hipotiroidismo
60,M,f,f,f,t,f,f,f,t,f,f,f,f,f,f,t,2.7,f,,t,88,t,1.07,t,82,f,,other,-,851024085,otro
60,F,f,f,f,f,f,f,f,f,f,f,f,f,f,f,t,1,t,1.5,t,102,f,,f,,f,,other,-,851024086,otro
73,F,t,f,f,f,f,f,f,f,f,f,f,f,f,f,t,3.1,t,1.5,t,120,t,0.94,t,127,f,,SVI,-,851024087,otro
73,,f,f,f,f,t,f,f,f,f,f,f,f,f,f,t,2.2,t,2.5,t,110,t,1.28,t,85,f,,other,-,851024089,otro
61,F,f,f,f,f,f,f,f,f,t,f,f,f,f,f,t,0.3,t,2,t,93,t,0.99,t,93,f,,other,-,851024091,otro
47,M,t,f,f,f,f,f,f,f,f,f,f,f,f,f,t,2.7,t,2,t,110,t,1.02,t,108,f,,other,-,851024092,otro
47,F,f,f,f,f,f,f,f,f,f,f,f,f,f,f,t,1.1,t,2.8,t,96,t,0.94,t,103,f,,other,-,851024109,otro
69,F,t,f,f,f,f,f,f,f,f,f,f,t,f,f,t,0.015,f,,t,176,t,1.11,t,158,f,,other,L,851024110,otro
69,M,f,f,f,f,f,f,f,f,f,f,f,f,f,f,f,,f,,t,118,t,1.11,t,107,f,,other,-,851025004,otro
13,M,f,f,f,f,f,f,f,f,f,f,f,f,f,f,t,2.7,t,2.8,t,110,t,1.1,t,100,f,,other,-,851025015,otro
31,F,t,f,f,f,f,f,f,t,f,f,f,f,f,f,t,0.045,t,2.7,t,163,t,0.94,t,172,f,,STMW,N,851025016,otro
25,M,f,f,f,f,f,f,f,f,f,t,f,f,f,f,t,2.1,f,,t,101,t,1,t,101,f,,SVHC,-,851025018,otro
60,F,f,f,f,f,f,f,f,f,f,f,f,f,f,f,t,0.045,f,,t,139,t,1.07,t,129,f,,other,-,851025019,otro
84,F,f,f,f,f,f,f,f,f,f,f,f,f,f,f,t,17,f,,t,35,t,0.83,t,42,f,,other,F,851025022,hipotiroidismo
28,M,f,f,f,f,f,f,f,f,f,f,f,f,f,f,t,0.045,t,2.6,t,143,t,1.07,t,134,f,,other,-,851025024,otro
29,F,f,f,f,f,f,f,f,f,f,f,f,f,f,f,t,1.6,f,,t,140,t,1.41,t,99,f,,other,I,851025025,otro
50,F,f,f,f,f,f,f,f,f,f,f,f,f,f,f,t,0.6,t,2,t,83,t,1.31,t,63,f,,SVI,I,851025041,otro
87,M,f,f,f,f,f,f,f,f,f,f,f,f,f,f,t,1,t,1.2,t,103,t,0.87,t,118,f,,SVI,-,851025044,otro
87,F,f,f,f,f,f,f,f,f,f,f,f,f,f,f,t,3,t,1.6,t,71,t,1.06,t,67,f,,other,-,851025048,otro
76,M,f,f,f,f,f,f,f,f,f,f,f,f,f,f,t,2.7,t,1.4,t,91,t,0.85,t,108,f,,SVI,-,851025051,otro
48,M,f,f,f,f,f,f,f,f,f,f,f,f,f,f,t,3.5,t,3.5,t,166,t,1.35,t,123,f,,SVI,I,851025052,otro
29,,f,f,f,f,f,f,f,f,f,f,f,f,f,f,t,0.5,t,2.5,t,80,t,0.88,t,91,f,,SVI,-,851025053,otro
72,F,f,f,f,t,f,f,f,f,f,f,f,f,f,f,t,0.7,t,1.4,t,110,t,0.88,t,124,f,,SVI,-,851025054,otro
46,F,f,f,f,f,f,f,f,f,f,f,f,f,f,f,t,2.4,t,2.3,t,99,t,1.05,t,91,f,,STMW,-,851025068,otro
48,F,f,f,f,f,f,f,f,f,f,f,f,f,f,f,t,0.7,f,,t,114,t,0.98,t,117,f,,other,-,851025087,otro
46,F,f,f,f,f,f,f,f,f,f,f,f,f,f,f,t,0.045,t,1.5,t,75,t,0.9,t,83,f,,other,-,851025089,otro
77,F,f,f,f,f,f,f,f,f,f,f,f,f,f,f,t,0.045,t,1.2,t,67,t,0.96,t,69,f,,other,-,851025090,otro
77,M,f,f,f,f,f,f,f,f,f,f,f,f,f,f,t,0.015,t,10.599999,t,226,t,0.65,t,349,f,,other,A,851028005,hipertiroidismo
25,F,f,f,f,f,f,f,f,f,f,f,f,f,f,f,t,468,t,0.7,t,21,t,1.1,t,19,f,,other,F,851028008,hipotiroidismo
29,F,f,f,f,f,f,f,f,f,f,f,f,f,f,f,t,1.3,t,2.8,t,144,t,1.17,t,123,f,,other,-,851028010,otro
63,F,f,f,f,f,f,f,f,f,f,f,f,f,f,t,t,1.2,t,2.4,t,134,t,0.92,t,145,f,,SVHC,-,851028013,otro
34,M,f,f,f,f,f,f,f,f,f,f,f,f,f,t,t,2.2,t,2.3,t,99,t,0.79,t,125,f,,SVHC,-,851028015,otro
22,F,f,f,f,f,f,f,f,f,f,f,f,f,f,f,t,1,t,2.7,t,150,t,1.22,t,124,f,,SVHC,-,851028016,otro
84,F,f,f,f,f,f,f,f,f,f,f,f,f,f,t,t,1.4,t,2.5,t,134,t,1.12,t,120,f,,SVHC,-,851028017,otro
31,F,f,f,f,f,f,f,f,f,f,f,f,f,f,f,t,1.2,t,2.2,t,103,t,0.92,t,112,f,,SVI,-,851028019,otro
41,M,f,f,f,f,f,f,f,f,f,f,f,f,f,f,t,5.6,f,,t,93,t,0.84,t,110,f,,other,-,851028020,otro
60,F,t,f,f,f,f,f,f,f,f,f,f,f,f,f,t,0.1,f,,t,150,t,0.99,t,151,f,,other,-,851028032,otro
55,F,t,f,f,f,f,f,f,f,f,f,f,f,f,f,t,3.2,t,1.7,t,126,t,1.24,t,101,f,,other,-,851028034,otro
63,F,t,f,f,f,f,f,f,f,f,f,f,f,f,f,t,0.025,t,1.6,t,124,t,0.89,t,139,f,,other,-,851028050,otro
35,F,f,f,f,f,f,f,f,f,f,f,f,f,f,f,f,,f,,t,96,t,0.76,t,127,f,,other,-,851028051,otro
46,F,f,f,f,f,f,f,f,f,f,f,f,f,f,f,t,2.2,f,,t,119,t,0.9,t,131,f,,other,-,851028052,otro
65,F,f,f,f,f,f,f,f,f,f,f,f,f,f,f,t,1.5,t,2.2,t,97,t,0.87,t,111,f,,other,-,851028055,otro
75,F,f,f,f,f,f,f,f,f,f,f,f,f,f,f,f,,f,,f,,f,,f,,t,24,other,-,851028058,otro
40,F,f,f,f,f,f,f,f,f,f,f,f,f,f,f,t,2.6,t,1.8,t,62,t,0.85,t,73,f,,other,-,851028059,otro
85,F,f,f,f,f,f,f,f,f,f,f,f,f,f,f,t,3.3,t,2.3,t,120,t,0.96,t,126,f,,SVI,-,851028062,otro
59,F,f,f,f,f,f,f,f,f,f,f,f,f,f,f,t,11.4,f,,t,99,t,0.97,t,102,f,,other,G,851029001,hipotiroidismo
84,F,f,f,f,f,f,f,f,f,f,f,f,f,f,f,t,3.5,f,,t,77,t,0.74,t,104,f,,other,-,851029002,otro
71,M,f,f,f,f,f,f,f,f,f,f,f,f,f,f,t,1.2,t,2.6,t,105,t,1.02,t,103,f,,other,-,851029003,otro
90,F,f,f,f,f,f,f,f,f,f,f,f,f,f,f,t,1.8,t,2.4,t,73,t,1.07,t,69,f,,other,-,851029005,otro
74,F,f,f,f,f,f,f,f,f,f,f,f,f,f,f,t,1.8,t,2.6,t,131,t,1.18,t,111,f,,other,-,851029039,otro
72,F,f,f,f,f,f,f,f,f,f,f,f,f,f,f,t,0.015,t,2.9,t,198,t,0.91,t,217,f,,SVHC,A,851029040,hipertiroidismo
46,M,f,f,f,f,f,f,f,f,f,f,f,f,f,f,t,1.1,t,2.8,t,143,t,1.3,t,110,f,,SVI,-,851029042,otro
65,F,f,f,f,f,f,f,f,f,f,f,f,f,f,f,t,3.9,t,1.6,t,103,t,1.13,t,91,f,,SVI,-,851029043,otro
65,M,f,f,f,f,f,f,f,f,f,f,f,f,f,f,t,103,t,1.3,t,31,f,,f,,f,,SVI,F,851029061,hipotiroidismo
71,F,f,f,f,f,f,f,f,f,f,f,f,f,f,f,t,1,t,1.7,t,79,t,0.95,t,83,f,,other,-,851030002,otro
52,M,f,f,f,f,f,f,f,f,f,f,f,f,f,f,t,1.8,f,,t,92,t,0.87,t,106,f,,other,-,851030003,otro
54,F,f,f,f,f,f,f,f,f,f,f,f,f,f,t,t,0.51,f,,t,118,t,1.15,t,103,f,,SVHC,-,851030006,otro
54,F,f,f,f,f,f,f,f,f,f,f,f,f,f,f,t,0.14,t,3.4,t,105,f,,f,,f,,other,I,851030007,otro
64,F,f,f,f,f,f,f,f,f,f,f,f,f,f,f,t,10,t,0.8,t,99,t,0.97,t,102,f,,SVI,GK,851030008,hipotiroidismo
4,M,f,f,f,f,f,f,f,f,f,f,f,f,f,f,t,0.07,t,3.2,t,246,t,1.06,t,232,f,,STMW,I,851030017,otro
32,F,f,f,f,f,f,f,f,f,f,f,f,f,f,f,t,1.1,t,2.2,t,107,t,0.94,t,114,f,,other,-,851030028,otro
63,F,f,f,f,f,f,f,f,f,f,f,f,f,f,f,t,0.88,t,2.2,t,101,t,1.03,t,97,f,,SVI,-,851030029,otro
62,F,f,f,f,f,f,f,f,f,f,f,f,f,f,f,t,13,f,,t,75,t,1.35,t,55,f,,SVI,F,851030030,hipotiroidismo
56,M,f,f,f,f,f,f,f,f,f,f,f,f,f,f,t,3.2,t,1.7,t,87,t,0.87,t,100,f,,SVI,-,851030031,otro
72,F,f,f,f,f,f,f,f,f,f,f,f,f,f,f,t,0.08,f,,t,133,t,0.84,t,158,f,,other,-,851030032,otro
72,F,t,f,f,t,f,f,f,f,f,f,f,f,f,f,t,1.7,f,,t,113,t,0.85,t,132,f,,other,-,851030039,otro
63,F,f,f,f,f,f,f,f,f,f,f,f,f,f,f,t,0.67,t,1.8,t,107,t,0.85,t,126,f,,other,-,851030062,otro
59,M,t,f,f,f,f,f,f,f,f,f,f,f,f,f,t,0.02,t,2.7,t,117,t,0.74,t,157,f,,SVI,L,851030069,otro
75,F,f,f,f,f,f,t,f,f,f,f,f,f,f,f,t,0.83,t,1.9,t,116,t,0.99,t,117,f,,SVI,-,851031002,otro
75,,f,f,f,f,f,f,f,f,f,f,f,f,f,f,t,2.3,t,1.6,t,111,t,0.77,t,145,f,,SVHC,-,851031003,otro
30,F,f,f,f,f,f,f,f,f,f,f,f,f,f,f,f,,f,,t,90,t,0.92,t,98,f,,other,-,851031012,otro
64,F,t,f,f,f,f,f,f,f,f,f,f,f,f,f,t,7.7,f,,t,111,t,1.12,t,99,f,,other,M,851031013,otro
75,F,f,f,f,f,f,f,t,f,f,f,f,f,f,f,t,0.31,t,2.2,t,85,t,1.19,t,71,f,,other,-,851031017,otro
47,F,f,f,f,f,f,f,f,f,f,f,f,f,f,f,t,0.68,t,1.8,t,104,t,0.89,t,117,f,,other,-,851031041,otro
38,F,f,f,f,f,f,f,f,f,f,f,f,f,f,f,t,1,t,2,t,131,t,0.95,t,138,f,,SVI,-,851031042,otro
61,M,f,f,f,f,f,f,f,f,f,f,f,f,f,f,t,2.2,t,1.7,t,79,t,0.78,t,101,f,,other,-,851031043,otro
61,M,f,f,f,f,f,f,f,f,f,f,f,f,f,f,t,0.44,f,,t,75,t,0.6,t,124,f,,SVI,-,851031044,otro
41,F,f,f,f,f,f,f,f,f,f,f,f,f,f,f,t,1.2,t,2.7,t,113,t,1.06,t,107,f,,other,-,851031045,otro
60,F,f,f,f,f,f,f,f,f,f,f,f,f,f,f,t,2.4,f,,f,,f,,f,,f,,other,-,851031050,otro
52,F,f,f,f,f,f,f,f,f,f,f,f,f,f,f,t,0.03,f,,t,163,t,0.95,t,172,f,,other,A,851031057,hipertiroidismo
52,M,f,f,f,f,f,f,f,f,f,f,f,f,f,f,t,9.2,t,2.2,t,72,t,1.08,t,66,f,,other,G,851031064,hipotiroidismo
46,F,f,f,f,f,f,f,f,f,t,f,f,f,f,f,t,0.15,t,5.3,t,233,t,0.92,t,253,f,,other,-,851031066,otro
66,F,t,f,f,f,f,f,f,f,f,f,f,f,f,f,t,1.1,f,,t,117,t,1.08,t,108,f,,other,-,851031067,otro
42,M,f,f,f,f,f,f,f,f,f,f,f,f,f,f,t,1,t,2.4,t,128,t,1.11,t,115,f,,other,-,851031070,otro
67,F,f,f,f,f,f,f,f,f,f,f,f,f,f,f,t,52,t,1.2,t,65,t,0.92,t,71,f,,SVI,G,851101017,hipotiroidismo
16,F,f,f,f,f,f,f,f,f,f,f,f,f,f,f,t,3.6,t,2.6,t,94,t,0.94,t,100,f,,other,-,851101021,otro
16,,t,f,f,f,f,f,f,f,t,f,f,f,f,f,t,4.9,t,1.8,t,143,t,0.97,t,148,f,,other,-,851101030,otro
30,F,f,f,f,f,f,f,f,f,f,f,f,f,f,f,t,5.3,t,2.1,t,92,t,1.05,t,88,f,,other,-,851101032,otro
86,F,f,f,f,f,f,f,f,f,f,f,f,f,f,f,t,13,f,,t,87,t,0.92,t,94,f,,other,G,851101035,hipotiroidismo
39,M,f,f,f,f,f,f,f,f,f,f,f,f,f,f,t,0.55,f,,t,83,t,1.04,t,80,f,,other,-,851101036,otro
19,F,f,f,f,f,f,f,f,f,f,f,f,f,f,f,t,1.7,t,1.9,t,100,t,1.06,t,93,f,,other,-,851101038,otro
78,F,f,f,f,f,f,f,f,f,f,f,f,f,f,f,t,0.74,t,0.5,t,85,t,0.77,t,110,f,,SVI,K,851101045,otro
68,M,f,f,f,t,f,f,f,f,f,f,f,f,f,f,t,6.7,t,1.4,t,101,f,,f,,f,,SVI,G,851101046,hipotiroidismo
68,,t,f,f,f,f,f,f,f,f,f,f,f,f,f,t,1.5,t,0.8,t,98,t,0.82,t,119,f,,SVI,K,851101047,otro
58,M,f,f,f,f,f,f,f,f,f,f,t,f,f,f,t,0.8,t,2.2,t,97,t,1.1,t,88,f,,other,-,851101068,otro
77,F,f,f,f,f,f,f,f,f,f,f,f,f,f,f,t,0.07,t,0.9,t,61,t,0.99,t,61,f,,other,-,851101081,otro
70,F,f,f,f,f,f,f,f,f,f,f,f,f,f,f,t,4.4,t,1.3,t,107,t,1.12,t,95,f,,other,-,851101083,otro
68,F,f,f,f,f,f,f,t,f,f,f,f,f,f,f,t,2.6,t,1.8,t,104,t,1.1,t,95,f,,other,-,851101084,otro
69,F,f,f,f,f,f,f,f,f,f,f,f,f,f,f,t,0.31,f,,t,118,t,0.83,t,142,f,,other,-,851101091,otro
39,F,f,f,f,f,f,f,f,t,t,f,f,f,f,f,t,1.5,t,2.8,t,99,t,0.95,t,104,f,,other,-,851104003,otro
30,F,f,f,f,f,f,f,f,f,f,f,f,f,f,f,f,,t,1.6,t,106,t,1.4,t,76,f,,other,-,851104004,otro
42,F,f,f,f,f,f,t,f,f,f,f,f,f,f,f,t,0.04,t,1.9,t,117,t,0.77,t,153,f,,other,-,851104010,otro
69,F,f,f,f,f,f,f,f,f,f,f,f,f,f,f,t,3.1,f,,t,110,t,1.02,t,108,f,,other,-,851104013,otro
61,M,f,f,f,f,f,f,f,f,f,f,f,f,f,f,t,1.2,f,,t,93,t,0.94,t,98,f,,SVI,-,851104014,otro
61,,f,f,f,f,f,f,f,f,f,f,f,f,f,f,t,0.29,t,1.5,t,119,t,0.9,t,132,f,,other,-,851104015,otro
58,F,t,f,f,f,f,f,f,f,f,f,f,f,f,f,t,1.3,f,,t,88,t,0.81,t,109,f,,other,-,851104017,otro
56,F,f,f,f,f,f,f,f,f,t,f,f,f,f,f,t,0.015,t,4.1,t,191,t,1,t,191,f,,other,A,851104018,hipertiroidismo
47,F,f,f,f,f,f,f,f,f,f,f,f,f,f,f,t,4.4,t,1.6,t,100,t,1.01,t,99,f,,STMW,-,851104021,otro
26,F,t,f,f,f,f,f,f,f,f,f,f,f,f,f,t,2.1,f,,t,83,t,0.7,t,117,f,,other,-,851104027,otro
44,M,f,f,f,f,f,f,f,f,f,f,f,t,f,f,t,0.015,f,,t,135,t,0.82,t,166,f,,other,-,851104035,otro
37,F,f,f,f,f,f,f,t,f,f,f,f,f,f,f,t,25,f,,t,71,t,1.04,t,68,f,,other,G,851104041,hipotiroidismo
29,F,f,f,f,t,f,f,f,f,f,f,f,f,f,f,t,5.1,f,,t,72,t,0.8,t,90,f,,other,-,851104050,otro
91,M,f,f,f,f,f,f,f,f,f,f,f,f,f,f,t,3.4,f,,t,112,t,0.99,t,113,f,,SVI,-,851104056,otro
73,M,f,f,f,f,f,f,f,f,f,f,f,f,f,f,t,2.7,t,1.1,t,62,t,0.7,t,89,f,,SVI,K,851104059,otro
73,M,f,f,f,f,f,f,f,f,f,f,f,f,f,f,t,1.4,f,,t,87,t,0.92,t,95,f,,SVI,-,851104060,otro
64,M,f,f,f,f,f,f,f,f,f,f,f,f,f,f,t,2.6,t,1.7,t,85,f,,f,,f,,other,-,851104065,otro
45,F,f,f,f,f,f,f,f,f,f,f,f,f,f,f,t,2,t,1.7,t,93,t,0.84,t,111,f,,other,-,851105001,otro
47,M,f,f,f,f,f,f,f,f,f,f,f,f,f,f,t,1.5,t,1.4,t,90,t,0.97,t,92,f,,SVI,-,851105002,otro
65,F,f,f,f,f,f,f,f,f,f,f,f,f,f,f,t,3.2,t,1.4,t,84,t,0.96,t,88,f,,SVI,-,851105003,otro
65,F,f,f,f,f,f,f,f,t,f,f,f,f,f,f,t,0.36,t,2.4,t,128,t,1.01,t,127,f,,SVI,-,851105005,otro
65,F,t,f,f,f,f,f,f,f,f,f,f,f,f,f,t,1.5,t,1.7,t,116,t,1.07,t,108,f,,other,-,851105006,otro
50,F,f,f,f,f,f,t,f,f,f,f,f,f,f,f,t,3,f,,t,106,t,1.07,t,99,f,,other,-,851105007,otro
63,F,f,f,f,f,f,f,f,f,f,f,f,f,f,f,t,3.9,t,1.8,t,103,t,0.84,t,124,f,,SVHC,-,851105008,otro
31,F,f,f,f,f,f,f,f,f,f,f,f,f,f,t,t,0.1,t,1.8,t,93,f,,f,,f,,SVHC,-,851105009,otro
27,F,f,f,f,f,f,f,f,f,f,f,f,f,f,f,f,,t,2.2,f,,f,,f,,f,,other,-,851105010,otro
8,M,f,f,f,f,f,f,f,f,f,f,f,f,f,f,t,1.1,t,2.2,t,77,t,0.85,t,91,f,,other,-,851105015,otro
42,F,t,f,f,f,f,f,f,t,f,f,f,f,f,f,t,2.9,f,,t,141,t,1.08,t,131,f,,other,-,851105030,otro
61,F,t,f,f,f,f,f,f,f,f,f,f,f,f,f,t,2.6,f,,t,113,t,0.82,t,138,f,,other,-,851105042,otro
61,F,f,f,f,f,f,f,f,f,f,f,f,f,f,f,t,0.05,t,2.4,t,128,t,1.13,t,114,f,,other,-,851105051,otro
29,F,f,f,f,f,f,f,f,f,f,f,f,f,f,f,f,,f,,f,,f,,f,,t,34,other,S,851105054,otro
71,M,f,f,f,f,f,f,f,f,f,f,f,f,f,f,t,2.3,f,,t,56,t,1.12,t,50,f,,SVI,K,851105061,otro
41,M,f,f,f,t,f,f,f,f,f,f,f,f,f,f,t,0.39,t,1.9,t,120,t,1.03,t,117,f,,SVI,-,851105062,otro
71,F,f,f,f,f,f,f,f,t,f,f,f,f,f,f,t,9.4,t,1.4,t,77,t,0.89,t,87,f,,SVI,G,851105063,hipotiroidismo
63,F,f,f,f,f,f,f,f,f,f,f,f,f,f,f,t,0.005,f,,t,127,t,0.92,t,138,f,,SVI,-,851105064,otro
54,M,f,f,f,f,f,f,f,f,t,f,f,f,f,f,t,16,t,1.5,t,60,t,0.78,t,77,f,,SVI,G,851105065,hipotiroidismo
54,F,f,f,f,f,f,f,f,f,f,f,f,f,f,t,t,3.3,t,0.7,t,76,t,0.72,t,105,f,,SVHC,K,851105066,otro
64,F,f,f,f,f,f,f,f,f,f,f,f,t,f,f,t,0.1,f,,t,113,t,0.91,t,125,f,,other,-,851105068,otro
64,F,f,f,f,f,f,f,f,f,f,f,f,t,f,f,t,1.5,t,2.3,t,116,t,1.08,t,107,f,,other,-,851105078,otro
64,F,f,f,f,f,f,f,f,f,f,f,f,f,f,f,t,3.2,t,1.5,t,106,t,0.91,t,117,f,,SVI,-,851106002,otro
27,M,f,f,f,f,f,f,f,f,f,f,f,f,f,f,t,2.9,f,,t,112,t,0.95,t,117,f,,other,-,851106003,otro
27,F,f,f,f,f,f,f,f,f,f,f,f,f,f,f,t,3.3,t,1.7,t,92,f,,f,,f,,SVHC,-,851106005,otro
27,F,f,f,f,f,f,f,f,t,f,f,f,f,f,f,t,2.1,f,,t,70,t,0.48,t,146,f,,other,-,851106006,otro
62,M,f,f,f,f,f,f,f,f,f,f,f,f,f,f,t,5,f,,t,82,t,0.81,t,101,f,,SVHC,-,851106010,otro
66,F,f,f,f,f,f,f,f,f,f,f,f,f,f,f,t,1.9,t,1.3,t,109,t,1.04,t,105,f,,other,-,851106049,otro
59,,f,f,f,f,f,f,f,f,f,f,f,f,f,f,t,1.5,f,,t,92,t,0.93,t,99,f,,SVI,-,851106055,otro
65,,f,f,f,f,f,f,f,f,f,f,f,f,f,f,t,4.3,f,,t,88,t,0.72,t,122,f,,SVI,-,851106056,otro
76,M,f,f,f,f,f,f,f,f,f,f,f,f,f,f,t,1.8,t,1.4,t,111,t,0.78,t,142,f,,SVI,-,851106057,otro
63,F,f,f,f,f,f,f,f,f,f,f,f,f,f,f,t,2.7,t,0.7,t,41,t,0.6,t,69,f,,SVI,-,851106058,otro
63,,f,f,f,f,f,f,f,f,f,f,f,f,f,f,t,0.98,f,,f,,t,0.72,t,118,f,,other,-,851106068,otro
15,F,f,f,f,f,f,f,f,f,f,f,f,f,f,f,t,1.6,t,2.4,t,105,t,1.16,t,91,f,,other,-,851107001,otro
65,F,f,f,f,f,f,f,f,t,f,f,f,f,f,f,t,12,f,,t,99,t,1.14,t,87,f,,other,G,851107007,hipotiroidismo
75,F,f,f,f,f,f,f,f,f,f,f,f,f,f,f,t,1.9,t,1.4,t,107,t,0.92,t,116,f,,other,-,851107008,otro
73,F,f,f,f,f,f,f,f,f,f,f,f,f,f,f,t,2.1,f,,t,88,t,0.93,t,95,f,,other,-,851107009,otro
14,M,f,f,f,f,f,f,f,f,f,f,f,f,f,f,t,2.9,t,3.1,t,112,t,1.06,t,106,f,,other,-,851107013,otro
27,M,f,f,f,f,f,f,f,f,f,f,f,f,f,f,t,2.2,t,1.7,t,89,t,0.86,t,104,f,,other,-,851107016,otro
27,F,t,f,f,f,f,f,f,t,t,f,f,f,f,f,f,,t,1.9,f,,f,,f,,f,,other,-,851107020,otro
31,F,f,f,f,f,f,f,f,f,f,f,f,f,f,f,t,1,t,2.2,t,124,f,,f,,f,,other,-,851107021,otro
31,F,f,f,f,t,f,f,f,f,f,f,f,f,f,f,t,3.1,t,1.8,t,120,t,1.22,t,99,f,,other,-,851107022,otro
34,F,f,f,f,f,t,f,f,f,t,f,f,f,f,f,t,2.4,t,3.2,t,137,t,1.71,t,80,f,,other,I,851107026,otro
34,F,f,f,f,f,f,f,f,f,f,f,f,f,f,f,f,,f,,t,178,t,1,t,178,f,,other,A,851107027,hipertiroidismo
42,M,f,f,t,f,f,f,f,f,f,f,f,f,f,f,t,1.1,t,1.7,t,79,t,0.88,t,90,f,,other,-,851107030,otro
21,M,t,f,f,f,f,f,f,f,f,f,f,f,f,f,f,,f,,t,170,t,1.01,t,167,f,,other,L,851107039,otro
39,F,f,f,f,f,f,f,f,t,f,f,f,f,f,f,t,2.2,t,1.9,t,98,t,0.88,t,110,f,,other,-,851107045,otro
70,,t,f,f,f,f,f,f,f,t,f,f,f,f,f,t,0.02,t,1.5,t,160,t,0.94,t,171,f,,other,N,851107047,otro
64,M,f,f,f,f,f,f,f,f,f,f,f,f,f,f,t,0.1,t,1,t,145,f,,f,,f,,SVI,K,851107048,otro
83,F,f,f,f,t,f,f,f,f,f,f,f,f,f,f,t,2.5,f,,t,118,t,0.97,t,121,f,,other,-,851107051,otro
49,F,f,f,f,f,f,f,f,f,f,f,f,f,f,f,t,1.1,f,,t,124,t,1.15,t,108,f,,other,-,851107052,otro
49,F,f,f,f,f,f,f,f,f,f,f,f,f,f,f,t,1.2,t,1.8,t,109,t,1.04,t,104,f,,SVI,-,851107053,otro
36,F,f,f,f,f,f,f,f,f,f,f,f,f,f,f,t,0.24,t,2.4,t,119,t,1.1,t,109,f,,other,-,851107056,otro
63,F,f,f,f,f,f,f,f,f,f,f,f,f,f,f,t,3.3,t,0.9,t,82,t,1.1,t,75,f,,other,-,851107058,otro
76,F,t,f,f,f,f,f,f,f,f,f,f,f,f,f,t,1.1,t,2.6,t,122,t,1.25,t,98,f,,other,-,851107060,otro
69,F,t,t,f,f,f,f,f,f,f,f,f,f,f,f,t,7.1,f,,t,93,t,1.1,t,85,f,,other,M,851107067,otro
69,F,f,f,f,f,f,f,f,f,f,f,f,f,f,f,t,1.1,t,1.9,t,135,t,0.96,t,141,f,,SVI,-,851108025,otro
70,M,f,f,f,f,f,f,f,f,f,f,f,f,f,f,t,0.43,f,,t,116,t,0.78,t,149,f,,SVI,-,851108026,otro
83,,f,f,f,f,f,f,f,f,f,f,f,f,f,f,t,2.9,f,,t,85,t,0.65,t,131,f,,SVI,-,851108027,otro
31,F,f,f,f,f,f,f,f,f,f,f,f,f,f,f,t,3.4,f,,t,79,t,0.95,t,83,f,,other,-,851108032,otro
34,M,f,f,f,f,f,f,f,f,f,f,f,f,f,f,t,2.1,t,1.7,t,138,t,1.03,t,134,f,,SVI,-,851108034,otro
72,F,f,f,f,f,f,f,f,f,f,f,f,f,f,f,t,0.01,t,1.8,t,151,t,0.94,t,161,f,,SVI,R,851108035,otro
60,F,f,f,f,f,f,f,f,f,f,f,f,f,f,f,t,6.5,f,,t,45,t,0.47,t,96,f,,other,-,851108036,otro
60,F,f,f,f,f,f,f,f,f,f,f,f,f,f,f,t,1.1,f,,t,90,t,1.07,t,84,f,,other,-,851108038,otro
57,M,f,f,f,f,f,f,f,f,f,f,f,f,f,f,t,0.43,f,,t,96,t,0.88,t,109,f,,other,-,851108040,otro
57,F,f,f,f,f,f,f,f,f,f,f,f,f,f,f,f,,t,2.2,f,,f,,f,,f,,other,-,851108062,otro
28,F,f,f,f,f,f,f,f,f,t,f,f,f,f,f,t,0.15,f,,t,133,t,0.99,t,135,f,,other,-,851108076,otro
18,F,t,f,f,f,f,f,f,f,f,f,f,f,f,f,t,1.1,f,,t,93,t,1.04,t,89,f,,STMW,-,851108081,otro
18,M,f,f,f,f,f,f,f,f,f,f,f,f,f,f,f,,f,,t,95,t,0.93,t,102,f,,other,-,851108084,otro
25,F,f,f,f,f,f,f,f,f,f,f,f,f,f,f,t,26.4,t,2.3,t,73,t,1.09,t,67,f,,other,G,851108093,hipotiroidismo
83,F,f,f,f,f,f,f,f,f,f,f,f,f,f,f,t,4.7,t,1.9,t,89,f,,f,,f,,other,-,851111015,otro
83,F,f,f,f,f,f,f,f,f,f,f,f,f,f,f,t,7,f,,t,71,t,0.78,t,90,f,,other,G,851111016,hipotiroidismo
83,M,f,f,f,f,f,f,f,f,f,f,f,f,f,f,t,1.6,f,,t,120,t,1.29,t,92,f,,other,I,851111017,otro
83,F,f,f,f,f,f,f,f,f,f,f,f,f,f,f,t,2.5,t,1.5,t,91,t,0.81,t,113,f,,other,-,851111018,otro
83,F,f,f,f,f,f,f,f,f,f,f,f,f,f,f,t,1.4,f,,t,95,t,0.86,t,111,f,,other,-,851111019,otro
83,,f,f,f,f,f,f,f,f,f,f,f,f,f,f,t,19,f,,t,148,t,1.11,t,134,f,,other,G,851111023,hipotiroidismo
47,M,f,f,f,t,f,f,f,f,f,f,f,f,f,f,t,1.1,f,,t,94,t,0.97,t,97,f,,SVI,-,851111039,otro
60,F,f,f,f,f,f,f,f,f,f,f,f,f,f,f,t,1.6,t,2.1,t,112,t,0.98,t,114,f,,other,-,851111040,otro
58,M,f,f,f,f,f,f,f,f,f,f,f,f,f,f,t,0.64,t,1,t,103,f,,f,,f,,SVI,K,851111041,otro
58,M,f,f,f,f,f,f,f,f,f,f,f,f,f,f,f,,t,1.6,f,,f,,f,,f,,other,-,851111042,otro
84,F,f,f,f,f,f,f,f,f,f,f,f,t,f,f,t,0.5,t,2.1,t,138,t,0.92,t,150,f,,SVI,-,851111047,otro
37,M,f,f,f,f,f,f,f,f,t,f,f,f,f,f,t,0.65,t,1.3,t,136,t,1.19,t,115,f,,other,-,851111049,otro
80,F,f,f,t,f,f,f,f,f,f,f,f,f,f,f,t,5.3,t,2,t,86,t,1.02,t,83,f,,other,-,851111050,otro
44,M,t,f,f,f,f,t,f,f,f,f,f,f,f,f,t,21,f,,t,76,t,0.9,t,84,f,,other,M,851111051,otro
65,M,f,f,f,f,f,f,f,f,f,f,f,f,f,f,t,1.3,t,2.1,t,111,t,0.99,t,112,f,,other,-,851111061,otro
55,M,f,f,f,f,f,f,f,f,f,f,f,f,f,f,t,2.1,t,2.2,t,84,t,0.85,t,99,f,,other,-,851112002,otro
28,F,f,f,f,f,f,f,f,f,f,f,f,f,f,f,t,7.1,t,1.7,t,96,t,0.89,t,108,f,,SVI,G,851112004,hipotiroidismo
28,F,f,f,f,f,f,f,f,f,f,f,f,f,f,f,t,0.47,t,2.2,t,161,t,1.05,t,153,f,,SVHC,-,851112005,otro
53,M,f,f,f,f,f,f,f,f,f,f,f,f,f,t,t,1.7,t,1.9,t,110,t,0.73,t,150,f,,SVHC,-,851112006,otro
44,M,t,f,f,f,f,f,f,f,f,f,f,f,f,f,t,0.26,f,,t,127,t,1.03,t,124,f,,other,-,851112029,otro
37,F,t,f,f,f,f,f,f,f,f,f,f,f,f,f,t,0.21,f,,t,156,t,0.84,t,187,f,,other,L,851112032,otro
41,F,t,f,f,f,f,f,f,f,f,f,f,f,f,f,t,0.02,t,2,t,122,t,0.94,t,122,f,,other,-,851112033,otro
42,M,f,f,f,f,f,f,f,f,f,f,f,f,f,f,t,2.8,t,1.7,t,105,t,1.03,t,101,f,,other,-,851112039,otro
77,F,f,f,f,f,f,f,f,f,f,f,f,f,f,f,t,2.2,t,0.2,t,80,t,0.8,t,99,f,,SVI,K,851112040,otro
57,F,f,f,f,f,f,f,f,f,f,f,f,f,f,f,t,1.6,t,2.5,t,103,t,1.02,t,101,f,,SVI,-,851112043,otro
57,,f,f,f,f,f,f,f,f,f,f,f,f,f,f,t,0.67,t,2.6,t,79,t,0.84,t,93,f,,other,-,851112044,otro
27,F,f,f,f,f,f,f,f,f,f,f,f,f,f,f,t,2.6,t,2.2,t,94,t,0.89,t,106,f,,SVI,-,851112045,otro
72,F,f,f,f,f,f,f,f,t,f,f,f,f,f,f,t,1.1,f,,t,131,t,0.5,t,265,f,,other,-,851112049,otro
81,M,f,f,f,f,f,f,f,f,f,f,f,f,f,f,f,,t,1.7,t,71,t,0.92,t,77,f,,other,-,851112051,otro
39,F,f,f,f,f,f,f,f,f,t,f,f,f,f,f,f,,t,6.6,t,248,t,0.89,t,280,f,,other,A,851112057,hipertiroidismo
49,F,f,f,f,f,f,f,f,f,t,f,f,f,f,f,f,,f,,f,,f,,f,,t,27,other,-,851113007,otro
49,M,f,f,f,f,f,f,f,f,f,f,f,f,f,f,t,0.02,f,,t,131,t,0.83,t,158,f,,other,-,851113016,otro
40,M,f,f,f,f,f,f,f,f,f,f,f,t,f,f,t,1.1,t,2.8,t,107,t,1.09,t,99,f,,other,-,851113029,otro
28,F,f,f,f,f,f,f,f,f,f,f,f,f,f,f,t,1.3,t,1.4,t,120,t,0.82,t,146,f,,SVI,-,851113030,otro
57,M,f,f,f,f,f,f,f,f,f,f,f,f,f,f,t,0.62,t,2.4,t,118,t,1.12,t,106,f,,SVI,-,851113031,otro
65,F,f,f,f,f,f,f,f,f,f,f,f,f,f,f,t,55,t,0.7,t,15,t,1.08,t,14,f,,SVI,F,851113032,hipotiroidismo
28,F,f,f,f,f,f,f,f,f,f,f,f,f,f,f,t,1.2,f,,t,166,t,1.46,t,115,f,,other,I,851113033,otro
34,M,f,f,f,f,f,f,f,f,f,f,f,f,f,f,t,4,t,1.8,t,135,t,1,t,134,f,,SVI,-,851113034,otro
30,F,f,f,f,f,f,f,f,f,f,f,f,f,f,f,t,1.9,f,,t,98,t,0.99,t,99,f,,other,-,851113036,otro
44,F,f,f,f,f,f,f,f,f,f,f,f,f,f,f,t,2.3,f,,t,88,t,1.05,t,83,f,,other,-,851113045,otro
73,F,f,f,f,f,f,f,f,f,t,f,f,f,f,f,t,2.5,t,2,t,134,t,1.17,t,115,f,,SVHD,-,851113046,otro
69,F,f,f,f,f,f,f,f,f,f,f,f,f,f,f,t,0.69,t,1.6,t,89,t,0.96,t,93,f,,other,-,851113047,otro
72,M,f,f,f,f,f,f,f,f,f,f,f,f,f,f,t,2.3,t,1.2,t,77,t,0.85,t,91,f,,SVI,-,851113048,otro
65,F,f,f,f,f,f,f,f,f,t,f,f,f,f,f,t,0.32,t,2.7,t,96,t,1.4,t,69,f,,other,-,851113049,otro
36,F,t,f,f,f,f,f,f,t,f,f,f,f,f,f,t,0.05,t,2.2,t,162,t,1.15,t,140,f,,other,-,851113053,otro
47,F,f,f,f,t,f,f,f,f,f,f,f,f,f,f,t,1.7,t,1.7,t,91,t,0.96,t,94,f,,SVHD,-,851113058,otro
48,F,f,f,f,f,f,f,f,f,f,f,f,f,f,f,t,1.8,t,2.7,t,124,t,1.2,t,104,f,,SVI,-,851113059,otro
27,M,f,f,f,f,f,f,f,f,f,f,f,f,f,f,t,2.3,t,1.9,t,94,t,1.05,t,89,f,,other,-,851113066,otro
55,F,f,f,f,f,f,f,f,f,t,f,f,f,f,f,t,4.5,t,1.7,t,91,t,1.09,t,84,f,,other,-,851113072,otro
61,M,f,f,f,f,f,f,f,f,f,f,f,f,f,f,t,1.2,t,2.3,t,143,t,1.02,t,141,f,,SVHC,-,851114004,otro
23,M,f,f,f,f,f,f,f,f,f,f,f,f,f,t,t,0.66,t,2.3,t,114,t,0.88,t,129,f,,SVHC,-,851114005,otro
73,M,f,f,f,f,f,f,f,f,f,f,f,f,f,f,t,2.1,t,1.9,t,118,t,0.9,t,131,f,,SVI,-,851114007,otro
68,F,f,f,f,f,f,f,f,f,f,f,f,f,f,f,t,1.2,f,,t,125,t,1.11,t,113,f,,SVI,-,851114011,otro
71,F,t,f,f,f,f,f,f,f,f,f,f,f,f,f,t,0.5,t,2.2,t,198,t,1.23,t,160,f,,other,L,851114013,otro
24,F,t,f,f,f,f,f,f,f,f,f,f,f,f,f,t,0.09,f,,t,126,t,0.86,t,146,f,,other,-,851114014,otro
14,M,f,f,f,f,f,f,f,f,f,f,f,f,f,f,t,3.8,t,2.5,t,80,t,0.89,t,90,f,,other,-,851114015,otro
31,F,t,f,f,f,t,f,f,f,t,f,f,f,f,f,t,0.44,t,1.5,t,75,t,0.92,t,81,f,,STMW,-,851114023,otro
43,,t,f,f,f,f,f,f,f,f,f,f,f,f,f,t,6.6,t,1.4,t,137,t,1.12,t,123,f,,other,M,851114024,otro
22,F,f,f,f,f,f,f,f,f,f,f,f,f,f,f,t,2.6,t,1.1,t,102,t,0.81,t,125,f,,other,-,851114028,otro
32,F,t,f,f,f,t,f,f,f,f,f,f,f,f,f,t,0.05,t,3.9,t,289,t,1.75,t,165,f,,other,I,851114029,otro
22,F,f,f,t,f,f,f,f,f,f,f,f,f,f,f,t,1.3,t,1.8,t,118,t,0.96,t,123,f,,other,-,851114030,otro
42,F,t,f,f,f,f,f,f,f,f,f,f,f,f,f,t,0.02,t,2.6,t,203,t,1.01,t,200,f,,other,N,851114051,otro
27,F,f,f,f,f,f,f,f,f,f,f,f,f,f,f,t,2.6,f,,t,112,t,1.15,t,97,f,,other,-,851114052,otro
81,F,f,f,f,f,f,f,f,f,f,f,f,f,f,f,t,1.4,t,1,t,92,t,0.99,t,93,f,,other,K,851114053,otro
40,F,f,f,f,f,f,f,f,f,f,f,f,t,f,f,t,12,t,2.1,t,81,t,1.09,t,74,f,,other,G,851114055,hipotiroidismo
49,F,t,f,f,f,f,f,f,f,f,f,f,f,f,f,t,0.93,f,,t,74,t,0.87,t,85,f,,other,-,851114058,otro
71,F,t,f,f,f,f,f,f,f,f,f,f,f,f,f,t,0.03,f,,t,175,t,1.04,t,168,f,,other,L,851114059,otro
39,F,t,f,f,f,f,f,f,f,f,f,f,f,f,f,t,0.06,t,2.4,t,148,t,1.07,t,138,f,,other,-,851114062,otro
39,F,f,f,f,f,f,f,f,f,t,f,f,f,f,f,t,1.2,t,2,t,102,t,0.93,t,110,f,,other,-,851114066,otro
64,F,t,f,f,f,f,f,f,f,f,f,f,f,f,f,t,0.07,t,1.9,t,112,t,0.94,t,119,f,,other,-,851114068,otro
52,M,f,t,f,f,f,f,f,f,f,f,f,f,f,f,f,,f,,t,98,t,0.71,t,138,f,,other,-,851114070,otro
53,M,t,f,f,f,f,t,f,f,f,f,f,f,f,f,t,0.08,f,,t,127,t,0.9,t,141,f,,other,-,851114071,otro
47,M,f,t,f,f,f,f,f,f,f,f,f,f,f,f,t,0.02,t,1.2,t,72,t,0.82,t,88,f,,other,-,851114072,otro
13,M,f,f,f,f,f,f,f,f,f,f,f,f,f,f,f,,t,2.1,t,82,t,0.88,t,93,f,,other,-,851114077,otro
81,F,f,f,f,f,f,f,f,f,f,f,f,f,f,t,t,1.8,t,1.8,t,148,t,1.19,t,125,f,,SVHC,-,851115008,otro
74,F,f,f,f,t,f,f,f,f,f,f,f,f,f,f,t,5.4,t,1.4,t,109,t,0.83,t,131,f,,SVI,-,851115009,otro
55,M,f,f,f,f,f,f,f,f,f,f,f,f,f,f,t,2,t,1.2,t,95,t,0.98,t,96,f,,SVI,-,851115010,otro
55,F,f,f,f,f,f,f,f,f,f,f,f,f,f,f,t,0.9,t,1.6,t,126,t,0.93,t,135,f,,other,-,851115011,otro
29,F,f,f,f,f,f,f,f,f,f,f,f,f,f,f,t,2.1,t,2.2,t,101,t,0.79,t,129,f,,other,-,851115019,otro
29,F,f,f,f,f,f,f,f,f,f,f,f,f,f,f,t,7,f,,t,112,t,1.08,t,103,f,,other,G,851115020,hipotiroidismo
22,F,f,f,f,f,f,f,f,f,f,f,f,f,f,t,t,2.7,t,2.4,t,157,t,1.2,t,131,f,,SVHC,-,851115021,otro
28,F,f,f,f,f,f,f,f,f,f,f,f,f,f,t,t,0.36,t,3,t,131,t,1.04,t,126,f,,SVHC,-,851115022,otro
64,F,f,f,f,f,f,f,f,t,f,f,f,f,f,f,t,0.82,f,,t,125,t,1.01,t,124,f,,other,-,851115023,otro
52,M,f,f,f,f,f,f,f,f,f,f,f,f,f,f,t,4.5,f,,t,75,t,0.84,t,89,f,,SVI,-,851115024,otro
52,M,f,f,f,f,f,f,f,t,f,f,f,f,f,f,t,1.3,t,2,t,102,f,,f,,f,,other,-,851115045,otro
49,M,f,f,f,f,f,f,f,f,f,f,f,f,f,f,f,,f,,t,87,t,1.2,t,73,f,,other,-,851115052,otro
63,M,f,f,f,f,f,f,f,f,f,f,f,f,f,f,t,0.75,t,1.4,t,112,t,0.86,t,130,f,,SVHC,-,851118001,otro
70,M,f,f,f,f,f,f,f,f,f,f,f,f,f,f,t,3.6,t,1,t,60,t,0.88,t,68,f,,SVI,K,851118003,otro
65,F,f,f,f,f,f,f,f,f,f,f,f,f,f,f,t,2.2,t,1.9,t,101,t,0.99,t,102,f,,SVI,-,851118006,otro
72,,f,f,f,f,f,f,f,f,f,f,f,f,f,f,t,4.1,t,1.6,t,94,t,0.92,t,102,f,,other,-,851118007,otro
42,M,f,f,f,f,f,f,f,f,f,f,f,f,f,f,t,0.2,t,1.9,t,151,t,0.98,t,154,f,,SVHC,-,851118008,otro
74,,f,f,f,f,f,f,f,f,f,f,f,f,f,f,t,22,t,1.2,t,71,t,1.11,t,64,f,,SVI,F,851118009,hipotiroidismo
51,F,f,f,f,f,f,f,f,f,f,f,f,f,f,f,t,0.04,t,3.7,t,169,t,1.14,t,148,f,,SVI,I,851118010,otro
24,F,f,f,f,f,f,f,f,f,f,f,f,f,f,f,t,0.4,f,,t,142,t,1.2,t,118,f,,other,-,851118043,otro
68,F,f,f,f,f,f,f,f,f,f,f,f,f,f,f,t,4.8,t,2,t,87,t,0.95,t,91,f,,other,-,851118048,otro
65,F,f,f,f,f,f,f,f,f,f,f,f,f,f,f,t,0.035,f,,t,113,t,0.85,t,133,f,,other,-,851118050,otro
25,M,f,f,f,f,f,f,f,f,f,f,f,f,f,f,t,236,t,0.2,t,16,t,0.94,t,17,f,,other,F,851118051,hipotiroidismo
45,F,f,f,f,f,f,f,f,f,f,f,f,f,f,f,t,0.08,t,4.8,t,257,t,1.2,t,214,f,,other,I,851118059,otro
51,F,f,f,f,f,f,f,f,f,f,f,f,f,f,f,t,2.1,t,2.2,f,,f,,t,95,f,,other,-,851118077,otro
53,F,f,f,f,f,f,f,f,f,f,f,f,f,f,f,t,0.05,t,4.3,t,184,t,1.19,t,155,f,,other,I,851119001,otro
63,M,f,f,f,f,f,f,f,f,f,f,f,f,f,f,t,33,t,1.5,t,128,f,,f,,f,,other,G,851119021,hipotiroidismo
42,F,f,f,f,f,f,f,f,f,f,f,f,f,f,f,f,,f,,t,101,t,1.09,t,93,f,,other,-,851119032,otro
54,F,f,f,f,f,f,f,f,f,f,f,f,f,f,f,t,1.8,t,1.8,t,94,t,1,t,94,f,,other,-,851119033,otro
30,F,f,f,f,f,f,f,f,f,f,f,f,f,f,f,t,0.76,t,3.4,t,129,t,1.53,t,84,f,,STMW,I,851119042,otro
40,M,f,f,f,f,f,f,f,f,f,f,f,f,f,f,f,,f,,t,63,t,0.88,t,72,f,,other,-,851119044,otro
40,,f,f,f,f,f,f,f,f,f,f,f,f,f,f,t,2.1,t,0.6,t,79,t,0.91,t,87,f,,other,-,851119056,otro
40,,f,f,f,f,f,f,f,f,f,f,f,f,f,f,t,34,t,1.7,t,78,t,0.9,t,87,f,,other,G,851119058,hipotiroidismo
57,M,f,f,f,f,f,f,f,f,f,f,f,f,f,f,f,,f,,t,99,t,0.99,t,100,f,,other,-,851119061,otro
60,F,t,f,f,f,f,f,f,f,f,f,f,f,f,f,t,0.02,t,1.6,t,155,t,0.72,t,216,f,,other,N,851119067,otro
60,F,f,f,f,f,f,f,f,f,f,f,f,f,f,f,f,,t,2.2,f,,f,,f,,f,,other,-,851119093,otro
75,F,f,f,f,f,f,f,f,f,f,f,f,f,f,f,t,6.7,t,2.1,t,160,t,1.21,t,132,f,,other,I,851119095,otro
58,F,f,f,f,f,f,f,f,f,f,f,f,f,f,f,t,0.26,t,2.7,t,120,t,1.27,t,95,f,,other,-,851119096,otro
55,F,f,f,f,t,f,f,f,f,f,f,f,f,f,f,t,0.99,t,1.3,t,93,t,0.86,t,108,f,,SVI,-,851120002,otro
12,F,f,f,f,t,f,f,f,f,f,f,f,f,f,f,t,2.4,f,,t,166,t,1.2,t,138,f,,other,I,851120003,otro
70,F,f,f,f,f,f,f,f,f,f,f,f,f,f,f,t,2.4,f,,t,101,t,0.9,t,113,f,,other,-,851120005,otro
68,F,t,f,f,f,f,f,f,f,f,f,f,f,f,f,t,0.47,f,,t,117,t,1.02,t,115,f,,other,-,851120006,otro
28,F,f,f,f,f,f,f,f,f,f,f,f,f,f,f,t,6.1,t,2.2,t,136,t,1.24,t,110,f,,other,G,851120028,hipotiroidismo
60,F,t,f,f,f,f,f,f,f,f,f,f,f,f,f,t,0.035,t,2.3,t,160,t,1.05,t,151,f,,other,-,851120030,otro
62,M,f,f,f,f,f,f,f,f,f,f,f,f,f,f,t,0.72,t,0.5,t,78,t,0.95,t,82,f,,SVI,K,851120037,otro
63,F,t,f,f,f,f,f,f,f,f,f,f,f,f,f,t,0.02,f,,t,166,t,0.97,t,170,f,,other,L,851120039,otro
34,F,f,f,t,f,f,f,f,f,t,f,f,f,f,f,t,27,t,4.4,t,273,t,1.22,t,222,f,,STMW,D,851120041,hipertiroidismo
77,F,f,f,f,f,f,f,f,f,f,f,f,f,f,f,t,1.6,t,1.5,t,117,t,0.86,t,136,f,,SVI,-,851120042,otro
74,F,t,f,f,f,f,f,f,f,f,f,f,f,f,f,t,1.5,f,,t,175,t,1.15,t,153,f,,other,-,851120048,otro
80,F,t,f,f,f,f,f,f,f,f,f,f,f,f,f,t,7.9,t,1.5,t,106,t,0.94,t,113,f,,other,M,851120049,otro
53,F,t,f,f,f,f,f,f,f,f,f,f,f,f,f,t,0.07,f,,t,171,t,1.06,t,162,f,,other,L,851120050,otro
59,F,f,f,f,f,f,f,f,f,f,f,f,f,f,f,t,2.8,t,1.7,t,97,t,0.91,t,107,f,,SVI,-,851120054,otro
59,F,f,f,f,t,f,f,f,f,f,f,f,f,f,f,t,1.7,t,1.2,t,101,t,0.9,t,112,f,,other,-,851120058,otro
65,M,f,f,f,f,f,f,f,f,f,f,f,f,f,f,t,0.4,t,1,t,154,t,1.03,t,149,f,,other,-,851120059,otro
23,F,f,f,f,f,f,f,f,f,f,f,f,f,f,f,t,1.6,t,1.4,t,76,t,0.83,t,91,f,,SVI,-,851120068,otro
79,M,f,f,t,f,f,f,f,f,f,f,f,f,f,f,t,0.02,t,2.4,t,99,t,0.73,t,135,f,,other,-,851120069,otro
79,F,f,f,f,f,f,f,f,f,f,f,f,f,f,f,t,6.8,f,,t,144,t,1.29,t,111,f,,other,G,851120070,hipotiroidismo
79,F,f,f,f,f,f,f,f,f,f,f,f,f,f,f,t,143,t,0.7,t,73,t,1.01,t,72,f,,other,GK,851120076,hipotiroidismo
25,F,f,f,f,f,t,f,f,f,f,f,f,t,f,f,f,,t,2.2,t,113,t,1.08,t,105,f,,STMW,-,851120078,otro
45,M,f,f,f,f,f,f,f,f,f,f,f,f,f,t,t,0.75,t,2.3,t,119,t,0.94,t,126,f,,other,-,851120082,otro
37,F,f,f,f,f,f,f,f,f,f,f,f,f,f,f,t,2.4,t,2.7,t,155,t,1.43,t,109,f,,SVHC,-,851120083,otro
23,F,f,f,f,f,f,f,f,f,t,t,f,f,f,f,t,7.9,t,2.2,t,104,t,1.07,t,97,f,,SVHC,G,851120084,hipotiroidismo
23,M,f,f,f,f,f,f,f,f,f,f,f,f,f,f,t,1.3,t,1.8,t,122,t,1.1,t,111,f,,other,-,851120085,otro
70,F,f,f,f,f,f,f,f,f,f,f,f,f,f,f,t,1.2,f,,t,131,t,0.95,t,137,f,,other,-,851120086,otro
47,F,f,f,f,f,f,f,f,f,f,t,f,f,f,f,t,2.2,t,2,t,108,t,1.08,t,100,f,,SVHC,-,851120087,otro
44,M,f,f,f,t,f,f,f,f,f,f,f,f,f,f,t,2,t,1.3,t,136,t,0.94,t,145,f,,SVHD,-,851120088,otro
31,F,f,f,f,f,f,f,f,f,f,f,f,f,f,f,t,3,t,2.1,t,86,t,0.99,t,86,f,,STMW,-,851121009,otro
31,M,t,f,f,f,f,t,f,f,f,f,f,f,f,f,t,1.6,f,,t,111,t,1,t,111,f,,other,-,851121011,otro
75,M,f,f,f,t,f,f,f,f,f,f,f,f,f,f,t,0.02,f,,t,150,t,0.88,t,171,f,,SVHD,A,851121018,hipertiroidismo
72,F,f,f,f,f,f,f,f,f,f,f,f,f,f,f,t,0.005,t,2.1,t,98,t,0.9,t,109,f,,SVHC,-,851121019,otro
63,F,f,f,f,f,f,f,f,f,f,f,f,f,f,f,t,0.63,t,2.3,t,139,t,1.11,t,125,f,,other,-,851121020,otro
27,F,f,f,f,f,f,f,f,f,f,f,f,f,f,f,t,0.02,t,5.3,t,272,t,0.97,t,281,f,,other,A,851121021,hipertiroidismo
77,F,f,f,f,f,f,f,f,f,t,f,f,f,f,f,t,1.3,t,1.8,t,104,t,1.04,t,100,f,,other,-,851121029,otro
47,M,f,f,f,f,f,f,f,f,f,f,f,f,f,f,t,1.3,f,,t,98,t,1.14,t,86,f,,SVI,-,851121031,otro
46,M,f,f,f,f,f,f,f,f,t,f,f,f,f,f,t,0.02,t,4.5,t,156,t,0.76,t,205,f,,other,A,851121044,hipertiroidismo
42,M,f,f,t,f,f,f,f,f,t,f,f,f,f,f,t,0.67,t,1.9,t,74,t,0.79,t,93,f,,other,-,851121046,otro
50,M,f,f,f,f,f,f,f,f,t,f,f,f,f,f,t,13,t,1.3,t,86,t,0.87,t,99,f,,other,G,851121047,hipotiroidismo
19,F,f,f,f,f,f,f,f,f,f,f,f,f,f,f,t,1.6,t,1.6,t,94,t,1.06,t,89,f,,other,-,851121048,otro
19,M,t,f,f,f,f,f,f,f,f,f,f,f,f,f,t,0.005,t,2,t,147,t,0.9,t,163,f,,other,L,851121051,otro
49,F,f,f,f,f,f,f,f,f,f,f,f,f,f,f,f,,f,,f,,f,,f,,t,32,other,S,851121053,otro
53,F,t,f,f,f,f,f,f,f,f,f,f,f,f,f,t,0.32,f,,t,145,t,0.96,t,152,f,,other,-,851121060,otro
28,M,f,f,f,f,f,f,f,f,f,f,f,f,f,f,t,4.2,t,1.5,t,83,f,,f,,f,,other,-,851121063,otro
28,F,f,f,f,f,f,f,f,f,f,f,f,f,f,f,t,3.4,t,1.9,t,86,f,,f,,f,,other,-,851121066,otro
60,F,t,f,f,f,f,f,f,f,f,f,f,f,f,f,t,0.81,f,,t,192,t,1.44,t,134,f,,other,-,851121067,otro
19,F,f,f,f,f,f,f,f,t,f,f,f,f,f,f,t,3.7,t,1.1,t,126,t,0.91,t,138,f,,SVI,K,851121075,otro
32,F,t,f,f,f,f,f,f,f,f,f,f,f,f,f,t,0.005,t,2.9,t,138,t,1.15,t,120,f,,other,-,851121081,otro
53,F,f,f,f,t,f,f,f,f,f,f,f,f,f,f,t,2.4,t,3.7,t,172,t,1.67,t,103,f,,other,I,851121083,otro
64,F,t,f,f,f,f,f,f,f,f,f,f,f,f,f,t,1.2,t,2.3,t,177,t,1.51,t,117,f,,other,-,851121086,otro
19,M,f,f,f,f,f,f,f,f,f,f,f,f,f,f,t,2.3,t,2.3,t,82,t,0.88,t,92,f,,other,-,851122002,otro
21,F,t,f,f,f,f,f,f,f,f,f,f,f,f,t,t,1.2,t,1.6,t,99,t,0.87,t,114,f,,SVHC,-,851122007,otro
35,M,f,f,f,f,f,f,f,f,f,f,f,f,f,f,t,2.5,f,,t,139,t,1.13,t,123,f,,other,-,851122008,otro
69,F,f,f,f,f,f,f,f,f,f,f,f,f,f,f,f,,t,2.1,t,113,t,0.88,t,128,f,,SVI,-,851122035,otro
44,M,f,f,f,f,f,f,f,f,f,f,f,f,f,f,t,11,t,0.8,t,86,t,0.66,t,130,f,,SVI,GK,851122036,hipotiroidismo
76,F,t,f,f,f,f,f,f,f,f,f,f,f,f,f,t,3.6,t,0.5,t,57,f,,f,,f,,other,M,851122037,otro
76,M,t,f,f,f,f,f,f,t,f,f,f,f,f,f,t,1.2,t,2.1,t,81,t,0.94,t,86,f,,other,-,851122049,otro
18,F,t,f,f,f,f,f,f,f,f,f,f,f,f,f,t,478,f,,t,45,t,1.3,t,34,f,,other,F,851122052,hipotiroidismo
51,F,f,f,f,f,f,f,f,f,f,f,f,f,f,f,t,0.02,t,3.3,t,200,t,1,t,200,f,,SVI,A,851122058,hipertiroidismo
26,F,f,f,f,f,f,f,f,f,f,f,f,f,f,f,t,1.3,f,,t,98,t,1.04,t,95,f,,other,-,851125001,otro
36,F,f,f,f,f,f,f,f,t,f,f,f,f,f,f,t,2.3,f,,t,125,t,0.93,t,135,f,,other,-,851125002,otro
23,F,f,f,f,f,f,f,f,f,f,f,f,t,f,f,t,4.6,f,,t,157,t,1.71,t,92,f,,STMW,I,851125004,otro
61,F,f,f,f,f,f,f,f,f,f,f,f,f,f,f,t,3.6,f,,t,129,t,1.14,t,114,f,,STMW,-,851125005,otro
30,F,f,f,f,f,f,f,f,f,f,f,f,f,f,f,t,5,t,2.4,t,99,t,1.07,t,93,f,,other,-,851125009,otro
55,F,f,f,f,f,f,f,f,f,f,f,f,f,f,f,t,9.299999,t,1.9,t,85,t,1.07,t,80,f,,SVHC,G,851125010,hipotiroidismo
42,F,f,f,f,f,f,f,f,f,f,f,f,f,f,f,t,2.5,t,2.1,t,121,t,1.12,t,108,f,,SVI,-,851125012,otro
45,F,f,f,f,f,f,f,f,f,f,t,f,f,f,t,t,1.6,t,1.8,t,89,t,0.8,t,112,f,,SVHC,-,851125013,otro
89,F,f,f,f,f,f,f,f,f,f,f,f,f,f,f,t,2.5,t,1.8,t,86,t,1.04,t,83,f,,other,-,851125014,otro
54,F,f,f,f,f,f,f,f,f,f,f,f,f,f,f,t,0.52,f,,t,96,t,0.69,t,140,f,,SVI,-,851125015,otro
26,M,f,f,f,f,f,f,f,f,f,f,f,f,f,f,t,1.9,t,2.9,t,94,t,1.15,t,82,f,,SVHC,-,851125016,otro
26,F,f,f,f,f,f,f,f,f,f,f,f,f,f,f,t,2.7,t,2.8,t,96,t,0.82,t,118,f,,other,-,851125017,otro
75,M,f,f,f,f,f,f,f,t,f,f,f,f,f,f,t,1.8,t,2,t,102,t,0.83,t,124,f,,other,-,851125021,otro
43,F,f,f,f,f,f,f,f,f,f,f,f,f,f,f,t,2,t,2.6,t,87,t,1.13,t,78,f,,other,-,851125029,otro
70,F,f,f,f,f,f,f,f,f,f,f,f,f,f,f,t,3.6,t,1.9,t,114,f,,f,,f,,SVI,-,851125034,otro
36,,f,f,f,f,f,f,f,f,f,f,f,f,f,f,t,1.9,f,,t,59,t,0.59,t,99,f,,SVHC,J,851125046,otro
35,F,f,f,f,f,f,f,f,f,f,f,f,f,f,f,t,2.7,t,1.7,t,101,f,,f,,f,,other,-,851125052,otro
41,F,f,f,f,f,f,f,f,f,f,f,f,f,f,f,t,3.6,t,2.3,t,114,f,,f,,f,,other,-,851125061,otro
54,M,f,f,f,f,f,f,f,f,f,f,f,f,f,f,t,3.3,f,,t,147,t,1.07,t,138,f,,other,-,851126002,otro
45,F,f,f,f,f,f,f,f,f,f,f,f,f,f,f,t,0.94,t,2.4,t,80,t,1.06,t,76,f,,other,-,851126003,otro
41,F,f,f,f,f,f,f,f,f,f,f,f,f,f,t,t,2,t,2.5,t,109,t,1.03,t,105,f,,SVHC,-,851126004,otro
41,F,t,f,f,f,f,f,f,t,f,f,f,f,f,f,t,2.8,f,,t,149,t,1,t,148,f,,other,-,851126008,otro
53,F,f,f,f,f,f,f,f,f,f,f,f,t,f,f,t,0.005,f,,t,103,t,1.08,t,95,f,,SVI,-,851126018,otro
52,M,t,t,f,f,f,f,f,f,f,f,f,f,f,f,f,,f,,t,99,t,0.92,t,107,f,,other,-,851126019,otro
74,M,f,f,f,f,f,f,f,t,f,f,f,f,f,f,t,1.4,f,,t,123,t,1.57,t,79,f,,other,I,851126020,otro
63,F,f,f,f,f,f,f,t,f,f,f,f,f,f,f,t,42,t,1.6,t,60,t,0.93,t,64,f,,other,F,851126026,hipotiroidismo
88,F,f,f,f,f,f,f,f,f,f,f,f,f,f,f,t,2.9,f,,t,78,t,0.78,t,100,f,,other,-,851126028,otro
38,F,f,f,f,f,f,f,f,f,f,f,f,f,f,f,t,0.61,t,1.7,t,107,t,0.81,t,132,f,,SVI,-,851126031,otro
38,,f,f,f,f,f,f,f,f,f,f,f,f,f,f,t,1.4,t,1.5,t,95,t,0.91,t,104,f,,SVI,-,851126034,otro
33,F,f,f,f,f,f,f,f,f,f,f,f,f,f,f,t,6.9,f,,t,85,t,0.89,t,95,f,,other,G,851126035,hipotiroidismo
68,F,f,f,f,f,f,f,f,f,f,f,f,f,f,t,t,1.4,t,1.8,t,120,t,1.09,t,110,f,,SVHC,-,851126042,otro
23,M,f,f,f,f,f,f,f,f,f,f,f,f,f,f,t,0.78,t,2,t,102,t,0.97,t,106,f,,SVHC,-,851126045,otro
60,F,f,f,f,f,f,f,f,f,f,f,f,f,f,f,t,0.55,f,,t,180,t,1.05,t,172,f,,other,R,851126073,otro
60,F,f,f,f,f,f,f,f,f,f,f,f,f,f,f,t,1.4,t,1.7,t,103,t,0.89,t,116,f,,SVI,-,851126079,otro
46,M,f,f,f,f,f,f,f,f,f,f,f,f,f,t,t,0.98,t,2.5,t,120,t,1.06,t,113,f,,SVHC,-,851126081,otro
79,F,f,f,f,f,f,f,f,f,f,f,f,f,f,t,t,1.4,t,1.6,t,110,t,0.85,t,129,f,,SVHC,-,851126082,otro
74,M,f,f,f,f,f,f,f,f,f,f,f,f,f,f,t,2.9,t,1.6,t,90,t,0.79,t,114,f,,other,-,851127010,otro
74,F,f,f,f,f,f,f,f,f,f,f,f,f,f,f,t,4.8,t,2.5,t,66,t,0.89,t,75,f,,other,-,851127024,otro
66,M,f,f,f,f,f,f,f,f,f,f,f,f,f,f,t,2,f,,t,134,t,0.98,t,137,f,,SVI,-,851127025,otro
17,F,f,f,f,f,f,f,f,f,f,f,f,f,f,f,t,1.1,f,,t,154,t,1.34,t,115,f,,SVI,-,851127027,otro
17,F,f,f,f,f,f,f,f,f,f,f,f,f,f,f,t,1.6,t,1.1,t,52,t,0.36,t,145,f,,other,J,851127028,otro
14,F,f,f,f,f,f,f,f,f,f,f,f,f,f,f,t,1.9,t,3,t,128,t,1.11,t,116,f,,other,I,851127029,otro
31,F,f,f,f,f,f,f,f,f,f,f,f,f,f,f,t,2.2,t,2.5,t,85,t,0.81,t,105,f,,SVI,-,851127030,otro
45,F,f,f,f,f,f,f,f,f,f,f,f,f,f,f,t,3.2,t,2,t,73,t,0.74,t,99,f,,other,-,851127032,otro
56,M,f,f,f,f,f,f,f,f,f,f,f,f,f,f,t,0.66,t,1.7,t,114,t,0.89,t,128,f,,SVI,-,851127033,otro
61,F,f,t,f,f,f,f,f,f,f,f,f,f,f,f,f,,f,,t,63,t,0.71,t,89,f,,other,-,851127036,otro
41,F,f,f,f,f,f,f,f,f,f,f,f,f,f,t,t,0.82,t,1.4,t,129,t,0.88,t,147,f,,SVHC,-,851127037,otro
68,F,f,f,f,f,f,f,f,f,f,f,f,f,f,f,t,0.92,f,,t,98,t,0.79,t,125,f,,other,-,851127038,otro
59,F,f,f,f,f,f,f,f,f,t,f,f,f,f,f,f,,t,2.1,t,98,t,0.9,t,108,f,,other,-,851127041,otro
57,F,f,f,f,f,f,f,f,f,f,f,f,f,f,f,t,1.8,t,3,t,106,t,1.12,t,96,f,,other,-,851127061,otro
63,F,f,f,f,f,f,f,f,t,f,f,f,f,f,f,t,6.5,t,0.7,t,86,t,0.72,t,120,f,,SVI,GK,851127064,hipotiroidismo
74,M,t,f,t,f,f,f,f,t,t,f,f,f,f,f,t,5.2,f,,f,,f,,f,,f,,other,-,851127070,otro
65,F,t,f,f,f,f,f,f,f,f,f,f,f,f,f,t,0.03,t,1.9,t,139,t,0.84,t,165,f,,other,L,851127079,otro
61,F,t,f,f,f,f,f,f,f,f,f,f,f,f,f,t,0.03,t,1.8,t,145,t,1.04,t,140,f,,SVHD,-,851127082,otro
38,F,f,f,f,f,f,f,f,f,f,f,t,f,f,f,t,0.88,t,1.6,t,108,t,0.85,t,127,f,,SVI,-,851127083,otro
94,F,f,f,f,f,f,f,f,f,f,f,f,f,f,f,t,3.9,f,,t,157,t,1.02,t,154,f,,SVI,-,851127084,otro
50,F,f,f,t,f,f,f,f,f,t,f,f,f,f,f,t,0.03,t,3.4,t,131,t,1.02,t,129,f,,other,B,851127088,hipertiroidismo
18,F,t,f,f,f,f,f,f,f,f,f,f,f,f,f,t,0.03,f,,t,183,t,1.3,t,141,f,,other,-,851127090,otro
18,M,t,f,f,f,f,f,t,t,t,f,f,f,f,f,t,25,t,1.1,t,136,t,0.96,t,143,f,,other,MK,851127095,otro
22,F,f,f,f,f,f,f,f,f,t,f,f,f,f,f,t,2.3,t,3.6,t,148,t,1.42,t,104,f,,other,-,851127096,otro
53,F,f,f,f,f,f,f,f,f,t,f,f,f,f,f,t,0.03,t,5.4,t,162,t,0.73,t,222,f,,other,A,851127101,hipertiroidismo
38,F,f,f,f,t,f,f,f,f,f,f,f,f,f,f,t,2.2,f,,t,93,t,1.15,t,81,f,,other,-,851127104,otro
69,M,f,f,f,f,f,f,f,t,f,f,f,f,f,f,t,1.3,t,1.9,t,101,f,,f,,f,,other,-,851128006,otro
29,M,f,f,f,f,f,f,f,t,f,f,f,f,f,f,t,2.3,t,1.9,t,100,t,0.93,t,107,f,,other,-,851128007,otro
35,F,f,f,f,f,f,f,f,f,f,f,f,f,f,t,t,0.4,f,,t,135,t,0.84,t,160,f,,SVHC,-,851128009,otro
39,M,f,f,f,f,f,f,f,f,f,f,f,f,f,t,t,1.5,f,,t,93,t,0.75,t,125,f,,SVHC,-,851128010,otro
43,M,f,f,f,f,f,f,f,f,f,f,f,f,f,t,t,3.9,t,1.5,t,58,t,0.59,t,99,f,,SVHC,J,851128014,otro
73,F,t,f,f,f,f,f,f,t,f,f,f,f,f,f,t,0.03,t,1.7,t,127,t,0.89,t,143,f,,other,-,851128024,otro
63,F,f,f,f,f,f,f,f,f,f,f,f,f,f,f,t,0.03,t,5.5,t,199,t,1.05,t,190,f,,other,A,851128030,hipertiroidismo
41,F,f,f,f,f,f,f,t,f,f,f,f,f,f,f,t,5.1,t,1.8,t,91,t,1.12,t,82,f,,other,-,851128032,otro
64,F,t,f,f,f,f,f,t,t,f,f,f,f,f,f,t,0.73,t,2,t,152,t,1.15,t,131,f,,other,-,851128033,otro
67,F,t,f,f,f,f,f,f,f,f,f,f,f,f,f,t,0.03,f,,t,152,t,0.99,t,153,f,,other,-,851128034,otro
29,M,t,f,f,f,f,f,f,f,f,f,f,f,f,f,t,0.33,t,2.2,t,142,t,0.93,t,153,f,,other,-,851128035,otro
35,F,f,f,f,f,f,t,f,f,f,f,f,f,f,f,t,0.14,t,1.9,t,73,t,1.16,t,63,t,37,other,-,851128040,otro
66,M,f,f,f,f,f,f,f,f,f,f,f,f,f,f,t,2.3,f,,t,78,t,1.02,t,77,f,,SVI,-,851128050,otro
62,F,f,f,f,f,f,f,f,f,f,f,f,f,f,f,t,1.7,f,,t,97,t,0.86,t,112,f,,other,-,851128051,otro
60,F,f,f,f,f,f,f,f,f,f,f,f,f,f,f,t,1.7,t,1.6,t,130,t,1.05,t,123,f,,SVI,-,851128052,otro
57,F,f,f,f,f,f,f,f,f,f,f,f,f,f,f,t,2.2,f,,t,100,t,1,t,100,f,,other,-,851128058,otro
36,F,f,f,f,f,f,f,f,f,f,f,f,t,f,f,t,1.3,t,2.1,t,81,t,0.9,t,90,f,,other,-,851128068,otro
57,M,t,f,f,f,f,f,f,f,f,f,f,f,f,f,t,0.62,t,1.5,t,74,t,0.78,t,96,f,,other,-,851128071,otro
54,F,t,f,f,f,f,f,f,t,f,f,f,f,f,f,t,0.58,t,2.6,t,100,t,1.01,t,99,f,,other,-,851128072,otro
51,F,f,f,f,f,f,f,f,f,f,f,f,t,f,f,t,5.8,f,,t,261,t,2.32,t,113,f,,other,I,851128075,otro
72,F,f,f,f,f,f,f,f,f,f,f,f,f,f,f,t,0.34,t,1.4,t,100,t,0.8,t,124,f,,SVHC,-,851128076,otro
83,M,f,f,f,f,f,f,f,f,f,f,f,f,f,f,t,2.3,t,0.9,t,56,t,0.67,t,84,f,,SVHC,K,851128077,otro
26,M,f,f,f,f,f,f,f,f,f,f,f,f,f,f,t,0.17,t,0.9,t,122,f,,f,,f,,SVI,K,851128078,otro
58,F,f,f,f,f,f,f,f,f,f,t,f,f,f,f,t,3,f,,t,115,t,1.07,t,107,f,,SVI,-,851128079,otro
72,M,f,f,f,f,f,f,f,f,f,f,f,f,f,f,f,,f,,t,108,t,1.02,t,106,f,,SVI,-,851128081,otro
38,F,f,f,f,f,f,f,f,f,f,f,f,f,f,f,t,44,t,1.7,t,59,t,1.04,t,57,f,,other,F,851128084,hipotiroidismo
38,F,t,f,f,f,f,f,f,f,f,f,f,f,f,f,t,0.93,t,1.6,t,131,t,1.3,t,101,f,,other,-,851128085,otro
38,F,f,f,f,f,f,f,f,f,f,f,f,f,f,f,t,1.5,t,2.1,t,109,t,1.02,t,107,f,,other,-,851128088,otro
37,F,f,f,f,f,f,f,f,t,f,f,f,f,f,f,t,1.6,t,2.2,t,104,t,0.99,t,105,f,,other,-,851128089,otro
20,F,f,f,f,f,f,f,f,f,f,f,f,f,f,f,t,1.3,t,1.7,t,104,t,0.96,t,108,f,,other,-,851128092,otro
53,F,f,f,f,f,f,f,f,f,f,f,f,t,f,f,f,,t,2.8,f,,f,,f,,f,,SVI,-,851129012,otro
56,F,t,f,f,f,f,f,f,f,f,f,f,f,f,f,t,0.38,f,,t,105,t,0.9,t,116,f,,other,-,851129014,otro
68,F,f,f,f,f,f,f,f,f,f,f,f,f,f,f,t,1.2,f,,t,95,t,1.02,t,93,f,,other,-,851129027,otro
29,F,f,f,f,f,f,f,f,f,f,f,f,f,f,f,t,0.31,f,,t,146,t,1.04,t,141,f,,other,-,851129029,otro
48,M,f,f,f,f,f,f,f,f,f,f,f,f,f,f,f,,t,2.4,t,130,t,1.24,t,105,f,,other,-,851129030,otro
58,F,f,f,f,t,f,f,f,f,f,f,f,f,f,f,t,0.98,f,,t,99,t,1.08,t,92,f,,other,-,851129034,otro
69,F,f,f,f,f,f,f,f,f,f,f,f,f,f,f,t,0.005,t,1.7,t,116,f,,f,,f,,SVI,-,851129058,otro
40,F,f,f,f,f,f,f,f,f,f,f,f,f,f,f,f,,f,,f,,f,,f,,t,31,other,S,851129061,otro
20,,f,f,f,f,f,f,f,f,f,f,f,f,f,f,t,1.6,t,1.4,t,96,f,,f,,f,,SVI,-,851129062,otro
16,,f,f,f,f,f,f,f,f,f,f,f,f,f,f,t,3.1,t,1.1,t,96,t,0.87,t,111,f,,SVI,K,851129063,otro
60,M,f,f,f,f,f,f,f,f,f,f,f,f,f,f,t,5.2,f,,t,88,t,0.95,t,92,f,,SVI,-,851129064,otro
83,M,f,f,f,f,f,f,f,f,f,f,f,f,f,f,t,2.3,f,,t,100,t,0.82,t,122,f,,SVI,-,851129065,otro
38,M,f,f,f,f,f,f,f,f,f,f,f,f,f,f,t,3,t,1.7,t,84,t,0.99,t,85,f,,SVI,-,851129066,otro
38,M,f,f,f,f,f,f,f,f,f,f,f,f,f,f,t,1.7,f,,f,,f,,f,,f,,other,-,851129077,otro
38,M,f,f,f,f,f,f,f,f,f,f,f,f,f,f,f,,f,,t,78,t,0.87,t,90,f,,other,-,851129078,otro
61,F,f,f,f,f,f,f,f,f,f,f,f,f,f,f,t,0.35,t,1.4,t,108,t,1.02,t,105,f,,SVI,-,851129080,otro
30,F,f,f,f,f,f,f,f,f,f,f,f,f,f,f,t,1.8,t,2.1,t,116,t,1.05,t,110,f,,STMW,-,851202004,otro
2,F,f,f,f,f,f,f,f,t,f,f,f,f,f,f,t,4.2,t,2.1,t,152,t,0.93,t,163,f,,STMW,R,851202005,otro
47,M,f,f,f,f,f,f,f,f,f,f,f,f,f,f,t,2.6,t,1.7,t,66,t,0.75,t,88,f,,other,-,851202010,otro
21,F,t,f,f,f,f,f,f,f,f,f,t,f,f,t,t,1.3,t,1.9,t,112,t,1.06,t,106,f,,SVHC,-,851202011,otro
21,,f,f,f,f,f,f,f,f,f,f,f,f,f,f,t,3.1,t,3.1,t,164,t,0.81,t,201,f,,other,I,851202017,otro
21,,f,f,f,f,f,f,f,f,f,f,f,f,f,f,f,,f,,t,90,t,0.98,t,92,f,,other,-,851202019,otro
21,,f,f,f,f,f,f,f,f,f,f,f,f,f,f,f,,t,1.8,t,163,t,1.05,t,155,f,,other,-,851202020,otro
35,M,f,f,f,f,f,f,f,f,f,f,f,f,f,f,t,0.46,f,,t,77,t,0.67,t,115,f,,other,-,851202021,otro
37,F,f,f,f,f,f,t,f,f,t,f,f,t,f,f,t,0.57,t,2.6,t,159,t,1.39,t,114,f,,SVI,-,851202022,otro
66,M,f,f,f,f,f,f,f,t,f,f,f,f,f,f,t,0.045,t,0.3,t,72,t,0.61,t,119,f,,SVI,K,851202024,otro
37,M,f,f,f,f,f,f,f,f,f,f,f,f,f,f,t,12,f,,t,68,t,0.62,t,111,f,,other,G,851202025,hipotiroidismo
60,F,f,f,f,f,f,f,f,f,f,f,f,f,f,f,t,1.4,f,,t,100,t,0.83,t,121,f,,other,-,851202030,otro
19,M,f,f,f,f,f,f,f,f,f,f,f,f,f,f,t,58,f,,t,74,t,0.9,t,82,f,,other,G,851202035,hipotiroidismo
67,F,t,f,f,f,f,f,f,f,f,f,f,f,f,f,t,0.035,f,,t,124,t,1.04,t,119,f,,other,-,851202037,otro
59,F,f,f,f,f,f,f,f,f,f,f,f,f,f,f,t,0.09,t,1.3,t,80,t,1.02,t,79,f,,other,-,851202039,otro
30,M,f,f,f,f,f,f,f,f,f,f,f,f,f,f,t,1.1,t,3.1,t,119,t,1.08,t,109,f,,other,-,851202044,otro
21,F,f,f,f,f,f,f,f,f,f,f,f,f,f,f,t,1.5,t,2,t,76,t,1.03,t,73,f,,other,-,851202056,otro
21,F,f,f,f,f,f,f,f,f,f,f,f,f,f,f,t,5.1,f,,t,87,t,0.89,t,98,f,,other,-,851202059,otro
41,F,f,f,f,f,f,f,f,f,f,f,f,f,f,f,t,2.8,t,1.6,t,75,t,0.76,t,99,f,,other,-,851202060,otro
41,F,f,f,f,f,f,f,f,f,f,f,f,f,f,f,f,,t,2,t,99,t,0.96,t,104,f,,other,-,851202062,otro
69,F,f,f,f,f,f,f,f,f,f,f,f,f,f,f,t,26,t,2,t,89,t,1.5,t,59,f,,other,F,851202067,hipotiroidismo
50,F,f,f,f,f,f,f,f,f,f,f,f,f,f,f,t,0.17,t,1.7,t,120,t,0.98,t,122,f,,other,-,851202070,otro
75,F,t,f,f,f,f,f,f,f,f,f,f,f,f,f,t,0.12,f,,t,109,t,0.85,t,128,f,,other,-,851202074,otro
30,F,f,f,f,f,f,f,f,t,f,f,f,f,f,f,t,2.6,t,1.7,t,82,t,1.03,t,79,f,,other,-,851202075,otro
33,F,t,f,f,f,f,f,f,f,f,f,f,f,f,f,t,0.045,f,,t,112,t,0.83,t,134,f,,other,-,851202089,otro
62,M,f,f,f,t,f,f,f,t,f,f,f,f,f,t,t,13,t,0.8,t,83,t,0.81,t,103,f,,SVHC,GK,851202090,hipotiroidismo
55,F,f,f,f,f,f,f,f,f,t,f,f,f,f,f,t,0.035,t,4.4,t,195,t,0.82,t,237,f,,other,A,851203009,hipertiroidismo
62,F,f,f,f,f,f,f,f,f,f,f,f,f,f,f,t,0.76,f,,t,105,t,0.85,t,124,f,,other,-,851203017,otro
62,F,f,f,f,f,f,f,f,f,f,f,f,f,f,f,t,1.9,f,,t,68,t,0.64,t,106,f,,other,-,851203018,otro
62,,f,f,f,f,f,f,f,f,f,f,f,f,f,f,t,1.3,t,1.5,t,96,t,0.88,t,109,f,,SVHC,-,851203020,otro
86,,f,f,f,f,f,f,f,f,f,f,f,f,f,f,t,2,f,,t,131,t,1.01,t,131,f,,other,-,851203021,otro
36,F,f,f,f,f,f,f,f,f,f,f,f,f,f,f,f,,f,,t,81,t,0.85,t,95,f,,other,-,851203031,otro
72,F,f,f,f,t,f,f,f,f,f,f,f,f,f,f,t,5.8,t,1.4,t,107,t,1.07,t,100,f,,SVI,-,851203035,otro
72,,f,f,f,f,f,f,f,f,f,f,f,f,f,f,t,1.4,f,,t,113,t,0.97,t,117,f,,other,-,851203036,otro
41,F,f,f,f,f,f,f,f,f,f,f,f,f,f,f,f,,f,,f,,f,,f,,t,24,other,-,851203042,otro
61,F,f,f,f,f,f,f,f,f,f,f,f,f,f,f,f,,f,,t,91,t,0.71,t,128,f,,other,-,851203045,otro
50,F,t,f,f,f,f,f,f,f,f,f,f,f,f,f,t,0.66,f,,t,127,t,0.97,t,131,f,,other,-,851203052,otro
63,F,f,f,f,f,f,f,f,f,f,f,f,f,f,f,t,70,f,,t,63,t,1.19,t,53,f,,other,F,851203070,hipotiroidismo
45,F,f,f,f,f,f,f,f,f,f,f,f,f,f,f,f,,f,,t,57,t,0.85,t,65,f,,SVI,-,851203071,otro
19,F,f,f,f,f,t,f,f,f,f,f,f,t,f,f,t,0.45,t,3.2,t,130,t,1.83,t,71,f,,STMW,C|I,851204001,otro
19,F,f,f,f,f,f,f,f,f,f,f,f,f,f,f,t,5,t,2.2,t,115,t,1.02,t,114,f,,other,-,851204005,otro
52,F,f,f,f,f,f,f,f,f,f,f,f,f,f,f,t,0.45,t,2.1,t,107,t,0.9,t,119,f,,other,-,851204006,otro
39,F,f,f,f,f,f,f,f,f,f,f,f,f,f,f,t,2.1,f,,f,,f,,f,,f,,other,-,851204010,otro
69,F,t,f,f,f,f,f,f,f,f,f,f,f,f,f,t,0.1,t,2.1,t,188,t,0.97,t,194,f,,other,L,851204015,otro
36,F,f,f,f,f,f,f,f,f,f,f,f,f,f,f,t,1.9,f,,t,123,t,1.16,t,107,f,,other,-,851204019,otro
36,F,f,f,f,f,f,f,f,f,f,f,f,f,f,f,t,0.59,t,1.5,t,116,t,0.93,t,124,f,,other,-,851204024,otro
67,F,f,f,f,f,f,f,f,f,f,f,f,f,f,f,t,1.3,t,1.4,t,113,t,0.85,t,132,f,,other,-,851204043,otro
78,F,f,f,f,f,f,f,f,f,f,f,f,f,f,f,t,2.9,t,2.2,t,129,t,0.97,t,133,f,,SVI,-,851204044,otro
78,F,t,f,f,f,f,f,f,t,f,f,f,f,f,f,t,0.015,t,2.1,t,214,t,0.87,t,245,f,,other,N,851204045,otro
77,F,f,f,f,t,f,f,f,t,f,f,f,f,f,f,t,3.5,t,0.8,t,68,t,0.97,t,70,f,,SVI,K,851204046,otro
76,M,f,f,f,f,f,f,f,f,f,f,f,f,f,f,t,0.69,t,2.3,t,138,t,1.04,t,133,f,,SVI,-,851204047,otro
70,M,f,f,f,f,f,f,f,f,f,f,f,f,f,f,t,3,t,1.3,t,105,t,0.94,t,112,f,,SVI,-,851204048,otro
44,M,f,f,f,f,f,f,f,f,f,f,t,f,f,f,t,0.89,f,,t,40,t,0.96,t,42,f,,SVI,K,851204059,otro
44,M,f,f,f,f,f,f,f,f,f,f,f,f,f,f,t,1.9,t,2.2,t,103,t,1.2,t,86,f,,other,-,851204067,otro
47,F,f,f,f,f,f,f,f,f,t,f,f,f,f,f,t,2.1,f,,t,117,t,1.09,t,107,f,,other,-,851205001,otro
37,F,f,f,f,f,f,f,f,f,f,f,f,f,f,f,t,55,t,0.9,t,45,t,1.04,t,43,f,,other,F,851205002,hipotiroidismo
35,F,f,f,f,f,f,f,f,f,f,f,f,f,f,f,f,,f,,f,,f,,f,,t,54,other,S,851205005,otro
55,M,f,f,f,f,f,f,f,f,f,f,f,f,f,t,t,0.57,t,1.4,t,75,t,0.72,t,104,f,,SVHC,-,851205007,otro
55,F,t,f,f,f,f,f,f,f,f,f,f,f,f,f,t,0.015,t,1.9,t,115,t,0.77,t,149,f,,other,-,851205008,otro
55,,f,f,f,f,f,f,f,t,f,f,f,f,f,t,t,0.59,f,,t,118,t,1.03,t,114,f,,SVHC,-,851205010,otro
55,,f,f,f,f,f,f,f,f,f,f,f,f,f,t,f,,f,,t,89,t,0.96,t,93,f,,SVHC,-,851205011,otro
55,M,f,f,f,f,f,f,f,f,f,f,f,f,f,f,t,1.9,f,,t,128,t,0.98,t,131,f,,other,-,851205012,otro
46,F,f,f,f,f,f,f,f,f,f,f,f,f,f,f,t,0.015,t,2,t,93,t,0.97,t,96,f,,other,-,851205016,otro
52,F,t,f,f,f,f,f,f,f,f,f,f,f,f,f,t,44,t,2.5,t,66,t,1.22,t,54,f,,other,F,851205018,hipotiroidismo
83,F,t,f,f,f,f,f,f,f,f,f,f,f,f,f,t,0.77,t,1.44,t,123,t,0.99,t,124,f,,other,-,851205019,otro
70,M,t,f,f,f,f,f,t,f,f,f,f,f,f,f,t,2.3,t,1.2,t,107,t,1.01,t,105,f,,other,-,851205020,otro
39,F,f,f,f,f,f,f,f,f,t,f,f,f,f,f,t,0.015,t,1.5,t,84,t,0.99,t,85,f,,other,-,851205021,otro
29,F,f,f,f,f,f,f,f,f,f,f,f,f,f,f,t,0.84,t,1.5,t,100,t,0.74,t,135,f,,other,-,851205022,otro
30,F,f,f,f,f,f,f,f,f,f,f,f,f,f,f,t,0.42,t,1.8,t,120,t,0.94,t,128,f,,other,-,851205030,otro
65,M,t,f,f,f,f,f,f,f,f,f,f,f,f,f,f,,f,,t,99,t,0.53,t,188,f,,other,N,851205031,otro
52,M,f,f,f,f,f,f,t,f,f,f,f,f,f,f,t,1.2,t,1.7,t,92,t,0.76,t,121,f,,other,-,851205032,otro
47,F,f,f,f,f,f,f,f,f,t,f,f,f,f,f,t,0.04,t,2,t,104,t,0.87,t,120,f,,other,-,851205033,otro
29,F,f,f,f,f,f,f,f,f,f,f,f,f,f,f,f,,f,,f,,f,,f,,t,18,other,-,851205036,otro
35,M,t,f,f,f,f,f,f,f,f,f,f,f,f,f,t,0.44,t,1.8,t,94,t,0.86,t,110,f,,other,-,851205042,otro
60,F,t,f,f,f,f,f,f,f,f,f,f,f,f,f,t,3.7,t,1.9,t,115,t,1.07,t,107,f,,other,-,851205044,otro
33,,f,f,f,f,f,f,f,f,t,f,f,f,f,f,t,0.015,t,5,t,244,t,0.67,t,362,f,,other,A,851205046,hipertiroidismo
72,F,t,f,f,f,f,f,f,f,f,f,f,f,f,f,t,2.9,t,1.2,t,174,f,,f,,f,,other,L,851205047,otro
65,M,t,f,f,f,f,f,f,f,f,f,f,f,f,f,t,12,t,1.2,t,118,t,0.9,t,130,f,,other,M,851205048,otro
78,M,t,f,f,f,f,f,f,f,f,f,f,f,f,f,t,8.2,f,,f,,f,,f,,f,,other,M,851205054,otro
16,M,f,f,f,f,f,f,f,f,f,f,f,f,f,f,t,4.5,f,,f,,f,,f,,f,,other,-,851205062,otro
51,F,t,f,f,f,f,f,f,f,f,f,f,f,f,f,t,0.1,f,,t,130,t,0.86,t,151,f,,other,-,851205067,otro
46,M,t,f,f,f,f,t,f,t,f,f,f,f,f,f,t,1.4,t,2.2,t,122,t,1.03,t,119,f,,other,-,851205081,otro
55,M,f,f,f,t,f,f,f,f,f,f,f,f,f,f,t,0.98,f,,t,107,t,0.99,t,107,f,,other,-,851205082,otro
54,F,f,f,f,t,f,f,f,f,f,f,f,f,f,f,t,0.9,f,,t,113,t,0.9,t,125,f,,other,-,851205083,otro
75,M,f,f,f,f,f,f,f,f,f,f,f,f,f,f,t,2,f,,t,74,t,1.05,t,70,f,,other,-,851205085,otro
80,F,f,f,f,f,f,f,f,f,f,f,f,f,f,f,t,1.1,t,1.3,t,118,t,1.12,t,105,f,,other,-,851205087,otro
34,F,f,f,f,f,f,f,f,f,t,f,f,f,f,f,t,19,t,3.9,t,146,t,1.16,t,125,f,,other,GI,851205089,hipotiroidismo
55,F,f,f,f,f,f,f,f,f,f,f,f,f,f,f,t,0.015,t,1.8,t,180,t,0.82,t,219,f,,other,AK,851205090,hipertiroidismo
18,F,f,f,f,f,f,f,f,t,f,f,f,f,f,f,t,1.1,f,,t,147,t,0.95,t,154,f,,STMW,-,851206009,otro
41,F,t,f,f,f,f,f,f,f,f,f,f,f,f,f,t,15,t,1.7,t,119,t,0.99,t,120,f,,other,M,851206035,otro
63,F,f,f,f,f,f,f,f,f,f,f,f,f,f,f,t,2.9,f,,t,95,t,1.08,t,88,f,,SVI,-,851206036,otro
55,M,f,f,f,f,f,f,f,f,f,f,f,f,f,f,t,1.3,f,,t,72,t,0.75,t,96,f,,other,-,851206044,otro
47,F,f,f,f,f,f,f,f,f,f,f,f,f,f,f,t,2,f,,t,114,t,0.89,t,129,f,,other,-,851206046,otro
46,F,f,f,f,f,f,f,f,f,f,f,f,f,f,f,t,4.6,t,1.2,t,48,t,0.89,t,54,f,,other,H|K,851206051,otro
58,M,f,f,f,f,f,f,f,f,f,f,f,f,f,f,t,3.7,t,1.6,t,76,t,0.81,t,95,f,,other,-,851209003,otro
50,M,f,f,f,f,f,f,f,f,f,f,f,f,f,t,t,0.82,t,2.1,t,124,t,1.03,t,121,f,,other,-,851209006,otro
50,M,f,f,f,f,f,f,f,f,f,f,f,f,f,f,t,0.67,t,2.6,t,85,t,0.89,t,96,f,,SVHC,-,851209007,otro
29,F,f,f,f,f,f,f,f,f,f,f,f,f,f,f,t,1.1,t,3.8,t,161,t,1.74,t,93,f,,STMW,I,851209016,otro
42,F,f,f,f,f,f,f,f,f,t,f,f,f,f,f,f,,t,1.1,t,93,t,0.78,t,119,f,,other,-,851209017,otro
48,F,f,f,f,f,f,f,f,f,f,f,f,f,f,f,t,2.3,t,0.9,t,105,t,0.61,t,173,f,,SVI,-,851209018,otro
58,F,f,f,f,f,f,f,f,f,t,f,f,f,f,f,t,1.1,t,2.3,t,60,t,0.89,t,68,f,,other,-,851209024,otro
29,F,t,f,f,f,f,f,f,f,f,f,f,f,f,f,t,15,f,,t,113,t,1.13,t,100,f,,other,M,851209025,otro
29,,f,f,f,f,f,f,f,f,f,f,f,f,f,f,t,1,t,1.2,t,84,t,0.67,t,125,f,,other,-,851209036,otro
36,F,f,f,f,f,f,f,f,f,f,f,f,f,f,f,t,1.9,t,1,t,77,t,0.86,t,90,f,,other,-,851209039,otro
37,F,f,f,f,f,f,f,f,f,f,f,f,f,f,f,t,1.6,f,,t,67,t,0.71,t,95,f,,other,-,851209040,otro
37,M,f,f,f,f,f,f,f,f,f,f,f,f,f,f,t,1.5,t,1.8,t,109,t,0.97,t,112,f,,other,-,851209041,otro
53,F,f,f,f,f,f,f,f,f,f,f,f,f,f,f,t,60,t,0.3,t,13,t,0.99,t,13,f,,other,F,851209043,hipotiroidismo
57,F,f,f,f,f,f,f,f,f,t,f,f,f,f,f,t,2.6,t,0.7,t,115,f,,f,,f,,SVI,K,851209044,otro
59,M,f,f,f,f,f,f,f,t,f,f,f,f,f,f,t,5.5,t,0.7,t,77,t,0.74,t,104,f,,SVI,K,851209045,otro
73,F,f,f,f,f,f,f,t,f,f,f,f,f,f,f,t,0.005,f,,t,102,t,0.89,t,115,f,,other,-,851209046,otro
47,F,f,f,f,f,f,f,t,f,f,f,f,f,f,f,t,3.4,t,2.2,t,102,t,1.02,t,101,f,,other,-,851209052,otro
21,F,f,f,f,f,f,f,f,f,f,f,t,f,f,f,f,,f,,t,132,t,0.87,t,152,f,,other,-,851209053,otro
34,F,t,f,f,f,f,f,f,f,f,f,f,f,f,f,t,0.005,f,,t,166,t,0.96,t,174,f,,other,N,851209054,otro
31,F,t,f,f,f,f,f,f,t,f,f,f,f,f,f,t,5,f,,t,141,t,1.09,t,130,f,,other,-,851209060,otro
60,F,f,f,f,f,f,f,f,f,f,f,f,f,f,f,t,0.005,f,,t,103,t,0.65,t,158,f,,other,-,851210022,otro
26,M,f,f,f,f,f,f,f,f,f,f,f,f,f,f,t,2.6,t,2,t,111,t,0.8,t,138,f,,other,-,851210023,otro
56,F,f,f,f,f,f,f,f,f,f,f,f,f,f,f,f,,t,3.9,t,141,t,1.12,t,126,f,,other,B,851210038,hipertiroidismo
56,,f,f,f,f,f,f,f,f,f,f,f,f,f,f,f,,f,,f,,f,,f,,t,51,other,S,851210040,otro
51,M,f,f,f,f,f,f,f,f,f,f,f,f,f,f,t,1,t,2.2,t,95,t,0.96,t,100,f,,SVHC,-,851210046,otro
51,F,f,f,f,f,f,f,f,f,f,f,f,f,f,f,t,4.1,f,,t,85,t,0.92,t,92,f,,other,-,851210047,otro
46,M,f,f,f,f,f,f,f,f,f,f,f,f,f,f,t,0.6,f,,t,98,t,0.94,t,104,f,,other,-,851210053,otro
76,F,f,f,f,f,f,f,f,t,f,f,f,f,f,f,t,0.005,f,,t,143,t,0.76,t,189,f,,other,A,851210054,hipertiroidismo
55,F,f,f,f,f,f,f,f,f,f,f,f,f,f,t,t,1.7,t,2,t,102,t,0.96,t,106,f,,SVHC,-,851210058,otro
55,F,f,f,f,f,f,f,f,f,f,f,f,f,f,f,t,11,t,0.4,t,102,f,,f,,f,,SVI,GK,851210059,hipotiroidismo
70,M,f,f,f,f,f,f,f,f,f,f,f,f,f,f,t,2.4,f,,t,70,t,0.9,t,78,f,,other,-,851210062,otro
47,M,f,f,f,f,f,f,f,f,f,f,f,f,f,f,t,2.6,f,,t,73,t,0.79,t,92,f,,SVHC,-,851210065,otro
58,M,f,f,f,f,f,f,f,f,f,f,f,f,f,f,t,3,t,1.6,t,71,t,0.82,t,86,f,,other,-,851210071,otro
25,M,f,f,f,f,f,f,f,f,f,f,f,f,f,f,t,2.9,f,,t,88,t,0.87,t,100,f,,other,-,851210073,otro
60,M,f,f,f,f,f,f,f,f,f,f,f,f,f,f,t,0.005,t,7.1,t,184,t,1.03,t,177,f,,other,A,851210076,hipertiroidismo
60,F,f,f,f,f,f,f,f,f,f,f,f,f,f,f,t,1.4,f,,t,119,t,1.12,t,106,f,,other,-,851210080,otro
26,F,f,t,f,f,f,f,f,f,f,f,f,f,f,f,t,9.4,f,,t,70,t,0.95,t,74,f,,other,G,851210082,hipotiroidismo
39,F,f,f,t,f,f,f,f,f,f,f,f,f,f,f,t,4.3,t,2.4,t,135,t,1.51,t,89,f,,other,-,851210083,otro
73,F,f,f,f,f,f,f,f,f,f,f,f,t,f,f,t,0.005,t,3.6,t,119,t,0.9,t,133,f,,other,C,851210084,hipertiroidismo
73,F,f,f,f,f,f,f,f,f,f,f,f,f,f,f,t,0.42,t,3,t,91,t,1.15,t,79,f,,other,I,851211005,otro
74,F,f,f,f,f,f,f,f,f,f,f,f,f,f,f,f,,t,1.9,t,98,t,1.06,t,92,f,,other,-,851211007,otro
40,M,f,f,f,f,f,f,f,f,f,f,f,f,f,t,t,1.4,t,1.8,t,92,t,0.85,t,108,f,,SVHC,-,851211008,otro
40,,f,f,f,f,f,f,f,f,f,f,f,f,f,f,t,1.7,f,,t,117,t,1.21,t,97,f,,other,-,851211009,otro
48,F,f,f,f,f,f,f,f,f,f,f,f,f,f,f,t,0.96,f,,t,129,t,1.35,t,96,f,,other,I,851211010,otro
68,F,f,f,f,f,f,f,f,f,f,f,f,f,f,f,t,1,f,,t,103,t,1.01,t,102,f,,SVI,-,851211011,otro
35,F,f,f,f,f,f,f,f,f,f,f,f,f,f,f,t,0.27,t,1.6,t,104,t,0.78,t,134,f,,SVHC,-,851211012,otro
75,F,f,f,f,f,f,f,f,f,f,f,f,t,f,f,t,0.045,t,2,t,146,t,1.05,t,139,f,,SVI,-,851211013,otro
25,F,f,f,f,t,f,f,f,f,f,f,f,f,f,f,t,2.7,f,,t,73,t,0.97,t,76,f,,SVHD,-,851211014,otro
44,F,f,f,f,f,f,f,f,f,f,f,t,f,f,f,f,,f,,f,,f,,f,,t,39,other,S,851211021,otro
50,F,f,f,t,f,f,f,f,f,t,f,f,f,f,f,t,0.01,t,2.8,t,74,t,1.14,t,65,f,,other,-,851211029,otro
53,M,f,f,f,f,f,f,f,f,f,f,f,f,f,f,t,1.8,t,2.4,t,104,t,0.81,t,128,f,,SVHC,-,851211053,otro
57,F,f,f,f,f,f,f,f,f,f,f,f,f,f,f,t,1.9,f,,t,85,t,0.79,t,108,f,,other,-,851211054,otro
18,F,f,f,f,f,f,f,f,f,f,f,f,f,f,f,t,0.98,f,,t,158,t,1.31,t,120,f,,other,-,851211055,otro
18,,f,f,f,f,f,f,f,f,f,f,f,f,f,f,t,4.2,f,,t,78,t,0.77,t,102,f,,SVI,-,851211056,otro
18,F,f,f,f,f,f,f,f,f,f,f,f,f,f,f,t,12,f,,t,142,t,1.37,t,104,f,,other,G,851211060,hipotiroidismo
18,M,f,f,f,f,f,f,f,f,f,f,f,f,f,f,t,1.3,f,,t,91,t,0.98,t,93,f,,SVI,-,851211061,otro
44,M,f,t,f,f,f,f,f,f,f,f,t,f,f,f,t,0.1,t,0.6,t,61,t,0.86,t,71,f,,SVI,K,851211062,otro
28,M,f,f,f,f,f,f,f,f,f,f,f,f,f,t,t,3.1,t,2.7,t,100,t,0.93,t,108,f,,SVHC,-,851211069,otro
73,F,f,f,f,f,f,f,f,f,t,f,f,f,f,f,t,3.9,t,2.1,t,130,t,1.11,t,116,f,,SVHD,-,851211070,otro
25,F,f,f,f,f,f,f,f,f,f,f,f,f,f,f,t,2.1,f,,t,107,t,1.15,t,92,f,,other,-,851211088,otro
45,M,t,f,f,f,f,f,f,f,f,f,f,f,f,f,t,1.4,f,,t,101,t,0.95,t,106,f,,other,-,851211090,otro
45,F,f,f,f,f,f,f,f,f,f,f,f,f,f,f,t,0.97,t,1.1,t,77,t,0.86,t,89,f,,SVI,K,851212001,otro
45,M,f,f,f,t,f,f,f,t,f,f,f,f,f,t,t,10,t,0.3,t,67,f,,f,,f,,SVI,GK,851212002,hipotiroidismo
55,F,f,f,f,f,f,f,f,f,f,f,f,f,f,t,t,2.6,t,1.9,t,115,t,1.02,t,114,f,,SVHC,-,851212003,otro
30,F,f,f,f,f,t,f,f,f,f,f,f,f,f,f,t,2.7,f,,t,125,t,1.43,t,87,f,,STMW,I,851212007,otro
72,F,f,f,f,f,f,f,f,f,f,f,f,f,f,f,t,0.005,t,4.1,t,139,t,0.71,t,196,f,,other,-,851212010,otro
42,M,f,f,f,f,f,f,f,f,f,f,f,f,f,f,t,52,t,0.8,t,28,t,0.86,t,33,f,,other,F,851212013,hipotiroidismo
55,F,t,f,f,f,f,f,f,f,f,f,f,f,f,f,t,0.005,t,1.9,t,107,t,0.74,t,144,f,,other,-,851212014,otro
71,F,t,f,f,f,f,f,f,f,f,f,f,f,f,f,t,2.6,t,1.3,t,93,t,0.81,t,115,f,,other,-,851212015,otro
45,F,f,f,f,f,f,f,f,f,t,f,f,f,f,f,f,,t,1.3,f,,f,,f,,f,,other,-,851212037,otro
56,M,f,f,f,f,f,f,f,f,f,f,f,f,f,f,f,,t,2.2,t,74,t,0.86,t,86,f,,other,-,851212042,otro
42,M,f,f,f,f,f,f,f,f,t,f,f,f,f,f,t,0.06,t,2,t,79,t,0.81,t,98,f,,other,-,851212043,otro
47,F,f,f,f,f,f,f,f,f,f,f,f,f,f,f,t,0.79,t,1.2,t,117,t,0.85,t,138,f,,other,-,851212044,otro
47,,f,f,f,f,f,f,f,f,f,f,f,f,f,f,t,0.005,t,2,t,128,t,0.94,t,136,f,,other,-,851212055,otro
73,M,f,t,f,f,f,f,f,f,f,f,f,f,f,f,f,,t,0.7,t,63,t,0.88,t,72,f,,other,K,851212064,otro
29,F,f,f,f,f,f,f,f,f,f,f,f,f,f,f,t,0.59,f,,t,80,t,0.82,t,98,f,,other,-,851212065,otro
57,M,t,f,f,f,f,f,f,f,t,f,f,f,f,f,t,50,t,1.3,t,64,f,,f,,f,,other,M,851212067,otro
57,M,f,f,f,f,f,f,f,f,f,f,f,f,f,f,t,0.8,f,,t,82,t,0.99,t,83,f,,SVHC,-,851212076,otro
31,F,f,f,f,f,f,f,f,f,f,f,f,f,f,f,t,1.3,f,,t,161,t,1.33,t,121,f,,other,I,851212077,otro
20,F,f,f,f,f,f,f,f,f,f,f,f,f,f,f,t,2.1,f,,t,105,t,1.04,t,101,f,,other,-,851212078,otro
55,M,f,f,f,f,f,f,f,f,f,f,f,f,f,f,t,0.34,t,1.4,t,123,t,0.96,t,128,f,,SVI,-,851212080,otro
25,F,f,f,f,f,f,f,f,f,f,f,f,t,f,f,t,1.1,f,,t,101,t,1.07,t,94,f,,other,-,851212082,otro
25,F,f,f,f,f,f,t,f,f,f,f,f,f,f,f,t,14,f,,t,81,t,0.9,t,90,f,,other,-,851212083,otro
71,F,f,f,f,f,f,t,f,f,f,f,f,f,f,f,t,0.01,f,,t,146,t,0.93,t,156,f,,other,-,851212085,otro
26,F,f,f,f,f,f,f,f,f,f,f,f,f,f,f,t,3.4,f,,t,104,t,1.12,t,92,f,,other,-,851212088,otro
58,F,f,f,f,f,f,f,f,f,f,f,f,f,f,f,t,1.9,f,,t,96,t,0.87,t,110,f,,SVI,-,851213016,otro
58,F,f,f,f,f,f,f,f,t,f,f,f,f,f,f,t,1.8,f,,t,63,t,0.86,t,73,f,,other,-,851213017,otro
57,M,f,f,f,f,f,f,f,f,f,f,f,f,f,f,t,1.4,f,,t,82,t,1.07,t,77,f,,other,-,851213018,otro
35,F,f,f,f,f,f,f,f,f,f,t,f,f,f,f,t,3.9,f,,t,83,t,0.85,t,97,f,,SVHC,-,851213020,otro
53,F,f,f,f,f,f,f,f,f,f,f,f,f,f,f,t,0.045,t,1.8,t,102,t,1,t,102,f,,other,-,851213035,otro
35,F,f,f,t,f,f,f,f,f,f,f,f,f,f,f,t,0.045,t,2.1,t,71,t,1.1,t,64,f,,other,-,851213036,otro
60,M,t,f,f,f,f,f,f,f,f,f,f,f,f,f,f,,f,,f,,f,,f,,t,23,other,-,851213053,otro
38,M,f,f,f,f,f,f,f,f,f,f,f,f,f,f,t,2.5,f,,t,81,t,0.86,t,94,f,,other,-,851213062,otro
79,F,f,f,f,f,f,f,f,f,f,f,f,f,f,f,t,1.4,t,0.6,t,94,f,,f,,f,,SVI,K,851213064,otro
38,F,f,f,f,f,f,f,f,f,f,f,f,f,f,f,t,2.5,t,1.5,t,81,t,0.86,t,94,f,,SVI,-,851213065,otro
48,F,f,f,f,f,f,f,f,f,f,f,f,f,f,f,f,,f,,t,91,t,0.91,t,100,f,,other,-,851213080,otro
45,M,f,f,f,t,f,f,f,f,f,f,f,f,f,f,t,2.1,f,,t,93,t,1.16,t,80,f,,other,-,851216009,otro
64,M,f,f,f,f,f,f,f,f,f,f,f,f,f,t,t,1.3,t,2.4,t,111,t,1.15,t,97,f,,SVHC,-,851216013,otro
64,F,f,f,f,f,f,f,f,f,f,f,f,f,f,f,t,4.3,f,,t,114,t,1.06,t,108,f,,other,-,851216014,otro
57,F,f,f,f,f,f,f,f,t,f,f,f,f,f,f,t,2.1,f,,t,76,t,1,t,75,f,,other,-,851216015,otro
55,F,f,f,f,f,f,f,f,f,f,f,f,f,f,f,t,0.13,t,1,t,102,t,0.82,t,124,f,,SVI,K,851216017,otro
55,F,f,f,f,f,f,f,f,f,f,f,f,f,f,f,t,1.8,f,,t,84,t,0.95,t,88,f,,other,-,851216018,otro
55,F,f,f,f,f,f,f,f,f,f,f,f,f,f,f,t,2.4,t,2.3,t,104,t,1.03,t,101,f,,SVHC,-,851216019,otro
72,F,f,f,f,f,f,f,f,f,f,f,f,f,f,f,t,4.8,f,,t,87,t,0.93,t,93,f,,other,-,851216021,otro
72,F,f,f,f,f,f,f,f,f,f,f,f,f,f,f,t,4,t,3.2,t,106,t,0.87,t,122,f,,other,I,851216022,otro
39,M,f,f,f,f,f,f,f,f,f,f,f,f,f,t,t,1.6,t,1.2,t,95,t,0.93,t,102,f,,SVHC,-,851216023,otro
45,F,f,f,f,f,f,f,t,f,f,f,f,f,f,f,t,0.065,t,4.6,t,210,t,1.11,t,190,f,,other,A,851216028,hipertiroidismo
45,F,t,f,f,f,f,t,f,f,f,f,f,f,f,f,t,0.44,t,2.8,t,153,t,0.91,t,168,f,,other,L,851216044,otro
54,F,f,f,f,f,f,f,f,f,t,f,f,f,f,f,t,1.4,f,,t,98,t,1.01,t,97,f,,other,-,851216047,otro
46,M,f,f,f,f,f,f,f,f,t,f,f,f,f,f,t,0.05,t,2.2,t,97,t,0.77,t,125,f,,other,-,851216049,otro
33,F,t,f,f,f,f,f,f,f,f,f,f,f,f,f,t,1.5,t,2.1,t,104,t,0.85,t,122,f,,other,-,851216052,otro
70,M,f,f,f,f,f,f,f,f,f,f,f,f,f,f,t,2.7,f,,t,155,t,1.05,t,148,f,,SVI,-,851216055,otro
7,M,f,f,f,f,f,f,f,f,f,f,f,f,f,f,t,2.4,f,,t,155,t,0.94,t,165,f,,other,R,851216056,otro
38,F,t,f,f,f,f,t,f,f,f,f,f,f,f,f,t,0.065,t,1.8,t,139,f,,f,,f,,other,-,851216058,otro
27,F,f,f,f,f,f,f,f,f,f,f,f,f,f,f,t,3.1,t,1.6,t,86,t,1.04,t,83,f,,SVI,-,851217001,otro
27,F,f,f,f,f,f,f,f,f,f,f,f,f,f,f,t,13,f,,t,87,t,0.85,t,103,f,,SVI,G,851217003,hipotiroidismo
58,F,f,f,f,f,f,f,f,f,f,f,f,f,f,f,t,5.5,t,2.1,t,82,t,0.92,t,89,f,,other,-,851217005,otro
58,M,t,f,f,f,f,f,f,f,f,f,f,f,f,f,t,2.6,f,,t,164,t,1.1,t,149,f,,SVI,-,851217006,otro
49,F,t,f,f,f,f,f,f,f,f,f,f,f,f,f,t,116,t,0.7,t,72,t,0.95,t,76,f,,other,MK,851217007,otro
82,M,f,f,f,f,f,f,f,f,f,f,f,f,f,t,t,6.6,t,1.6,t,92,t,1,t,91,f,,SVHC,G,851217008,hipotiroidismo
18,F,f,f,f,f,f,f,f,f,f,f,f,f,f,f,t,0.73,f,,t,194,t,0.97,t,200,f,,STMW,R,851217011,otro
33,F,f,f,f,f,f,f,f,f,t,f,f,f,f,f,t,0.16,t,5.2,t,183,t,0.83,t,220,f,,other,-,851217021,otro
33,F,f,f,f,f,f,f,f,f,f,f,f,f,f,f,t,0.045,t,2.1,t,159,t,1.01,t,157,f,,SVI,R,851217022,otro
37,F,t,f,f,f,f,f,f,f,f,f,f,f,f,f,t,2.8,f,,f,,f,,f,,f,,other,-,851217028,otro
55,M,f,f,f,f,f,f,f,f,f,f,f,f,f,f,f,,t,2.1,f,,f,,f,,f,,other,-,851217050,otro
72,F,f,t,f,f,f,f,f,f,f,f,f,f,f,f,f,,f,,t,114,t,1.11,t,102,f,,other,-,851217057,otro
77,F,t,f,f,f,f,f,f,f,f,f,f,f,f,f,t,3.5,f,,t,114,t,1,t,115,f,,other,-,851217058,otro
62,M,f,f,f,f,f,f,f,f,f,f,f,f,f,f,t,2.1,t,1.7,t,96,f,,f,,f,,other,-,851217062,otro
53,M,f,f,t,f,f,f,f,f,f,f,f,f,f,f,t,0.05,t,2.2,t,89,t,0.83,t,107,f,,other,-,851217066,otro
69,F,f,f,f,f,f,f,f,f,f,f,f,f,f,f,t,1.4,f,,t,123,t,0.91,t,136,f,,SVI,-,851218004,otro
76,M,f,f,f,f,f,f,f,f,f,f,f,f,f,f,t,3.4,f,,t,77,t,0.67,t,115,f,,SVI,-,851218006,otro
72,F,f,f,f,f,f,f,f,f,f,f,f,f,f,f,f,,f,,t,98,f,,f,,f,,other,-,851218007,otro
38,,f,f,f,f,f,f,f,f,f,f,f,f,f,t,t,1.1,t,2.2,t,145,t,1.23,t,118,f,,SVHC,-,851218010,otro
30,F,f,f,f,f,f,f,f,f,f,f,f,f,f,f,t,3,f,,t,96,t,0.82,t,118,f,,other,-,851218011,otro
68,M,f,f,f,f,f,f,f,f,f,t,f,f,f,f,t,1.9,f,,t,93,t,0.86,t,108,f,,SVHC,-,851218014,otro
31,F,f,f,f,f,f,f,f,f,f,f,f,f,f,f,t,3.4,f,,t,104,t,0.94,t,112,f,,STMW,-,851218021,otro
35,F,f,f,f,f,f,f,f,f,f,f,f,f,f,f,t,5.2,f,,t,95,t,1.11,t,85,f,,STMW,-,851218022,otro
35,,f,f,f,f,f,f,f,f,f,f,f,f,f,f,t,1.8,t,1.7,t,118,t,1.1,t,107,f,,other,-,851218029,otro
54,M,f,f,f,f,f,f,f,f,f,f,f,f,f,f,t,0.75,t,2.3,t,109,t,1.14,t,95,f,,SVHD,-,851218032,otro
43,F,f,f,f,f,f,f,f,f,t,f,f,f,f,f,t,1.7,f,,t,104,t,0.91,t,115,f,,other,-,851218058,otro
16,M,f,f,f,f,f,f,f,f,f,f,f,f,f,f,f,,t,2.5,t,71,t,0.8,t,88,f,,other,-,851218061,otro
16,F,f,f,f,f,f,f,f,f,f,f,f,f,f,f,t,9.7,f,,t,98,t,1.3,t,76,f,,other,G,851219004,hipotiroidismo
16,F,f,f,f,f,f,f,f,t,f,f,f,f,f,f,t,6.2,f,,t,108,t,1.14,t,94,f,,other,G,851219005,hipotiroidismo
45,F,f,f,f,f,f,f,f,t,f,f,f,f,f,f,t,0.005,f,,t,132,t,0.9,t,147,f,,SVI,-,851219006,otro
32,F,f,f,f,f,f,f,f,f,f,f,f,f,f,f,t,1.4,f,,t,108,t,1.15,t,94,f,,other,-,851219009,otro
36,M,f,f,f,f,f,f,f,f,f,f,f,f,f,f,t,0.74,t,1.5,t,72,t,0.5,t,145,f,,SVHC,-,851219010,otro
60,M,t,f,f,f,f,f,f,f,f,f,f,f,f,f,t,13,t,1.4,t,57,t,0.62,t,92,f,,other,M,851219018,otro
37,F,t,f,f,f,f,f,f,f,f,f,f,f,f,f,t,2.1,t,2.4,t,177,t,1.46,t,122,f,,other,-,851219020,otro
26,F,t,f,f,f,f,f,f,f,f,f,f,t,f,f,t,0.08,t,1.7,t,174,t,1.23,t,142,f,,other,-,851219021,otro
30,F,t,f,f,f,f,f,f,f,f,f,f,f,f,f,t,0.08,t,1.9,t,147,t,1.03,t,143,f,,other,-,851219022,otro
50,F,f,f,f,f,f,f,f,t,f,f,f,f,f,f,t,3.3,t,2.1,t,107,t,1.07,t,100,f,,other,-,851219023,otro
59,F,t,f,f,f,f,f,f,f,f,f,f,f,f,f,t,0.01,t,2,t,113,t,0.86,t,131,f,,other,-,851219025,otro
72,F,f,f,f,f,f,f,f,f,f,f,f,f,f,f,t,5,f,,t,101,t,0.88,t,115,f,,other,-,851219036,otro
65,F,t,f,f,f,f,f,f,f,f,f,f,f,f,f,t,0.47,t,0.8,t,154,t,0.75,t,204,f,,other,L,851219037,otro
77,F,f,f,f,f,f,f,f,f,f,f,f,f,f,f,t,0.06,f,,t,125,t,1.07,t,117,f,,other,-,851219038,otro
41,F,f,f,f,f,f,f,f,f,f,f,f,f,f,f,t,1.3,t,2.5,t,125,t,1.14,t,109,f,,SVHC,-,851219039,otro
88,F,f,f,f,f,f,f,f,f,f,f,f,f,f,f,t,13,f,,t,123,t,0.99,t,124,f,,SVI,G,851219040,hipotiroidismo
64,M,f,f,f,f,f,f,f,f,f,f,f,f,f,f,t,0.78,f,,t,106,t,0.88,t,121,f,,SVI,-,851219041,otro
46,F,f,f,f,f,f,f,f,f,f,f,f,f,f,f,f,,f,,t,93,t,0.91,t,102,f,,other,-,851219042,otro
71,F,t,f,f,f,f,f,t,t,t,f,f,f,f,f,t,2.4,t,1.9,t,133,t,1.09,t,123,f,,other,-,851219053,otro
43,F,t,f,f,f,f,f,f,f,f,f,f,f,f,f,t,0.13,f,,t,182,t,1.04,t,175,f,,other,L,851219055,otro
58,F,f,f,f,f,f,f,t,f,f,f,f,f,f,f,t,2.4,f,,t,122,t,1.12,t,108,f,,other,-,851219056,otro
68,M,f,t,f,f,f,f,f,f,f,f,f,f,f,f,f,,t,1.1,t,128,t,0.68,t,188,f,,other,-,851219059,otro
36,F,f,f,f,f,f,f,f,f,t,f,f,f,f,f,t,0.22,t,4,t,191,t,0.98,t,194,f,,other,-,851219070,otro
75,F,t,f,f,f,f,f,f,f,f,f,f,f,f,f,t,1.9,f,,t,124,t,0.86,t,144,f,,other,-,851220001,otro
75,F,t,f,f,f,f,f,f,f,f,f,f,f,f,f,t,0.76,f,,t,138,t,0.96,t,143,f,,other,-,851220002,otro
16,M,t,t,f,f,f,f,f,f,f,f,t,f,f,f,f,,t,3,t,135,t,1.02,t,131,f,,other,-,851220042,otro
45,F,f,f,f,f,f,f,f,f,f,f,f,f,f,f,t,0.07,f,,t,168,t,0.92,t,183,f,,other,R,851220059,otro
64,F,f,f,f,f,f,f,f,f,f,f,f,f,f,f,t,2,f,,t,118,t,1.22,t,97,f,,other,-,851223008,otro
61,F,f,f,f,f,f,f,f,f,f,f,f,f,f,f,t,6.9,f,,t,126,t,1.36,t,93,f,,other,G,851223010,hipotiroidismo
61,,f,f,f,f,f,f,f,f,f,f,f,f,f,f,t,2.1,f,,t,114,t,1.05,t,109,f,,SVI,-,851223011,otro
40,F,f,f,f,f,f,f,f,f,f,f,f,f,f,f,t,12,f,,t,97,t,1.01,t,97,f,,other,G,851223012,hipotiroidismo
71,F,f,f,f,f,f,f,f,f,f,f,f,f,f,f,t,0.65,f,,t,120,t,1.07,t,112,f,,SVI,-,851223015,otro
68,F,f,f,f,t,f,f,f,f,f,f,f,f,f,f,t,0.41,f,,t,123,t,0.98,t,125,f,,other,-,851223016,otro
65,F,f,f,f,f,f,f,f,f,f,f,f,f,f,f,t,3.5,f,,t,106,t,1.08,t,98,f,,other,-,851223017,otro
70,M,f,f,f,t,f,f,f,f,f,f,f,f,f,f,t,1.1,t,0.9,t,94,t,0.91,t,103,f,,SVI,K,851223019,otro
70,F,f,f,f,f,f,f,f,f,f,f,f,f,f,f,t,0.7,t,1.3,t,96,t,1.14,t,84,f,,other,-,851223020,otro
70,F,f,f,f,f,f,f,f,f,t,f,f,f,f,f,t,1,t,1.8,t,112,t,1.06,t,106,f,,SVI,-,851223022,otro
34,M,f,f,f,f,f,f,f,f,t,f,f,f,f,f,t,0.08,t,2.1,t,99,t,0.87,t,113,f,,other,-,851223023,otro
74,M,f,f,f,f,f,f,f,f,f,f,f,f,f,t,t,1.3,t,1.8,t,96,t,1.06,t,90,f,,SVHC,-,851223025,otro
55,F,f,f,f,f,f,f,f,f,f,f,t,f,f,f,t,0.29,f,,t,81,t,0.7,t,116,f,,SVI,-,851223029,otro
53,F,f,f,f,f,f,f,f,f,t,f,f,t,f,f,t,0.09,t,3.9,t,216,t,1.15,t,188,f,,other,-,851223039,otro
64,M,f,f,f,f,f,f,f,f,f,f,f,f,f,f,t,2.7,t,2.2,t,174,f,,f,,f,,other,R,851223043,otro
70,F,f,f,f,f,f,f,f,f,t,f,f,f,f,f,t,0.08,t,2.1,t,136,t,1.07,t,127,f,,other,-,851223048,otro
34,F,f,f,f,f,f,f,f,f,f,f,f,f,f,f,t,6.2,f,,t,116,t,1.13,t,103,f,,other,G,851223052,hipotiroidismo
34,M,f,f,f,f,f,f,f,f,f,f,f,f,f,t,t,1.3,t,1.8,t,86,t,0.86,t,101,f,,SVHC,-,851223062,otro
62,F,f,f,f,f,f,f,f,f,f,f,f,f,f,f,f,,t,1.3,f,,f,,f,,f,,other,-,851223072,otro
62,M,f,f,f,t,f,f,f,f,f,f,f,f,f,f,t,1.1,f,,t,108,t,0.95,t,113,f,,other,-,851224010,otro
68,F,f,f,f,f,f,f,f,f,f,f,f,f,f,f,t,3.9,t,1,t,104,t,0.75,t,137,f,,SVI,K,851224012,otro
58,F,f,f,f,f,f,f,f,f,f,f,f,f,f,f,t,2.2,t,2.1,t,114,t,0.94,t,121,f,,SVI,-,851224013,otro
76,F,f,f,f,f,f,f,f,f,f,f,f,f,f,f,t,11,t,0.8,t,60,t,1.04,t,58,f,,SVI,F,851224014,hipotiroidismo
68,F,f,f,f,f,f,f,f,t,f,f,f,f,f,f,t,2.1,f,,t,112,t,0.93,t,120,f,,other,-,851224015,otro
79,F,f,f,f,t,f,f,f,f,f,f,f,f,f,f,t,2.8,t,1.5,t,105,t,1.05,t,100,f,,other,-,851224016,otro
45,F,f,f,f,f,f,f,f,f,f,f,f,f,f,t,t,1.1,t,2,t,111,t,0.97,t,114,f,,SVHC,-,851224017,otro
68,F,f,f,f,f,f,f,f,f,f,f,f,f,f,f,t,2.1,t,1.5,t,126,t,1.26,t,100,f,,SVHC,-,851224018,otro
29,F,f,f,f,f,f,f,f,f,f,f,f,f,f,f,t,6.1,t,2.8,t,111,t,1.31,t,85,f,,other,G,860102036,hipotiroidismo
32,F,f,f,f,f,f,f,f,f,f,f,f,f,f,f,t,1.3,t,1.9,t,84,t,0.78,t,107,f,,other,-,860131016,otro
35,F,f,f,f,f,f,f,f,f,f,f,f,f,f,f,t,0.005,t,3.1,t,239,t,1,t,239,f,,STMW,A,860203001,hipertiroidismo
21,F,f,f,f,f,f,f,f,f,f,f,f,f,f,f,t,1,t,1.8,t,87,t,0.88,t,99,f,,STMW,-,860203002,otro
22,F,f,f,f,t,f,f,f,f,f,f,f,f,f,f,t,0.4,t,2.2,t,134,t,1.35,t,99,f,,SVI,-,860203003,otro
22,F,f,f,f,f,f,f,f,f,f,f,f,f,f,f,t,1.6,t,2,t,123,t,1.13,t,109,f,,other,-,860203004,otro
39,F,f,f,f,f,f,f,f,f,t,f,f,f,f,f,t,1.6,t,3.6,t,133,t,1.44,t,93,f,,other,-,860203005,otro
77,M,f,f,f,f,f,f,f,f,f,f,f,f,f,f,t,0.81,t,2,t,80,f,,f,,f,,other,-,860203006,otro
23,F,f,f,f,f,f,f,f,f,f,f,f,f,f,f,t,0.255,t,1.4,t,113,f,,f,,f,,SVHC,-,860203007,otro
23,F,f,f,f,f,f,f,f,f,f,f,f,f,f,f,t,2.6,t,1.1,t,104,t,1.05,t,99,f,,SVI,K,860203014,otro
45,M,f,f,f,f,f,f,f,f,f,f,f,f,f,f,t,61,t,0.6,t,23,t,0.87,t,26,f,,SVI,F,860203016,hipotiroidismo
65,F,t,f,f,f,f,f,t,t,f,f,f,f,f,f,t,0.03,t,2.3,t,154,t,0.9,t,170,f,,other,L,860203025,otro
53,F,f,f,f,f,f,f,f,f,t,f,f,f,f,f,t,0.045,t,2.2,t,115,t,0.93,t,124,f,,other,-,860203029,otro
79,F,f,f,f,f,f,f,f,f,t,f,f,f,f,f,t,4.2,t,1.1,t,78,t,0.97,t,81,f,,other,K,860203030,otro
79,F,f,f,f,f,f,f,f,f,f,f,f,f,f,f,t,3.2,t,1.5,t,159,t,1.17,t,136,f,,other,-,860203043,otro
57,M,f,f,f,f,f,f,f,f,f,f,f,f,f,f,t,1.1,f,,t,120,t,1,t,120,f,,SVI,-,860203050,otro
54,F,t,f,f,f,f,f,f,f,f,f,f,f,f,f,t,0.025,f,,t,225,t,0.83,t,273,f,,other,N,860203056,otro
61,F,t,f,f,f,f,f,t,f,f,f,f,f,f,f,t,0.7,t,2.2,t,118,f,,f,,f,,other,-,860203058,otro
61,F,t,f,f,f,f,f,f,f,f,f,f,f,f,f,t,0.04,f,,t,115,t,0.83,t,138,f,,other,-,860203061,otro
14,M,f,f,f,f,f,f,f,f,f,f,f,f,f,f,t,2.4,f,,t,89,t,0.74,t,121,f,,other,-,860204003,otro
57,M,f,f,f,f,f,f,f,f,f,f,f,f,f,f,t,1.1,f,,t,103,t,0.92,t,112,f,,other,-,860204005,otro
55,F,f,f,f,f,f,f,f,f,f,f,f,f,f,f,t,1,t,2.8,t,122,t,1.12,t,109,f,,other,-,860204006,otro
59,F,f,f,f,f,f,f,f,f,f,f,f,f,f,f,t,7.7,t,1.8,t,111,t,1.07,t,104,f,,other,G,860204007,hipotiroidismo
60,F,f,f,f,f,f,f,f,f,f,f,f,f,f,f,t,0.06,t,1.6,t,123,t,0.81,t,152,f,,other,-,860204020,otro
73,F,f,f,f,f,f,f,f,f,f,f,f,f,f,f,t,0.89,t,1.9,t,151,t,0.97,t,155,f,,other,-,860204026,otro
60,F,f,f,f,f,f,f,f,f,f,f,f,f,f,f,t,0.025,f,,t,175,t,1.03,t,169,f,,other,A,860204033,hipertiroidismo
56,F,f,f,f,f,f,f,f,f,f,f,f,f,f,f,t,27,f,,t,74,t,1.01,t,74,f,,other,G,860204052,hipotiroidismo
38,F,f,f,f,f,f,f,f,f,f,f,f,f,f,f,t,19,t,1.2,t,102,f,,f,,f,,other,G,860204053,hipotiroidismo
61,F,f,f,f,f,f,f,t,f,f,f,f,f,f,f,t,5.9,t,2,t,82,f,,f,,f,,other,-,860204055,otro
42,F,f,t,f,f,f,f,f,f,f,f,f,f,f,f,f,,f,,t,125,t,1.12,t,112,f,,other,-,860204060,otro
78,F,t,f,f,f,f,f,f,f,f,f,f,f,f,f,t,8.599999,f,,t,124,t,0.98,t,126,f,,other,M,860204062,otro
64,M,t,f,f,f,f,f,f,f,f,f,f,f,f,f,t,0.03,f,,t,65,t,0.82,t,80,f,,other,-,860204063,otro
52,F,t,f,f,f,f,f,f,f,f,f,f,f,f,f,t,0.005,f,,t,160,t,0.82,t,195,f,,other,N,860204065,otro
81,F,f,f,f,f,f,f,f,f,f,f,f,f,f,f,t,1.9,t,1.9,t,118,t,1.02,t,116,f,,SVI,-,860204067,otro
21,F,f,f,f,f,f,f,f,f,f,f,f,f,f,f,t,2.5,t,1.4,t,109,t,0.73,t,148,f,,SVI,-,860204069,otro
75,M,f,f,f,t,f,f,f,t,f,f,f,f,f,f,t,5.2,f,,t,96,t,0.89,t,108,f,,other,-,860204071,otro
64,F,f,t,f,f,f,f,f,f,f,f,f,f,f,f,t,0.38,f,,t,100,t,0.84,t,119,f,,other,-,860204075,otro
23,M,t,f,f,f,f,f,f,f,f,f,f,f,f,f,t,2,f,,t,136,t,0.67,t,203,f,,other,-,860204087,otro
21,F,f,f,f,f,f,f,f,f,f,f,f,f,f,f,t,1.5,f,,t,140,t,1.37,t,102,f,,other,I,860204088,otro
53,F,f,f,t,f,f,f,f,f,f,f,f,f,f,f,t,0.12,f,,t,47,t,0.93,t,50,f,,other,K,860204090,otro
39,M,f,f,f,f,f,f,f,f,f,f,f,f,f,t,t,1.1,t,1.6,t,133,t,1.02,t,131,f,,SVHC,-,860205007,otro
39,F,f,f,f,f,f,f,f,f,f,f,f,f,f,f,t,4.5,t,1.7,t,171,t,1.46,t,117,f,,SVHC,I,860205008,otro
45,M,f,f,f,f,f,f,f,f,f,f,f,f,f,f,t,1.4,t,2.2,t,141,t,0.98,t,144,f,,other,-,860205009,otro
35,M,f,f,f,f,f,f,f,f,f,f,f,f,f,f,t,2.6,t,2.5,t,161,t,1.26,t,128,f,,SVHC,I,860205010,otro
36,M,f,f,f,f,f,f,f,f,f,f,f,f,f,t,t,1,t,1.8,t,101,t,0.92,t,110,f,,SVHC,-,860205011,otro
36,F,f,f,f,f,f,f,f,f,f,f,f,f,f,f,t,1.2,t,2.6,t,148,t,1.29,t,115,f,,SVI,-,860205012,otro
51,M,f,f,f,f,f,f,f,f,f,f,f,f,f,f,t,2.1,t,1.9,t,63,t,0.58,t,107,f,,other,-,860205013,otro
29,F,f,f,f,f,f,f,f,f,t,f,f,f,f,f,t,1.9,t,2.1,t,96,t,1.02,t,96,f,,STMW,-,860205014,otro
76,M,f,f,f,f,f,f,f,f,f,f,f,f,f,f,f,,t,2.6,t,105,f,,f,,f,,other,-,860205018,otro
81,M,f,f,f,f,f,f,f,f,f,f,f,f,f,f,t,3,t,0.7,t,69,f,,f,,f,,SVI,K,860205037,otro
70,M,f,f,f,t,f,f,f,f,f,f,f,f,f,f,t,1.4,t,1.4,t,71,t,0.8,t,89,f,,SVHD,-,860205049,otro
87,F,f,f,f,f,f,f,f,f,f,f,f,f,f,f,t,1.9,t,1.8,t,119,t,0.89,t,134,f,,SVI,-,860205053,otro
63,F,f,f,f,f,f,f,f,f,f,f,f,f,f,f,f,,t,1.5,t,116,t,0.88,t,132,f,,SVI,-,860205054,otro
63,M,f,f,f,f,f,f,f,f,f,f,f,f,f,f,t,1.4,t,2,t,136,t,1.14,t,119,f,,other,-,860205055,otro
63,F,f,f,f,f,f,f,f,f,f,f,f,f,f,f,t,33,t,1.9,t,65,t,0.94,t,70,f,,other,G,860205056,hipotiroidismo
61,F,t,f,f,f,f,f,f,f,f,f,f,f,f,f,t,0.065,t,1.5,t,147,t,0.6,t,247,f,,other,L,860205057,otro
77,F,f,f,f,f,f,f,f,f,t,f,f,f,f,f,t,12,t,1.7,t,123,t,1.03,t,120,f,,other,G,860205058,hipotiroidismo
63,F,t,f,f,f,f,f,f,f,t,f,f,f,f,f,t,3.2,f,,t,160,t,0.98,t,162,f,,other,L,860205059,otro
55,F,f,f,f,f,f,f,f,f,t,f,f,f,f,f,t,0.065,f,,t,206,t,0.81,t,254,f,,other,A,860205060,hipertiroidismo
29,F,f,f,f,f,f,f,f,f,f,f,f,f,f,f,t,3.4,t,2.1,t,164,t,1.36,t,121,f,,other,I,860205061,otro
40,F,f,f,f,t,f,f,f,f,f,f,f,f,f,f,t,1.3,f,,t,152,t,1.5,t,102,f,,other,-,860205062,otro
16,M,f,f,f,f,f,f,f,f,f,f,f,f,f,f,t,4.4,f,,t,101,t,1.02,t,99,f,,other,-,860205065,otro
28,M,f,f,f,f,f,f,f,f,t,f,f,f,f,f,f,,f,,t,104,t,1.03,t,101,f,,other,-,860205068,otro
39,F,t,f,f,f,f,f,f,f,f,f,f,f,f,f,t,0.11,f,,t,135,t,1.01,t,135,f,,other,-,860205071,otro
26,F,f,f,f,f,f,f,f,f,f,f,f,f,f,f,t,1.6,f,,t,121,t,1.08,t,112,f,,STMW,-,860206005,otro
25,M,f,f,f,f,f,f,f,f,f,f,f,f,f,f,t,3.6,t,2.1,t,107,t,0.95,t,113,f,,other,-,860206013,otro
76,F,f,f,f,f,f,f,f,f,f,f,f,f,f,f,t,0.065,t,2.2,t,137,t,1.02,t,135,f,,other,-,860206015,otro
32,F,f,f,f,f,f,f,f,f,f,f,f,f,f,f,t,2.5,t,2.4,t,150,t,0.96,t,155,f,,SVHC,-,860206020,otro
32,F,f,f,f,f,f,f,f,f,f,f,f,f,f,f,t,15,f,,t,163,t,1.56,t,104,f,,other,I,860206021,otro
61,F,f,f,f,t,f,f,f,f,f,f,f,f,f,f,t,29,t,1.5,t,61,t,0.96,t,64,f,,other,F,860206022,hipotiroidismo
76,F,f,f,f,f,f,f,f,f,f,f,f,f,f,f,t,4.1,f,,t,56,t,0.76,t,73,f,,other,-,860206023,otro
27,F,f,t,f,f,t,f,f,f,f,f,f,f,f,f,f,,f,,t,110,t,1.1,t,100,f,,other,-,860206025,otro
75,F,t,f,f,f,f,f,f,t,f,f,f,f,f,f,t,32,t,1.5,t,96,t,0.98,t,98,f,,other,M,860206026,otro
78,F,t,f,f,f,f,f,t,t,f,f,f,f,f,f,t,1.2,t,1.2,t,82,t,1.01,t,81,f,,other,-,860206030,otro
69,M,f,f,f,f,f,f,t,f,f,f,f,f,f,f,t,2.1,t,2.5,t,131,t,1.03,t,126,f,,other,-,860206031,otro
78,F,f,f,f,f,f,f,f,f,f,f,f,f,f,f,t,1.8,t,2.3,t,116,t,1.08,t,107,f,,other,-,860206032,otro
63,M,f,f,f,f,f,f,f,t,f,f,f,f,f,f,t,3,t,1.7,t,93,t,0.64,t,146,f,,other,-,860206033,otro
62,F,f,t,f,f,f,f,f,f,f,f,f,f,f,f,f,,f,,t,69,t,0.87,t,79,f,,other,-,860206034,otro
67,F,t,f,f,f,f,f,f,f,f,f,f,f,f,f,t,0.98,t,1.6,t,147,t,0.89,t,165,f,,other,-,860206035,otro
67,F,f,f,f,f,f,f,f,f,f,f,f,f,f,f,t,1.9,t,2.5,t,102,t,0.93,t,110,f,,other,-,860206036,otro
57,F,t,f,f,f,f,f,f,t,f,f,f,f,f,f,t,0.57,t,2.7,t,189,t,1.35,t,140,f,,other,-,860206042,otro
16,F,t,f,f,f,f,f,f,f,f,f,f,t,f,f,t,29,t,1.9,t,58,t,1.03,t,56,f,,other,F,860206043,hipotiroidismo
61,F,t,f,f,f,f,f,f,f,f,f,f,f,f,f,t,0.85,t,2.3,t,66,t,1.07,t,62,f,,other,-,860206044,otro
71,F,f,f,f,f,f,f,f,f,f,f,f,f,f,f,t,0.49,t,2,t,123,f,,f,,f,,other,-,860206054,otro
70,F,f,f,f,f,f,f,f,f,t,f,f,f,f,f,t,0.6,t,2.8,t,122,t,1.09,t,112,f,,other,-,860206060,otro
42,F,f,f,f,f,f,f,f,f,f,f,f,f,f,f,t,0.73,f,,t,127,t,1.05,t,121,f,,other,-,860206062,otro
54,M,f,f,f,f,f,f,f,f,f,f,f,f,f,f,t,0.72,f,,t,120,t,0.97,t,123,f,,SVI,-,860206070,otro
66,F,f,f,f,f,f,f,f,f,f,f,f,f,f,f,t,2.8,t,2.3,t,119,t,0.9,t,132,f,,SVI,-,860206071,otro
66,F,f,f,f,f,f,f,f,f,f,f,f,f,f,f,t,1.9,t,0.6,t,86,t,0.87,t,100,f,,SVI,K,860206072,otro
56,F,f,f,f,f,f,f,f,f,f,f,f,f,f,f,t,0.51,t,1.2,t,76,t,0.74,t,102,f,,SVI,-,860206073,otro
85,F,f,f,f,f,f,f,f,f,f,f,f,f,f,f,t,114,t,0.3,t,24,t,0.61,t,39,f,,SVI,F,860206074,hipotiroidismo
61,F,t,f,f,f,f,f,f,f,f,f,f,f,f,f,t,0.18,t,1.5,t,90,t,0.79,t,115,f,,SVI,-,860206075,otro
38,F,f,f,f,f,f,f,f,t,f,f,f,f,f,f,t,1.8,t,1.6,t,131,f,,f,,f,,other,-,860206078,otro
43,F,f,f,f,f,f,f,f,f,f,f,t,f,f,f,f,,f,,t,96,t,0.95,t,100,f,,other,-,860206088,otro
46,M,f,f,f,f,f,f,f,f,f,f,f,t,f,f,t,0.01,t,4.7,t,141,t,0.9,t,156,f,,other,-,860206090,otro
65,F,t,f,f,f,f,f,t,f,t,f,f,f,f,f,t,2.1,t,1.7,t,164,t,1.09,t,151,f,,other,-,860206092,otro
78,F,t,f,f,f,f,f,f,f,f,f,f,f,f,f,t,7.2,t,1.4,t,131,t,1.09,t,121,f,,other,M,860206094,otro
42,F,f,f,f,f,f,t,f,f,f,f,f,f,f,f,t,9.099999,f,,t,120,t,1.07,t,112,f,,other,-,860206096,otro
42,M,t,f,f,f,f,f,f,f,f,f,f,f,f,f,t,55,f,,t,77,t,0.97,t,80,f,,other,M,860206097,otro
42,M,f,f,f,f,f,f,f,f,f,f,f,f,f,f,t,0.92,t,1.6,t,89,t,0.82,t,108,f,,other,-,860207002,otro
26,F,f,f,f,f,t,f,f,f,f,f,f,t,f,f,t,0.41,f,,t,177,t,1.49,t,119,f,,STMW,I,860207003,otro
48,F,f,f,f,f,f,f,f,f,f,f,f,f,f,f,t,0.96,t,1.5,t,77,t,1.15,t,67,f,,STMW,-,860207004,otro
26,F,f,f,f,f,t,f,f,f,f,f,f,t,f,f,t,1.2,f,,t,131,t,1.53,t,86,f,,STMW,I,860207005,otro
61,M,f,f,f,f,f,f,f,f,f,f,f,f,f,f,t,1.6,t,1.1,t,113,t,1.13,t,100,f,,SVI,K,860207008,otro
69,M,f,f,f,f,f,f,f,f,f,f,f,f,f,f,t,0.34,f,,t,115,t,1.02,t,113,f,,other,-,860207009,otro
63,M,f,f,f,f,f,f,f,f,f,f,f,f,f,f,t,2.6,f,,t,48,t,0.55,t,87,f,,SVI,J,860207010,otro
40,M,f,f,f,f,f,f,f,f,f,f,f,f,f,f,t,1.5,f,,t,93,t,0.91,t,102,f,,other,-,860207011,otro
40,,f,f,f,f,f,f,f,f,f,f,f,f,f,f,t,33,t,3.2,f,,f,,f,,f,,other,-,860207012,otro
40,,f,f,f,f,f,f,f,f,f,f,f,f,f,f,f,,f,,t,71,t,1.01,t,70,f,,other,-,860207013,otro
24,F,f,f,f,f,f,f,f,f,f,f,f,f,f,f,t,1.8,f,,t,99,t,1.01,t,98,f,,other,-,860207015,otro
23,F,f,f,f,f,f,f,f,f,f,f,f,f,f,f,t,4,t,2.7,t,132,t,1.39,t,96,f,,other,-,860207029,otro
62,M,f,f,f,f,f,f,f,f,f,f,f,f,f,f,t,1.5,t,1.3,t,71,f,,f,,f,,other,-,860207034,otro
53,F,f,f,f,f,f,f,f,f,f,f,f,f,f,f,t,0.33,t,0.4,t,83,t,0.54,t,154,f,,SVI,K,860207042,otro
64,M,f,f,f,t,f,f,f,f,f,f,f,f,f,f,t,0.91,t,1.1,t,170,t,0.96,t,176,f,,other,R,860207051,otro
27,F,f,f,f,f,f,f,f,f,f,f,f,f,f,f,t,0.76,t,2.5,t,160,t,1.38,t,116,f,,other,I,860207052,otro
76,M,f,f,f,t,f,f,f,f,f,f,f,f,f,f,f,,f,,t,98,t,1.12,t,87,f,,other,-,860207058,otro
31,F,f,f,f,f,f,f,f,f,f,f,f,f,f,f,t,3.9,f,,t,106,t,1.15,t,93,f,,SVI,-,860207067,otro
38,M,f,f,f,f,f,f,f,f,f,f,f,f,f,f,t,0.87,t,1.8,t,107,t,0.88,t,121,f,,SVHC,-,860207069,otro
28,M,f,f,f,f,f,f,f,f,f,f,f,f,f,f,t,4.6,t,1.5,t,92,t,1.02,t,90,f,,SVHC,-,860207070,otro
28,M,f,f,f,f,f,f,f,f,f,f,f,f,f,f,t,0.96,t,1.4,t,105,t,1.01,t,105,f,,SVI,-,860207071,otro
68,F,f,f,f,f,f,f,f,f,f,f,f,f,f,f,t,3.9,t,1.6,t,139,t,0.93,t,150,f,,SVHC,-,860207072,otro
79,F,t,f,f,f,f,f,f,t,f,f,f,f,f,f,t,13,t,0.7,t,124,t,1.02,t,122,f,,other,MK,860207074,otro
43,F,f,f,f,f,f,t,f,f,f,f,f,f,f,f,t,0.52,t,0.05,t,46,t,0.53,t,86,f,,SVI,J,860207075,otro
43,M,f,f,f,f,f,f,f,f,f,f,f,f,f,f,t,0.93,f,,t,81,t,0.84,t,97,f,,other,-,860207081,otro
43,F,f,f,f,f,f,f,f,f,f,f,f,f,f,f,t,2.4,t,1.7,t,138,t,1.02,t,136,f,,SVHC,-,860207082,otro
74,F,f,f,f,f,f,f,f,f,f,f,f,f,f,f,t,6.4,t,0.9,t,102,t,0.97,t,106,f,,other,GK,860207084,hipotiroidismo
53,F,f,f,f,f,f,f,f,f,f,f,f,f,f,f,t,0.36,t,0.4,t,82,t,0.59,t,140,f,,SVI,K,860210002,otro
53,M,f,f,f,f,f,f,f,f,f,f,f,f,f,f,t,3.3,t,1.5,t,39,t,0.85,t,46,f,,SVHC,R,860210003,otro
44,F,f,f,f,f,f,f,f,f,f,f,f,t,f,f,f,,f,,f,,f,,f,,f,,other,-,860210006,otro
44,F,f,f,f,f,f,f,f,f,f,f,f,f,f,f,t,1.4,f,,t,94,t,0.9,t,105,f,,other,-,860210007,otro
65511,M,f,f,f,f,f,f,f,f,f,f,f,f,f,f,t,0.38,t,2,t,113,t,1.08,t,104,f,,other,-,860210008,otro
73,,f,f,f,f,f,f,f,f,f,f,f,f,f,f,t,2.1,f,,t,123,t,1.01,t,121,f,,other,-,860210009,otro
37,F,f,f,f,f,f,f,f,f,f,f,f,f,f,f,t,1.2,f,,t,159,t,1.8,t,88,f,,STMW,I,860210010,otro
33,F,f,f,f,f,f,f,f,f,f,f,f,f,f,f,t,0.66,f,,t,160,t,1.78,t,90,f,,STMW,I,860210011,otro
76,F,f,f,f,f,f,f,f,f,f,f,f,t,f,f,t,0.72,f,,t,131,t,0.91,t,143,f,,SVI,-,860210015,otro
69,M,f,f,f,f,f,f,f,f,f,f,f,f,f,f,t,12,t,0.7,t,84,t,0.7,t,121,f,,SVI,GK,860210016,hipotiroidismo
75,M,f,f,f,f,f,f,f,f,f,f,f,f,f,f,t,49,t,0.3,t,5,t,1.17,t,4,f,,SVI,F,860210018,hipotiroidismo
41,,f,f,f,f,f,f,f,f,t,f,f,f,f,f,t,0.55,t,1.7,t,110,t,1.07,t,102,f,,other,-,860210019,otro
51,F,f,f,f,t,f,f,f,f,f,f,f,f,f,f,t,1.8,f,,t,104,t,1.06,t,98,f,,other,-,860210054,otro
40,,f,f,f,f,f,f,f,f,f,f,f,f,f,f,t,0.63,f,,t,74,t,0.99,t,75,f,,other,-,860210058,otro
40,M,f,f,f,f,f,f,f,f,f,f,f,f,f,f,t,1.03,t,2,t,98,t,0.95,t,103,f,,other,-,860210061,otro
82,F,t,f,f,f,f,f,f,t,f,f,f,f,f,f,t,0.59,t,0.9,t,111,f,,f,,f,,other,K,860210062,otro
20,M,f,f,f,f,f,f,f,f,f,f,f,f,f,f,t,1.2,t,1.5,t,103,t,1.1,t,93,f,,SVHC,-,860210063,otro
20,F,f,f,f,f,f,f,f,f,f,f,f,f,f,f,t,5.9,f,,t,114,t,1.31,t,87,f,,other,I,860210064,otro
20,F,f,f,f,f,f,f,f,f,f,f,f,f,f,f,t,1.1,f,,t,95,t,0.95,t,100,f,,other,-,860210065,otro
57,F,f,f,f,f,f,f,f,f,f,f,f,f,f,f,t,1.8,f,,t,83,t,0.76,t,108,f,,SVI,-,860210066,otro
62,M,f,f,f,f,f,f,f,f,f,f,f,f,f,f,t,4.6,f,,t,96,t,1.01,t,95,f,,SVI,-,860210067,otro
81,F,f,f,f,f,f,f,f,f,f,f,f,f,f,f,t,10,t,0.05,t,91,t,0.97,t,93,f,,other,GK,860210068,hipotiroidismo
57,F,f,f,f,f,f,f,f,f,f,f,f,f,f,f,t,3.1,t,1,t,128,t,1.07,t,119,f,,SVI,K,860210069,otro
39,,f,f,f,f,f,f,f,f,f,f,f,f,f,f,t,1.7,t,0.5,t,77,t,1.1,t,70,f,,SVI,K,860210070,otro
15,F,f,f,f,f,f,f,f,f,f,f,f,f,f,f,t,0.68,f,,t,82,t,0.95,t,86,f,,other,-,860210071,otro
59,M,f,f,f,f,f,f,f,f,f,f,f,f,f,f,t,2.3,t,0.8,t,99,t,1.08,t,92,f,,SVI,K,860210073,otro
44,M,f,f,f,f,f,f,f,f,f,f,f,f,f,f,f,,f,,t,131,t,0.94,t,138,f,,other,-,860210074,otro
66,M,f,f,f,f,f,f,f,f,f,f,f,f,f,f,t,1.2,f,,t,98,t,0.76,t,130,f,,other,-,860211004,otro
47,M,t,f,f,f,f,f,f,f,f,f,f,f,f,f,t,3,f,,t,123,t,1.02,t,120,f,,other,-,860211005,otro
52,M,f,f,f,f,f,f,f,f,f,f,f,f,f,f,t,3,f,,t,125,t,0.9,t,138,f,,other,-,860211006,otro
43,F,f,f,f,f,f,f,f,f,f,f,f,f,f,f,t,8.299999,t,1.9,t,95,t,1.17,t,81,f,,other,G,860211012,hipotiroidismo
58,F,f,f,f,f,f,f,f,f,f,f,f,f,f,t,t,2.7,t,1.4,t,120,t,0.85,t,141,f,,SVHC,-,860211013,otro
58,F,f,f,f,f,f,f,f,f,f,f,f,f,f,f,t,0.64,f,,t,98,t,0.63,t,156,f,,other,-,860211014,otro
91,F,f,f,f,f,f,f,f,f,f,f,f,f,f,f,t,4.7,t,1.4,t,101,t,0.88,t,115,f,,other,-,860211015,otro
33,F,f,f,f,f,f,f,f,f,t,f,f,f,f,f,t,0.025,t,5.3,t,278,t,0.78,t,356,f,,other,A,860211018,hipertiroidismo
49,F,f,f,f,f,f,f,f,f,f,f,f,f,f,f,f,,f,,t,87,t,0.84,t,103,f,,other,-,860211043,otro
63,F,f,f,f,f,f,f,f,f,t,f,f,t,f,f,t,0.09,t,4.9,t,221,t,0.93,t,237,f,,other,-,860211044,otro
57,F,f,f,f,f,f,f,f,f,f,f,f,f,f,f,t,2.7,f,,t,123,t,0.89,t,139,f,,SVI,-,860211045,otro
73,F,f,f,f,f,f,f,f,f,f,f,f,f,f,f,t,1.6,f,,t,107,t,0.93,t,115,f,,SVI,-,860211047,otro
65,F,f,f,f,f,f,f,f,f,f,f,f,f,f,f,t,0.1,f,,t,145,t,1.05,t,137,f,,SVI,-,860211048,otro
65,F,f,f,f,f,f,f,f,f,f,f,f,f,f,f,t,7,f,,t,116,t,0.9,t,128,f,,SVI,G,860211051,hipotiroidismo
85,F,f,f,f,f,f,f,f,t,f,f,f,f,f,f,t,197,f,,f,,f,,f,,f,,SVI,F,860211052,hipotiroidismo
63,,f,f,f,f,f,f,f,f,f,f,f,f,f,f,t,3.4,f,,t,96,t,0.91,t,105,f,,other,-,860211056,otro
25,F,t,f,f,f,f,f,f,f,f,f,f,f,f,f,t,1.6,t,1.7,t,123,t,1.06,t,116,f,,other,-,860211064,otro
39,F,f,f,f,f,f,f,f,f,f,f,f,f,f,f,t,1.3,t,1.2,t,58,t,0.84,t,68,f,,other,-,860211066,otro
85,,f,f,f,f,f,f,f,f,f,f,f,f,f,f,t,197,f,,t,14,t,0.62,t,23,f,,SVI,F,860211068,hipotiroidismo
31,F,f,f,f,f,f,f,f,f,f,f,f,f,f,f,t,1.4,f,,t,112,t,1.14,t,98,f,,other,-,860211069,otro
49,F,f,f,f,f,f,f,f,t,f,f,f,f,f,f,t,2.4,f,,t,90,t,0.92,t,98,f,,other,-,860212019,otro
22,F,t,f,f,f,f,f,f,f,f,f,f,f,f,f,t,0.3,f,,t,159,t,1.04,t,153,f,,other,-,860212020,otro
76,F,f,f,f,f,f,f,f,t,f,f,f,f,f,f,t,0.76,t,0.8,t,96,t,0.86,t,111,f,,other,K,860212030,otro
49,M,f,f,f,f,f,f,f,f,f,f,f,f,f,f,t,96,t,0.4,t,2.9,t,1.2,t,2.4,f,,SVI,F,860212037,hipotiroidismo
65,F,f,f,f,f,f,f,f,t,f,f,f,f,f,f,t,0.05,f,,t,147,t,1.14,t,129,f,,other,-,860212047,otro
95,F,f,f,f,f,f,f,f,f,f,f,f,f,f,f,t,0.96,t,0.8,t,103,t,0.89,t,116,f,,SVI,K,860212049,otro
70,M,f,f,f,t,f,f,f,f,f,f,f,f,f,f,t,1.4,t,1,t,77,t,0.72,t,107,f,,SVI,K,860212050,otro
75,F,f,f,f,t,f,f,f,f,f,f,f,f,f,f,t,1.1,f,,t,91,t,0.79,t,114,f,,other,-,860212051,otro
60,M,f,f,f,f,f,f,f,f,f,f,f,f,f,f,t,1.2,t,1.6,t,100,t,0.86,t,117,f,,SVI,-,860212052,otro
71,M,f,f,f,f,f,f,f,f,f,f,f,f,f,f,t,0.11,f,,t,105,t,0.74,t,143,f,,other,-,860212055,otro
71,F,f,f,f,f,f,f,f,f,f,f,f,f,f,f,t,3,f,,t,93,t,0.77,t,121,f,,SVI,-,860212057,otro
31,F,f,f,f,f,f,f,f,f,f,f,f,f,f,f,t,1.4,f,,t,113,t,1.17,t,96,f,,other,-,860212059,otro
48,M,f,f,f,f,f,f,f,f,f,f,f,f,f,f,t,1.6,t,2.3,t,82,t,0.89,t,91,f,,SVHC,-,860212060,otro
56,M,f,f,f,f,f,f,f,f,f,f,f,f,f,f,t,1.1,t,2.6,t,142,t,0.96,t,149,f,,SVI,-,860212062,otro
56,F,f,f,f,f,f,f,f,f,f,f,f,f,f,f,t,2.2,t,1.3,t,97,t,0.85,t,115,f,,other,-,860212063,otro
56,M,f,t,f,t,f,f,f,f,f,f,f,f,f,f,f,,f,,t,98,t,0.86,t,115,f,,other,-,860212064,otro
39,F,f,f,f,f,f,f,f,f,f,f,f,f,f,f,t,5.7,f,,t,97,t,1,t,96,f,,other,-,860212065,otro
58,F,f,f,f,t,f,f,f,f,f,f,f,f,f,f,f,,f,,t,106,t,1.13,t,94,f,,other,-,860212069,otro
42,F,f,f,f,f,f,f,f,f,f,f,f,f,f,f,f,,f,,f,,f,,f,,t,22,other,-,860213003,otro
72,F,f,f,f,f,f,f,f,f,f,f,f,f,f,f,t,0.06,t,0.8,t,61,t,0.98,t,62,f,,SVI,-,860213007,otro
74,F,f,f,f,f,f,f,f,f,f,f,f,f,f,f,t,0.59,t,2,t,130,t,1.02,t,128,f,,other,-,860213017,otro
70,,f,f,f,f,f,f,f,t,f,f,f,f,f,f,t,11.5,t,1,t,128,t,0.96,t,133,f,,other,GK,860213020,hipotiroidismo
71,F,f,f,f,f,f,f,f,f,f,f,f,f,f,f,t,1.01,t,2.5,t,125,t,1.02,t,122,f,,other,-,860213023,otro
75,F,f,f,f,f,f,f,f,t,f,f,f,f,f,f,t,1.5,f,,t,102,t,1.18,t,87,f,,other,-,860213033,otro
55,F,f,f,f,f,f,f,f,f,t,f,f,f,f,f,t,0.02,t,2.8,t,105,f,,f,,f,,other,-,860213034,otro
57,M,f,t,f,f,f,f,f,f,f,f,f,f,f,f,f,,f,,t,105,t,0.94,t,111,f,,other,-,860213036,otro
57,M,f,f,f,f,f,f,f,f,f,f,f,f,f,f,t,0.97,f,,t,79,t,0.74,t,107,f,,other,-,860213037,otro
33,F,f,f,f,f,f,f,f,f,f,f,f,f,f,f,t,0.02,t,3.7,t,46,t,0.92,t,51,f,,other,I,860213038,otro
49,M,f,f,f,f,f,f,f,f,f,f,f,f,f,f,f,,f,,t,91,t,0.88,t,103,f,,other,-,860213066,otro
50,F,f,f,t,f,f,f,f,f,t,f,f,f,f,f,t,5.5,t,1.6,t,44,t,1.08,t,40,f,,other,O,860213067,otro
82,M,f,f,f,f,f,f,f,f,f,f,f,f,f,f,t,0.32,t,1.6,t,98,t,0.89,t,110,f,,SVI,-,860213069,otro
40,M,f,f,f,f,f,f,f,f,f,f,f,f,f,f,t,1.3,t,1.8,t,81,t,0.85,t,95,f,,SVHC,-,860213070,otro
36,M,f,f,f,f,f,f,f,f,f,f,f,f,f,f,t,0.5,t,2.7,t,163,t,1.04,t,156,f,,SVHC,R,860213071,otro
73,F,f,f,f,f,f,f,f,f,f,f,f,f,f,f,t,1.9,f,,t,119,t,0.9,t,132,f,,SVI,-,860213073,otro
74,M,f,f,f,f,f,f,f,t,f,f,f,f,f,f,t,4.4,t,2.4,t,115,t,1.14,t,101,f,,SVI,-,860213074,otro
56,F,f,t,f,f,f,f,f,f,f,f,f,f,f,f,t,1.2,f,,t,120,t,0.98,t,122,f,,other,-,860213077,otro
47,F,t,f,f,f,f,f,f,f,f,f,f,f,f,f,t,0.25,f,,t,139,t,1.04,t,134,f,,other,-,860213079,otro
63,M,t,f,f,f,f,f,f,f,f,f,f,f,f,f,t,0.07,f,,t,100,t,0.95,t,106,f,,other,-,860213083,otro
77,M,t,f,f,f,f,f,t,t,f,f,f,f,f,f,t,1.9,t,1.6,t,114,t,0.99,t,114,f,,other,-,860213089,otro
19,F,f,f,f,f,f,f,f,f,f,f,f,f,f,f,f,,f,,t,98,t,1.04,t,94,f,,other,-,860213091,otro
19,F,f,f,f,f,f,f,f,f,f,f,f,f,f,f,t,1.7,f,,f,,f,,f,,f,,other,-,860213092,otro
62,M,f,f,f,f,f,f,f,f,f,f,t,f,f,f,t,0.02,f,,t,127,t,0.95,t,134,f,,other,-,860213093,otro
56,F,t,f,f,f,f,t,f,f,f,f,f,t,f,f,t,0.47,f,,t,125,t,1.05,t,119,f,,other,-,860213097,otro
27,F,f,f,f,f,f,f,f,f,f,f,f,f,f,f,t,1.3,t,3.8,t,146,t,1.42,t,103,f,,STMW,I,860213102,otro
18,F,t,f,f,f,f,f,f,t,f,f,f,f,f,f,t,0.74,t,2.3,t,143,t,1.15,t,124,f,,STMW,-,860213103,otro
35,F,f,f,f,f,f,f,f,t,f,f,f,f,f,f,t,3.7,t,2.8,t,190,t,1.4,t,136,f,,SVI,I,860214006,otro
63,F,f,f,f,f,f,f,f,f,f,f,f,f,f,f,t,2.2,f,,t,116,t,0.98,t,118,f,,other,-,860214007,otro
81,M,f,f,f,f,f,f,f,f,f,f,f,f,f,f,t,2.2,f,,t,138,t,0.84,t,165,f,,SVI,-,860214008,otro
71,M,f,f,f,f,f,f,f,f,f,f,f,f,f,f,t,0.08,f,,t,108,t,0.8,t,134,f,,SVI,-,860214009,otro
58,F,f,f,f,f,f,f,f,f,f,f,f,f,f,f,t,1.6,t,2,t,119,t,1.11,t,107,f,,SVI,-,860214010,otro
57,F,f,f,f,f,f,f,f,t,f,f,f,f,f,f,t,1.7,f,,t,118,t,1.11,t,106,f,,other,-,860214012,otro
35,F,f,f,f,f,t,f,f,f,f,f,f,f,f,f,t,1.1,t,2.8,t,127,t,1.58,t,80,f,,STMW,-,860214019,otro
41,F,f,f,f,f,f,f,f,f,f,f,f,f,f,f,t,1.5,t,2,t,79,f,,f,,f,,STMW,-,860214021,otro
50,M,f,t,f,f,f,f,f,f,f,f,f,f,f,f,t,0.3,f,,t,157,t,1.2,t,131,f,,other,L,860214052,otro
74,F,t,f,f,f,f,f,f,t,f,f,f,f,f,f,t,2.9,t,1.5,t,96,t,0.84,t,114,f,,SVI,-,860214059,otro
61,F,f,f,f,t,f,f,f,f,f,f,f,f,f,f,t,1,t,1.4,t,118,t,1.02,t,116,f,,SVI,-,860214060,otro
64,F,f,f,f,f,f,f,f,f,f,f,f,f,f,f,t,0.92,t,1.9,t,162,t,1.07,t,151,f,,SVI,-,860214061,otro
29,F,f,f,f,f,f,f,f,f,f,f,f,f,f,f,t,1.5,t,2.5,t,100,t,0.93,t,107,f,,other,-,860217001,otro
28,F,f,f,f,f,f,f,f,f,f,f,f,f,f,f,f,,f,,f,,f,,f,,t,37,other,S,860217018,otro
35,M,f,f,f,f,f,f,f,f,f,f,f,f,f,f,t,1.3,t,2.5,t,126,t,1.13,t,112,f,,SVHC,-,860217019,otro
35,M,f,f,f,t,f,f,f,f,f,f,f,f,f,f,t,2.5,t,1.8,t,77,f,,f,,f,,other,-,860217020,otro
66,F,f,f,f,f,f,f,f,t,f,f,f,f,f,f,t,1.2,t,1.2,t,93,t,1.25,t,74,f,,other,-,860217021,otro
51,F,f,f,f,f,f,f,f,f,f,f,f,f,f,f,t,131,t,0.3,t,8.4,t,1.01,t,8.299999,f,,other,F,860217022,hipotiroidismo
16,F,f,f,f,f,f,f,f,f,t,f,f,f,f,f,t,1.5,t,1.9,t,106,t,1.04,t,104,f,,other,-,860217034,otro
16,F,f,f,f,f,f,f,f,f,f,f,f,f,f,f,t,0.1,f,,t,143,f,,f,,f,,other,-,860217035,otro
30,F,f,f,f,f,f,f,f,f,f,f,f,f,f,f,t,4.2,t,2.5,t,114,t,1.17,t,97,f,,other,-,860217042,otro
43,F,f,f,f,f,f,f,f,f,f,f,f,f,f,f,f,,f,,t,101,t,1.13,t,90,f,,other,-,860217044,otro
14,F,f,f,f,f,f,f,f,f,f,f,f,f,f,f,f,,f,,f,,f,,f,,t,18,other,-,860217050,otro
42,M,t,f,f,f,f,f,f,f,t,f,f,f,f,f,t,8.9,t,1.3,t,75,t,0.74,t,102,f,,other,M,860217056,otro
42,F,f,f,f,f,f,f,f,f,t,f,f,f,f,f,t,1.4,t,1.4,t,116,t,0.95,t,123,f,,other,-,860217058,otro
60,M,f,f,t,f,f,f,f,f,f,f,f,f,f,f,t,0.1,t,6.9,t,132,f,,f,,f,,other,-,860217061,otro
47,F,f,f,f,f,f,f,f,f,f,f,f,f,f,f,t,2.7,f,,t,82,t,1.01,t,82,f,,other,-,860217068,otro
36,M,f,f,t,f,f,f,f,f,f,f,f,f,f,f,f,,t,3,t,71,t,0.85,t,84,f,,other,-,860217074,otro
74,F,t,f,f,f,f,f,f,f,f,f,f,f,f,f,t,4.5,t,1.3,t,108,f,,f,,f,,other,-,860217088,otro
24,F,f,f,f,f,f,f,f,f,f,f,f,f,f,f,t,3.6,f,,t,133,t,0.83,t,161,f,,SVI,-,860218002,otro
24,F,f,f,f,f,f,f,f,f,f,f,f,f,f,f,t,3.8,f,,t,84,t,1.04,t,80,f,,SVI,-,860218003,otro
24,F,f,f,f,f,f,f,f,f,f,f,f,f,f,f,t,5.6,f,,t,138,t,1.21,t,114,f,,SVI,-,860218004,otro
50,M,f,f,f,f,f,f,f,f,f,f,f,f,f,f,t,0.97,f,,t,91,t,0.8,t,114,f,,other,-,860218005,otro
75,M,f,f,f,f,f,f,f,f,f,f,f,f,f,f,t,3.7,t,2,t,112,t,0.97,t,115,f,,SVHC,-,860218007,otro
40,F,f,f,f,f,f,f,f,f,f,f,f,f,f,f,t,1.2,f,,t,157,t,1.89,t,83,f,,STMW,I,860218012,otro
20,F,f,f,t,f,f,f,f,f,t,f,f,f,f,f,t,0.03,t,2,t,92,t,1.03,t,89,f,,other,-,860218026,otro
20,F,t,f,f,f,f,f,f,f,f,f,f,f,f,f,t,6.2,t,0.7,t,101,t,0.84,t,120,f,,other,MK,860218028,otro
66,F,t,f,f,f,f,f,t,t,f,f,f,f,f,f,t,4.7,t,1.3,t,145,f,,f,,f,,other,-,860218045,otro
28,F,f,f,t,f,f,f,f,f,t,f,f,f,f,f,t,3,t,2.1,t,136,f,,f,,f,,other,-,860218046,otro
44,M,t,f,f,f,f,f,f,f,f,f,f,f,f,f,t,0.02,f,,t,172,t,0.99,t,174,f,,other,L,860218055,otro
72,M,f,f,f,f,f,f,f,f,f,f,f,f,f,f,t,1.1,t,1.4,t,100,t,0.8,t,123,f,,SVI,-,860218060,otro
76,F,f,f,f,f,f,f,f,f,t,f,f,f,f,f,t,1,t,1.9,t,130,t,1.21,t,107,f,,SVI,-,860218062,otro
44,F,f,f,f,f,f,f,f,f,f,f,f,f,f,f,t,1.9,t,0.9,t,125,t,1.06,t,119,f,,SVI,K,860218063,otro
58,F,f,f,f,f,f,f,f,f,f,f,f,f,f,f,t,3.3,t,1.8,t,106,t,0.95,t,111,f,,SVHC,-,860218064,otro
57,M,f,f,f,f,f,f,f,f,f,f,f,f,f,f,t,1.5,t,1.2,t,97,t,0.97,t,100,f,,other,-,860218066,otro
57,F,f,f,f,f,f,f,f,f,f,t,f,f,f,f,t,1.9,t,2.1,t,113,t,1.01,t,112,f,,other,-,860218068,otro
82,M,f,f,f,f,f,f,f,f,f,f,f,f,f,f,t,1.6,f,,t,46,t,0.88,t,52,f,,SVI,K,860218069,otro
61,F,t,f,f,f,f,f,f,f,t,f,f,f,f,f,t,0.03,f,,t,180,t,0.93,t,194,f,,other,N,860218070,otro
61,M,f,f,f,f,f,f,f,f,f,f,f,f,f,f,t,8.799999,f,,t,166,t,1.28,t,130,f,,STMW,I,860219006,otro
56,M,f,f,f,t,f,f,f,f,t,f,f,f,f,f,t,3,t,1.5,t,103,t,0.8,t,128,f,,SVI,-,860219007,otro
15,F,f,f,f,f,f,f,f,f,f,f,f,f,f,f,t,1.9,f,,t,104,t,1.06,t,98,f,,other,-,860219008,otro
70,F,f,f,f,f,f,f,f,f,f,f,f,f,f,f,t,0.62,t,2.5,t,111,t,1.25,t,88,f,,other,-,860219009,otro
32,M,f,f,f,f,f,f,f,f,f,f,f,f,f,f,t,1.5,t,2.8,t,133,t,0.89,t,149,f,,SVHC,-,860219010,otro
42,F,f,f,f,f,f,f,f,f,t,f,f,f,f,f,t,0.83,t,2.9,t,123,t,0.95,t,130,f,,other,-,860219011,otro
76,M,f,f,f,f,f,f,f,f,f,f,f,f,f,t,t,2.6,t,2.2,t,162,t,1.04,t,156,f,,SVHC,R,860219012,otro
71,F,f,f,f,f,f,f,f,f,f,f,f,f,f,f,t,1.6,t,2,t,81,t,0.76,t,106,f,,other,-,860219013,otro
55,M,f,f,f,f,f,f,f,f,f,f,f,f,f,f,t,0.81,t,2.5,t,81,t,0.73,t,112,f,,other,-,860219014,otro
69,F,f,f,f,f,f,f,f,f,f,f,f,f,f,f,t,0.5,t,1,t,111,t,0.85,t,131,f,,other,-,860219016,otro
60,M,f,f,f,f,f,f,f,f,f,f,f,f,f,f,t,1.1,t,2.9,t,104,t,0.95,t,110,f,,SVHC,-,860219018,otro
85,F,f,f,f,t,f,f,f,f,f,f,f,f,f,f,t,0.55,f,,t,24,t,1.11,t,22,f,,other,K,860219024,otro
48,F,f,f,f,f,f,f,f,f,f,f,f,f,f,f,f,,f,,t,65,t,0.77,t,85,f,,other,-,860219027,otro
41,F,f,f,f,f,f,f,f,f,f,f,f,f,f,f,f,,f,,f,,f,,f,,t,30,other,-,860219065,otro
50,F,t,f,f,f,f,f,f,t,f,f,f,f,f,f,t,67,t,0.7,t,80,t,1.07,t,74,f,,other,MK,860219069,otro
64,F,f,f,f,t,f,f,f,f,f,f,f,f,f,f,f,,f,,t,100,t,0.91,t,110,f,,other,-,860219078,otro
29,F,f,t,f,f,f,f,f,t,f,f,f,f,f,f,t,20,f,,t,79,t,1.16,t,68,f,,other,G,860219080,hipotiroidismo
51,F,f,f,f,f,f,f,f,f,f,f,f,f,f,f,t,0.63,f,,t,93,t,1.01,t,93,f,,other,-,860220004,otro
26,M,f,f,f,f,f,f,f,f,f,f,f,f,f,f,t,1.6,t,2.3,t,115,t,0.85,t,136,f,,SVHC,-,860220007,otro
69,M,f,f,f,f,f,f,f,f,f,f,f,f,f,f,t,1.6,f,,t,135,t,0.69,t,196,f,,SVI,-,860220008,otro
64,F,f,f,f,f,f,f,f,f,f,f,f,f,f,f,t,8.2,t,1.4,t,127,t,1.11,t,114,f,,SVI,G,860220009,hipotiroidismo
64,M,f,f,f,f,f,f,f,f,f,f,f,f,f,f,t,2,f,,t,116,t,1.01,t,115,f,,SVI,-,860220011,otro
32,M,f,f,f,f,f,f,f,f,f,f,f,f,f,f,t,1.8,t,2.5,t,138,t,0.89,t,154,f,,SVHC,-,860220012,otro
32,F,f,f,f,f,f,f,f,f,f,f,f,f,f,f,t,7.8,t,5.5,t,166,t,1.21,t,138,f,,SVI,-,860220013,otro
32,F,f,f,f,f,f,f,f,f,f,f,t,f,f,f,t,1.6,t,1.7,t,102,t,0.89,t,115,f,,SVI,-,860220015,otro
72,F,f,f,f,f,f,f,f,f,f,f,f,f,f,f,t,1.2,f,,t,123,t,0.93,t,133,f,,other,-,860220019,otro
32,F,f,f,f,f,f,f,f,f,f,f,f,f,f,t,t,1.8,t,1.7,t,123,t,0.95,t,130,f,,SVHC,-,860220020,otro
32,F,f,f,f,f,f,f,f,f,f,f,f,f,f,f,t,1.4,f,,t,75,t,0.78,t,96,f,,SVHC,-,860220023,otro
42,M,f,f,f,f,f,f,f,f,t,f,f,f,f,f,t,0.045,t,3.1,t,119,t,0.8,t,149,f,,other,B,860220031,hipertiroidismo
41,F,f,f,f,f,t,f,f,f,f,f,t,f,f,f,t,3.1,t,1.2,t,144,t,1.03,t,139,f,,other,-,860220032,otro
41,F,f,f,f,f,f,f,f,f,f,f,f,f,f,f,t,1.7,t,1.8,t,135,t,0.94,t,145,f,,other,-,860220036,otro
43,M,f,t,f,f,f,f,f,f,f,f,f,f,f,f,t,0.55,t,2.9,t,128,t,0.87,t,148,f,,other,-,860220038,otro
68,F,f,f,f,f,f,f,f,f,f,f,f,f,f,f,t,0.1,f,,t,147,t,0.97,t,152,f,,other,-,860220041,otro
46,F,f,f,f,f,f,f,f,f,f,f,f,f,f,f,t,1.3,f,,t,73,t,0.77,t,95,f,,other,-,860220046,otro
59,F,f,f,f,f,f,f,f,f,f,f,f,f,f,f,t,3.8,f,,t,182,t,1.5,t,121,f,,SVI,I,860220052,otro
40,F,f,f,f,f,f,f,f,f,f,f,f,f,f,f,t,0.85,f,,t,103,t,0.87,t,118,f,,other,-,860220053,otro
40,F,f,f,f,f,f,f,f,f,f,f,f,f,f,f,t,1.1,f,,t,139,f,,f,,f,,other,-,860220054,otro
40,F,f,f,f,f,f,f,f,f,f,f,f,f,f,f,t,0.81,f,,t,107,t,1,t,108,f,,other,-,860220057,otro
72,F,t,f,f,f,f,f,f,f,f,f,f,f,f,f,t,85,t,0.6,t,22,t,1.11,t,20,f,,other,F,860220059,hipotiroidismo
33,F,t,f,f,f,f,f,f,f,f,f,t,t,f,f,t,1.2,t,2.2,t,117,t,0.94,t,126,f,,other,-,860220070,otro
71,F,f,f,f,f,f,f,f,f,f,f,f,f,f,f,f,,t,6.2,f,,f,,f,,f,,other,-,860221003,otro
58,F,f,f,t,f,f,f,f,f,f,f,f,f,f,f,t,1.8,t,2.2,t,78,t,0.97,t,79,f,,other,-,860221006,otro
43,F,t,f,f,f,f,f,f,t,f,f,f,f,f,f,t,2.8,f,,t,117,t,0.77,t,151,f,,other,-,860221009,otro
20,F,f,f,f,f,f,f,f,f,f,f,f,f,f,f,f,,f,,t,101,t,1.08,t,94,f,,other,-,860221010,otro
37,F,f,f,f,f,f,f,f,f,f,f,f,f,f,f,t,1.8,f,,t,118,t,0.88,t,133,f,,STMW,-,860221011,otro
79,F,f,t,f,f,f,f,f,f,f,f,f,f,f,f,t,1.7,t,0.3,t,92,t,0.44,t,206,f,,other,KJ,860221015,otro
72,M,f,t,f,f,f,f,f,f,f,f,f,f,f,f,t,1.1,t,1,t,53,t,0.61,t,87,f,,other,K,860221016,otro
48,F,f,f,f,f,f,f,f,f,f,f,f,f,f,f,t,1,t,3.3,t,157,t,1.28,t,123,f,,other,I,860221020,otro
35,M,t,f,f,f,f,f,f,f,f,f,f,f,f,f,t,2.1,f,,t,115,t,0.96,t,121,f,,other,-,860221021,otro
83,M,f,f,f,f,f,f,f,f,f,f,f,f,f,t,t,5.2,t,1.8,t,107,t,1.02,t,104,f,,SVHC,-,860221022,otro
60,M,f,f,f,f,f,f,f,f,f,f,f,f,f,f,t,0.52,t,2.6,t,119,t,1.04,t,114,f,,other,-,860221050,otro
85,M,f,f,f,f,f,f,f,f,f,f,f,f,f,f,t,1.4,t,0.6,t,124,t,0.96,t,129,f,,other,K,860221051,otro
38,F,f,f,f,f,f,f,f,f,f,f,f,f,f,f,t,1.5,t,3.2,t,136,t,0.91,t,149,f,,SVHC,I,860221052,otro
81,F,f,f,f,f,f,f,f,t,f,f,f,f,f,f,t,2.3,t,2.4,t,155,t,1.13,t,137,f,,other,-,860221054,otro
60,M,f,f,f,f,f,f,f,f,f,f,f,f,f,f,t,1.8,t,0.7,t,76,t,0.75,t,102,f,,SVI,K,860221055,otro
39,F,f,f,f,t,f,f,f,f,f,f,f,f,f,f,t,7.1,f,,t,106,t,0.94,t,114,f,,other,G,860221056,hipotiroidismo
58,F,f,f,f,f,f,f,f,f,t,f,f,f,f,f,t,0.045,t,2.7,t,108,t,0.72,t,149,f,,other,-,860221057,otro
67,F,f,f,f,f,f,f,f,f,f,f,f,f,f,f,t,2.1,t,1.8,t,98,f,,f,,f,,SVI,-,860221058,otro
36,F,f,f,f,f,f,f,f,f,f,f,f,t,f,f,f,,f,,f,,f,,f,,t,35,other,S,860221062,otro
42,F,f,f,f,f,f,f,f,f,f,f,f,f,f,f,f,,t,2.5,t,60,t,0.91,t,65,f,,SVI,-,860221077,otro
75,M,f,f,f,f,f,f,f,f,f,f,f,f,f,f,t,2.6,f,,t,94,t,0.77,t,123,f,,other,-,860221090,otro
86,F,f,f,f,f,f,f,f,t,f,f,f,f,f,f,t,1.2,t,1.2,t,128,t,0.94,t,137,f,,other,-,860221091,otro
56,F,f,f,f,f,f,f,f,f,f,t,f,f,f,f,t,1.8,t,1,t,112,t,0.98,t,113,f,,SVHC,K,860221092,otro
72,M,f,f,f,f,f,f,f,f,f,f,f,f,f,f,t,1.9,f,,t,86,t,1.09,t,79,f,,other,-,860221093,otro
47,F,f,f,f,f,f,f,f,f,t,f,f,f,f,f,t,0.38,t,3.4,t,144,t,1.26,t,114,f,,other,-,860221101,otro
30,M,f,f,f,f,f,f,f,f,f,f,f,f,f,f,f,,f,,t,80,t,0.86,t,93,f,,other,-,860221102,otro
41,F,t,f,f,f,f,f,f,t,f,f,f,f,f,f,t,0.06,f,,t,159,t,0.94,t,169,f,,other,L,860221104,otro
45,F,f,f,f,f,f,f,f,f,f,f,f,f,f,f,t,0.11,f,,t,147,t,1.16,t,127,f,,other,-,860224003,otro
70,M,t,t,f,f,f,f,f,t,f,f,f,f,f,f,t,9.5,t,0.5,t,99,t,0.59,t,169,f,,other,-,860224004,otro
66,M,f,f,f,f,f,f,f,f,f,f,f,f,f,f,t,0.32,t,1.7,t,152,t,1.13,t,135,f,,SVI,-,860224011,otro
66,F,f,f,f,f,f,f,f,f,f,f,f,f,f,f,t,2.1,t,2.8,t,148,t,1.49,t,99,f,,other,-,860224012,otro
29,F,f,f,f,f,f,f,f,f,f,f,f,f,f,f,t,0.68,t,2,t,142,t,1.05,t,135,f,,other,-,860224022,otro
33,F,f,f,f,f,f,f,f,f,f,f,f,f,f,f,f,,f,,f,,f,,f,,t,23,other,-,860224028,otro
51,F,f,f,f,f,f,f,f,f,f,f,f,f,f,f,t,2.7,t,2.9,t,136,t,1.2,t,114,f,,other,-,860224032,otro
50,,f,f,f,f,f,f,f,t,f,f,f,f,f,f,t,2.8,t,1.5,t,84,t,1.02,t,82,f,,other,-,860224033,otro
70,F,f,f,f,f,f,f,f,f,f,f,f,f,f,f,t,0.045,f,,t,159,t,1.04,t,153,f,,other,-,860224034,otro
61,F,f,f,f,f,f,f,f,f,f,f,f,f,f,f,t,29,t,2.4,t,58,t,0.98,t,59,f,,other,F,860224040,hipotiroidismo
80,F,f,f,f,f,f,f,f,f,f,f,f,t,f,f,t,0.75,t,2.1,t,129,t,1.06,t,122,f,,other,-,860224046,otro
60,F,f,f,f,f,f,f,f,f,t,f,f,f,f,f,t,0.85,f,,t,196,t,1.73,t,113,f,,other,I,860225003,otro
37,F,f,f,f,f,f,f,f,f,f,f,f,f,f,f,t,1.4,t,1.3,t,102,t,0.93,t,110,f,,other,-,860225005,otro
45,M,f,f,f,f,f,f,f,f,f,f,f,f,f,f,t,1.1,t,1.6,t,123,t,1.02,t,120,f,,other,-,860225007,otro
45,F,f,f,f,f,f,f,f,f,f,f,f,f,f,t,t,2,t,2.6,t,108,t,0.96,t,113,f,,SVHC,-,860225008,otro
53,F,f,f,f,f,f,f,f,f,t,f,f,f,f,f,t,5.1,t,2.4,t,105,t,1.31,t,80,f,,other,-,860225024,otro
35,F,f,f,f,f,f,f,f,f,f,f,f,f,f,f,t,5,f,,t,93,t,0.99,t,93,f,,other,-,860225032,otro
72,F,f,f,f,f,f,f,f,f,t,f,f,f,f,f,t,1.1,t,2.2,t,116,t,1.03,t,112,f,,SVI,-,860225036,otro
63,F,f,f,f,f,f,f,f,f,f,f,f,f,f,f,t,0.63,t,2,t,108,t,0.9,t,119,f,,SVI,-,860225037,otro
32,F,f,f,f,f,f,f,f,f,f,f,f,f,f,f,t,3.8,t,2.6,t,144,t,1.43,t,101,f,,SVI,-,860225038,otro
61,M,f,f,f,f,f,f,f,f,f,f,f,f,f,f,t,2.2,f,,t,126,t,1.15,t,110,f,,other,-,860225039,otro
52,F,f,f,f,f,f,f,f,f,f,f,f,f,f,f,t,1.7,t,2.4,t,115,t,1.21,t,95,f,,SVI,-,860225040,otro
20,F,f,f,f,f,f,f,f,f,f,f,f,f,f,f,t,0.55,t,1.6,t,95,t,0.85,t,112,f,,SVHC,-,860225041,otro
57,F,f,f,f,f,f,f,f,f,f,f,f,f,f,f,t,2.3,f,,t,108,t,0.86,t,125,f,,SVI,-,860225042,otro
67,F,f,f,f,f,f,f,f,f,f,f,f,f,f,t,t,2,t,1.6,t,104,t,1.07,t,97,f,,SVI,-,860225043,otro
21,F,f,f,f,f,f,f,f,f,f,f,f,f,f,f,t,1.9,f,,t,120,t,1.17,t,102,f,,other,-,860225044,otro
21,F,f,f,f,f,f,f,f,f,f,f,f,f,f,f,t,0.76,t,1.1,t,104,t,1.13,t,92,f,,other,-,860225047,otro
21,F,f,f,f,f,f,f,f,t,f,f,f,f,f,f,t,11,t,1.4,t,82,t,0.99,t,83,f,,other,G,860225051,hipotiroidismo
69,M,f,f,f,t,f,f,f,f,f,f,f,f,f,f,t,1.4,t,1.9,t,136,t,0.85,t,159,f,,other,R,860225083,otro
55,F,f,f,f,f,f,f,f,t,f,f,f,f,f,f,t,0.66,f,,t,131,t,1.06,t,124,f,,other,-,860226018,otro
75,F,f,f,f,f,f,f,f,f,f,f,f,f,f,f,t,5.3,f,,t,98,t,0.75,t,130,f,,SVI,-,860226020,otro
72,F,f,f,f,f,f,f,f,f,t,f,f,f,f,f,t,0.25,t,4.4,t,192,t,0.91,t,211,f,,other,A,860226043,hipertiroidismo
57,M,t,f,f,f,f,f,f,t,f,f,f,f,f,f,t,22,t,2.4,t,112,f,,f,,f,,other,M,860226044,otro
48,F,f,f,f,f,f,f,f,f,t,f,f,f,f,f,f,,f,,f,,f,,f,,t,24,other,-,860226045,otro
66,F,f,f,f,f,f,f,f,f,t,f,f,f,f,f,t,0.81,f,,t,126,t,0.96,t,131,f,,other,-,860226074,otro
19,M,f,f,f,f,f,f,f,f,f,f,f,f,f,t,t,1.2,t,2.8,t,112,t,1.12,t,99,f,,SVHC,-,860226075,otro
72,F,f,f,f,f,f,f,f,f,f,f,f,f,f,f,t,0.05,t,1.4,t,89,t,1.13,t,79,f,,SVI,-,860226076,otro
22,F,f,f,f,f,f,f,f,f,t,f,f,f,f,f,t,1.6,f,,t,110,t,1.03,t,106,f,,SVI,-,860226077,otro
87,F,f,f,f,f,f,f,f,f,f,f,f,f,f,f,t,1.2,t,1.1,t,118,t,0.75,t,157,f,,SVI,-,860226078,otro
57,M,f,f,f,f,f,f,f,f,f,f,f,f,f,f,t,0.55,t,1.1,t,95,t,0.79,t,120,f,,SVI,K,860226079,otro
55,F,f,f,f,f,f,f,f,f,t,f,f,f,f,f,f,,t,5.5,t,214,t,0.91,t,236,f,,other,A,860226081,hipertiroidismo
71,M,f,f,f,f,f,f,f,f,f,f,f,f,f,f,t,1.2,f,,t,156,t,0.95,t,164,f,,SVI,R,860226083,otro
68,M,f,f,f,t,f,f,f,f,f,f,f,f,f,f,f,,f,,t,125,t,1.05,t,119,f,,other,-,860226090,otro
43,F,t,f,f,f,f,f,f,f,f,f,f,f,f,f,f,,f,,t,60,t,1.22,t,50,f,,other,-,860226092,otro
34,F,f,f,f,f,f,f,f,f,f,f,f,f,f,f,t,0.83,f,,t,125,t,1.02,t,123,f,,other,-,860226099,otro
34,F,f,f,f,f,f,f,f,f,f,f,f,f,f,f,t,6,f,,t,91,t,0.93,t,98,f,,other,-,860227002,otro
34,M,f,f,f,f,f,f,f,f,f,f,f,f,f,f,t,0.98,t,1.9,t,133,t,1,t,133,f,,SVHC,-,860227003,otro
28,M,f,f,f,f,f,f,f,f,f,f,f,f,f,f,t,1.4,t,2.6,t,91,t,0.67,t,135,f,,other,-,860227005,otro
83,F,f,f,f,f,f,f,f,f,f,f,f,f,f,f,t,0.36,t,1.9,t,96,t,0.94,t,102,f,,SVI,-,860227007,otro
51,F,t,f,f,f,f,f,f,f,f,f,f,f,f,f,f,,f,,t,119,t,0.94,t,127,f,,other,-,860227015,otro
53,F,f,f,f,f,f,f,f,f,f,f,f,f,f,f,t,31,t,2.6,f,,f,,f,,f,,other,G,860227020,hipotiroidismo
63,M,f,f,f,f,f,f,f,f,f,f,f,f,f,f,t,2.1,t,1.8,t,121,f,,f,,f,,other,-,860227051,otro
16,M,f,f,f,f,f,f,f,f,f,f,f,f,f,f,t,1.8,f,,t,85,t,1,t,85,f,,other,-,860227052,otro
62,F,t,f,f,f,f,f,f,f,f,f,f,f,f,f,t,0.025,f,,t,174,t,0.98,t,177,f,,other,N,860227053,otro
41,M,f,f,f,f,f,f,f,f,f,f,f,f,f,f,t,2.8,f,,t,102,t,0.94,t,109,f,,other,-,860227064,otro
62,M,f,f,f,f,f,f,f,f,f,f,f,f,f,f,t,2.9,t,2.9,t,122,t,1.11,t,110,f,,SVI,-,860227065,otro
60,M,f,f,f,f,f,f,f,t,f,f,f,f,f,f,t,4.8,t,2.8,t,100,t,1.06,t,94,f,,SVI,-,860227067,otro
40,F,f,f,f,f,f,f,f,f,f,f,f,f,f,f,t,6.7,f,,t,87,t,0.87,t,100,f,,SVI,G,860227068,hipotiroidismo
82,F,f,f,f,f,f,f,f,f,f,f,f,f,f,f,t,0.76,t,2.3,t,93,t,1.01,t,92,f,,SVI,-,860227069,otro
30,F,f,f,f,f,f,f,f,f,f,f,f,f,f,f,t,1.2,f,,t,113,t,1.12,t,101,f,,other,-,860227073,otro
60,F,t,f,f,f,f,f,f,f,f,f,f,f,f,f,t,0.03,f,,t,161,t,1.03,t,157,f,,other,L,860227074,otro
47,M,t,f,f,f,f,f,f,f,f,f,f,f,f,f,t,0.65,f,,t,131,t,0.99,t,132,f,,other,-,860227079,otro
27,F,f,f,f,f,f,f,f,f,f,f,f,f,f,f,t,1.8,t,3.3,t,119,t,1.31,t,90,f,,other,I,860227080,otro
30,M,f,f,f,t,f,f,f,f,f,f,f,f,f,f,t,0.61,t,1.5,t,82,t,1.19,t,69,f,,other,-,860227081,otro
61,F,t,f,f,f,f,f,f,f,f,f,f,f,f,f,t,3.4,t,1.6,t,118,t,1.06,t,111,f,,other,-,860227087,otro
61,M,f,f,f,f,f,f,f,f,f,f,f,f,f,f,t,1.5,t,2.3,t,104,t,0.92,t,113,f,,SVHC,-,860228007,otro
61,F,f,f,f,f,f,f,f,f,f,f,f,f,f,f,t,3.3,f,,t,107,t,1.03,t,104,f,,SVI,-,860228008,otro
43,M,f,f,f,f,f,f,f,f,f,f,f,f,f,f,t,0.62,t,2.5,t,134,t,1.09,t,123,f,,SVI,-,860228009,otro
35,F,f,f,f,f,f,f,f,f,t,f,f,f,f,f,t,0.54,t,2.3,t,99,t,1.08,t,92,f,,other,-,860228067,otro
35,F,f,f,f,f,f,f,f,f,f,f,f,f,f,f,t,3,f,,t,99,t,1.15,t,86,f,,other,-,860228069,otro
71,M,f,f,f,f,f,f,f,f,f,f,f,f,f,f,t,0.63,t,1.3,t,164,t,1,t,164,f,,SVI,R,860228070,otro
45,M,f,f,f,f,f,f,f,f,f,f,f,f,f,f,t,2.4,t,1.8,t,117,t,1,t,117,f,,other,-,860228071,otro
64,F,f,f,f,f,f,f,f,f,f,f,f,f,f,f,t,2.1,f,,t,113,t,0.83,t,136,f,,other,-,860228073,otro
76,F,f,f,f,f,f,f,f,f,f,f,f,f,f,f,t,24,f,,t,74,t,0.84,t,88,f,,SVI,G,860228075,hipotiroidismo
27,F,t,f,f,f,f,f,f,t,t,f,f,f,f,f,t,1,f,,t,138,t,0.91,t,152,f,,other,-,860228076,otro
73,F,t,f,t,f,f,f,f,f,f,f,f,f,f,f,t,0.51,t,2.4,t,192,t,1.19,t,162,f,,other,L,860228079,otro
73,M,f,f,f,f,f,f,f,f,f,f,f,f,f,f,t,1.01,t,1.8,t,95,f,,f,,f,,SVHC,-,860303005,otro
54,M,f,f,f,f,f,f,f,f,f,f,f,f,f,f,t,0.66,f,,t,117,t,1.09,t,107,f,,other,-,860303006,otro
39,M,f,f,f,f,f,f,f,f,f,f,f,f,f,f,t,0.62,f,,t,151,t,0.96,t,157,f,,other,R,860303007,otro
59,F,f,f,f,t,f,f,f,f,f,f,f,f,f,f,t,1.8,t,2.5,t,102,t,1.1,t,93,f,,other,-,860303008,otro
59,M,f,f,f,f,f,f,f,f,f,f,f,f,f,f,t,42,t,0.2,t,14,t,1.17,t,12,f,,other,F,860303017,hipotiroidismo
52,M,f,f,f,f,f,f,f,f,f,f,f,f,f,f,t,2.9,f,,t,138,t,1.24,t,111,f,,SVI,-,860303032,otro
79,F,t,f,f,f,f,f,f,t,f,f,f,f,f,f,t,10,f,,t,125,t,0.99,t,127,f,,SVI,M,860303034,otro
28,F,f,f,f,f,f,f,f,f,f,f,f,f,f,f,t,5.6,f,,t,107,t,0.94,t,114,f,,SVI,-,860303035,otro
26,F,f,f,f,f,f,f,f,f,f,f,f,f,f,f,f,,f,,f,,f,,f,,t,4.9,other,-,860303036,otro
74,F,f,f,f,f,f,f,t,f,f,f,f,f,f,f,t,2.9,f,,t,110,t,1.06,t,103,f,,other,-,860303046,otro
19,M,f,f,f,f,f,f,f,f,f,f,f,f,f,f,t,1,t,2.4,t,106,t,0.87,t,122,f,,SVI,-,860303050,otro
19,F,f,f,f,f,f,f,t,f,f,f,f,f,f,f,t,8.5,t,3.4,t,134,t,1.55,t,86,f,,other,GI,860303055,hipotiroidismo
35,F,t,f,f,f,f,f,f,f,f,f,f,t,f,f,t,1.3,t,1.6,t,87,f,,f,,f,,other,-,860303061,otro
46,M,f,f,f,t,f,f,f,f,f,f,f,f,f,f,t,1.1,t,1.8,t,103,t,0.87,t,118,f,,SVI,-,860304003,otro
56,M,f,f,f,f,f,f,f,t,f,f,f,f,f,f,t,2.7,f,,t,125,t,1.04,t,119,f,,other,-,860304006,otro
40,F,f,f,t,f,f,f,f,f,f,f,f,f,f,f,t,2.4,t,2.3,t,150,t,1.24,t,121,f,,other,-,860304019,otro
54,F,f,f,f,f,f,f,f,t,f,f,f,f,f,f,t,7.2,f,,t,74,t,0.88,t,84,f,,other,G,860304020,hipotiroidismo
65,F,f,f,f,f,f,f,f,f,f,f,f,f,f,f,t,2.7,f,,t,88,t,1.03,t,85,f,,other,-,860304021,otro
42,F,f,f,f,f,f,f,f,f,f,f,t,f,f,f,t,1,f,,t,101,t,0.83,t,121,f,,other,-,860304024,otro
44,F,f,f,f,f,f,f,f,f,f,f,f,f,f,f,t,1.1,f,,t,112,t,1.01,t,111,f,,other,-,860304025,otro
76,F,f,f,f,f,f,f,f,f,f,f,f,f,f,f,t,2.8,f,,t,99,t,0.99,t,99,f,,other,-,860304032,otro
76,M,f,f,f,f,f,f,f,f,f,f,f,f,f,f,t,1.1,t,3,t,96,t,0.81,t,119,f,,SVHC,-,860304033,otro
23,F,f,f,f,f,f,f,f,f,f,t,f,f,f,f,t,1.7,t,3.9,t,120,t,1.18,t,102,f,,SVHC,-,860304034,otro
60,M,f,f,f,f,f,f,f,f,f,f,f,f,f,f,t,0.44,t,1.7,t,115,t,0.87,t,133,f,,other,-,860304035,otro
44,F,t,f,f,f,f,f,f,f,f,f,f,f,f,f,t,0.035,f,,t,189,t,1,t,190,f,,other,N,860304053,otro
28,M,f,f,f,f,f,f,f,f,f,f,f,f,f,f,t,0.68,f,,t,118,f,,f,,f,,SVI,-,860304057,otro
62,F,f,f,f,f,f,f,f,t,f,f,f,f,f,f,t,2.2,t,2.1,t,96,t,0.86,t,112,f,,SVI,-,860304058,otro
72,M,f,f,f,f,f,f,f,f,f,f,f,f,f,f,t,3.5,f,,t,124,t,1.36,t,91,f,,SVI,I,860304059,otro
62,F,f,f,f,f,f,f,f,f,f,f,f,f,f,f,t,0.06,f,,t,127,t,0.84,t,151,f,,SVI,-,860304060,otro
76,M,f,f,f,f,f,f,f,f,f,f,f,f,f,f,t,5.7,f,,t,98,t,0.86,t,115,f,,SVI,-,860304061,otro
67,F,f,f,f,f,f,f,f,t,f,f,f,f,f,f,t,1.3,f,,t,117,t,0.89,t,131,f,,SVI,-,860304062,otro
59,F,t,f,f,f,f,f,f,f,f,f,f,f,f,f,t,2.9,f,,t,145,t,0.98,t,147,f,,SVI,-,860304063,otro
63,M,f,f,f,f,f,f,f,f,f,f,f,f,f,f,t,0.51,f,,t,74,t,0.63,t,116,f,,SVI,-,860304064,otro
63,F,t,f,f,f,f,f,f,f,f,f,f,f,f,f,t,6.6,t,2.2,t,103,t,0.86,t,120,f,,other,M,860304066,otro
70,M,f,f,f,f,f,f,f,f,f,f,f,f,f,f,t,6.7,f,,t,117,t,1.04,t,113,f,,SVI,G,860304067,hipotiroidismo
41,F,f,f,f,f,f,f,f,f,t,f,f,f,f,f,t,4.6,t,2.4,t,129,t,1.02,t,127,f,,other,-,860304071,otro
73,F,f,f,f,f,f,f,f,f,f,f,f,f,f,f,t,6.1,t,1.4,t,82,t,0.85,t,97,f,,SVI,G,860304072,hipotiroidismo
73,F,f,f,f,f,f,f,f,f,f,f,f,f,f,f,t,0.83,t,3.1,t,124,t,1.1,t,113,f,,other,I,860304078,otro
53,F,f,f,t,f,f,f,f,f,f,f,f,f,f,f,f,,f,,t,78,t,0.85,t,91,f,,other,-,860304086,otro
73,F,f,f,f,f,f,f,f,f,f,f,f,f,f,f,t,4.4,t,1.5,t,123,f,,f,,f,,SVI,-,860304087,otro
32,F,t,f,f,f,f,f,f,f,f,f,f,f,f,f,t,0.025,t,1.9,t,137,t,0.8,t,172,f,,other,L,860305002,otro
27,M,f,f,f,f,f,f,f,f,f,f,f,f,f,f,t,2.7,t,2.7,t,116,t,0.87,t,134,f,,SVHC,-,860305010,otro
34,M,f,f,f,f,f,f,f,f,f,f,f,f,f,f,t,1.2,f,,t,70,t,0.66,t,106,f,,other,-,860305011,otro
49,M,f,f,f,f,f,f,f,f,f,f,f,f,f,f,t,1.6,f,,t,126,t,0.97,t,129,f,,other,-,860305012,otro
60,F,f,f,f,f,f,f,f,t,f,f,f,f,f,f,t,0.9,f,,t,89,t,0.96,t,92,f,,other,-,860305013,otro
60,M,f,f,f,t,f,f,f,f,f,f,f,f,f,f,t,1.9,f,,t,126,t,1.16,t,109,f,,other,-,860305014,otro
11,F,f,f,f,f,f,f,f,f,f,f,f,f,f,f,t,3,t,2.7,t,99,t,1,t,99,f,,other,-,860305015,otro
64,F,f,f,f,f,f,f,f,f,t,f,f,f,f,f,t,0.13,t,3,t,122,t,0.95,t,128,f,,other,-,860305018,otro
58,F,f,f,f,t,f,f,f,f,f,f,f,f,f,f,f,,f,,f,,f,,f,,t,106,other,S,860305035,otro
80,F,t,f,f,f,f,f,f,f,f,f,f,f,f,f,t,2.2,f,,t,111,t,0.88,t,127,f,,other,-,860305037,otro
25,F,f,f,f,f,f,f,f,f,f,f,f,f,f,f,t,2.1,f,,t,136,t,1.5,t,90,f,,STMW,I,860305041,otro
38,F,f,f,f,f,f,f,f,f,f,f,f,f,f,f,t,1.4,f,,t,170,t,1.84,t,92,f,,STMW,I,860305042,otro
19,F,f,f,f,f,f,f,f,t,f,f,t,f,f,f,t,3.2,t,2.2,t,118,t,0.99,t,119,f,,other,-,860305050,otro
19,F,f,f,f,f,f,f,f,f,f,f,f,f,f,f,t,5.5,f,,t,141,t,1.06,t,133,f,,other,-,860305062,otro
74,,f,f,f,f,f,f,f,t,f,f,f,f,f,f,t,4.4,f,,t,58,t,0.58,t,100,f,,SVI,J,860305063,otro
77,F,f,f,f,f,f,f,f,f,f,f,f,f,f,f,t,0.09,t,1.8,t,120,t,0.96,t,124,t,45,SVI,-,860305064,otro
73,M,f,f,f,f,f,f,f,f,f,f,f,f,f,f,t,1.1,t,1.6,t,89,t,0.74,t,119,t,24,SVI,-,860305065,otro
70,F,f,f,f,f,f,f,f,f,f,f,f,f,f,f,t,2.7,t,1,t,67,t,0.96,t,70,f,,SVI,K,860305066,otro
60,F,f,f,f,f,f,f,f,f,t,f,f,f,f,f,t,1.3,t,1.7,t,148,t,1.05,t,141,f,,SVI,-,860305067,otro
77,F,f,f,f,f,f,f,f,f,f,f,f,f,f,f,t,0.025,f,,t,143,t,0.92,t,155,f,,other,-,860305068,otro
59,F,f,f,f,f,f,f,f,f,t,f,f,f,f,f,t,2.9,f,,t,133,t,0.97,t,137,f,,SVI,-,860305070,otro
74,M,f,f,f,t,f,f,f,f,f,f,f,f,f,f,t,1.3,t,1.9,t,100,t,0.92,t,108,f,,SVHD,-,860305071,otro
72,M,f,f,f,f,f,f,f,f,t,f,f,f,f,f,t,4,f,,t,138,t,1.5,t,92,f,,SVI,I,860305072,otro
36,F,f,f,f,t,f,f,f,f,f,f,f,f,f,f,f,,f,,t,113,t,1.01,t,113,f,,other,-,860305081,otro
18,F,f,f,f,f,f,f,f,f,f,f,f,f,f,f,f,,f,,t,136,t,0.98,t,138,f,,other,-,860305083,otro
59,F,t,f,f,f,f,f,f,t,f,f,f,f,f,f,t,7.6,f,,t,106,t,1.07,t,100,f,,other,M,860305088,otro
50,F,t,f,f,f,f,f,f,f,f,f,f,f,f,f,t,0.035,f,,t,165,t,0.9,t,182,f,,other,N,860306016,otro
50,F,t,f,f,t,f,f,f,f,f,f,f,f,f,f,t,0.32,t,1.5,t,138,t,1.05,t,131,f,,SVHD,-,860306017,otro
43,,t,f,f,f,f,f,f,f,f,f,f,f,f,f,t,3.2,t,2.1,t,140,t,1.14,t,123,f,,other,-,860306022,otro
43,F,t,f,f,f,f,f,f,f,f,f,f,f,f,f,t,0.68,t,2.5,t,175,t,1.23,t,143,f,,other,-,860306023,otro
42,F,t,f,f,f,f,f,f,f,f,f,f,f,f,f,t,24,t,0.9,t,62,t,0.9,t,69,f,,other,MK,860306031,otro
42,F,t,f,f,f,f,f,f,f,f,f,f,f,f,f,t,2.8,f,,t,177,f,,f,,f,,other,L,860306032,otro
71,M,f,f,f,f,f,f,f,f,f,f,f,f,f,f,t,1.3,f,,t,86,t,0.68,t,126,f,,other,-,860306046,otro
70,F,f,f,f,f,f,f,f,f,f,f,f,f,f,f,t,1.7,f,,t,111,t,0.82,t,137,f,,other,-,860306048,otro
50,F,t,f,f,f,f,f,f,f,f,f,f,f,f,f,t,0.68,t,2.4,t,118,t,1.01,t,117,f,,other,-,860306050,otro
48,M,f,f,f,f,f,f,f,f,f,f,f,f,f,f,t,1.4,f,,t,94,t,0.79,t,119,f,,SVI,-,860306052,otro
69,F,f,f,f,f,f,f,f,f,f,f,f,f,f,f,t,2.1,f,,t,166,t,1.35,t,123,f,,SVI,I,860306053,otro
43,M,f,f,f,f,f,f,f,f,f,f,f,f,f,f,t,3,f,,t,93,t,0.69,t,135,f,,SVI,-,860306054,otro
70,F,f,f,f,f,f,f,f,f,f,f,f,f,f,f,t,1.6,f,,t,114,t,1.09,t,104,f,,SVHC,-,860306057,otro
56,F,f,f,f,f,f,f,f,f,f,f,f,f,f,f,t,1.4,f,,t,163,t,1.26,t,130,f,,SVI,I,860306058,otro
53,F,f,f,f,f,f,f,f,f,f,f,f,f,f,f,t,1.4,t,2.4,t,54,t,0.85,t,63,f,,other,R,860306066,otro
4,M,f,f,f,f,f,t,f,f,f,f,f,f,f,f,t,0.065,f,,t,103,t,0.86,t,120,f,,other,-,860306068,otro
73,F,f,f,f,f,f,f,t,f,f,f,f,f,f,f,t,0.23,f,,t,95,t,1.18,t,81,f,,other,-,860306082,otro
49,F,t,f,f,f,f,f,f,t,f,f,f,f,f,f,t,2.1,f,,t,114,t,0.85,t,135,f,,other,-,860306084,otro
63,F,f,f,f,t,f,f,f,f,f,f,f,f,f,f,f,,f,,t,85,t,0.75,t,113,f,,other,-,860307001,otro
35,F,f,f,f,f,f,f,f,f,f,f,f,f,f,f,t,1.2,f,,t,104,t,0.96,t,108,f,,other,-,860307002,otro
40,F,f,f,f,f,f,f,f,f,f,f,f,f,f,f,t,6.1,f,,t,139,t,1.35,t,103,f,,other,G,860307008,hipotiroidismo
69,M,f,f,f,f,f,f,f,f,f,f,f,f,f,f,t,1.4,f,,t,85,t,0.82,t,104,f,,other,-,860307009,otro
69,F,f,f,f,f,f,f,f,f,f,f,f,f,f,f,t,1,f,,t,105,t,0.96,t,109,f,,other,-,860307011,otro
69,M,f,f,f,f,f,f,f,f,f,f,f,f,f,f,t,1.8,f,,t,77,t,0.85,t,91,f,,other,-,860307012,otro
29,M,f,f,f,f,f,f,f,f,f,f,f,f,f,f,t,2.7,f,,t,89,t,0.74,t,121,f,,other,-,860307013,otro
29,F,f,f,f,f,f,f,f,f,f,f,f,f,f,f,t,0.62,f,,t,119,t,0.98,t,121,f,,other,-,860307014,otro
66,F,f,f,f,f,f,f,f,t,f,f,f,f,f,f,t,20,f,,t,42,t,0.98,t,43,f,,other,F,860307021,hipotiroidismo
24,F,f,f,f,f,f,f,f,f,f,f,f,f,f,f,t,4.3,f,,t,141,t,1.73,t,81,f,,STMW,I,860307027,otro
24,F,f,f,f,f,f,f,f,f,f,f,f,f,f,f,t,0.06,t,1.7,t,66,t,0.79,t,84,f,,other,-,860307047,otro
65,F,f,f,f,f,f,f,f,t,f,f,f,f,f,f,t,8.2,t,1.6,t,96,f,,f,,f,,other,G,860307048,hipotiroidismo
30,F,f,f,f,f,f,f,f,f,f,f,f,t,f,f,t,1.4,t,1.3,t,117,t,1.16,t,101,f,,other,-,860307049,otro
66,F,t,f,f,f,f,f,f,f,f,f,f,f,f,f,t,0.065,t,1.9,t,158,t,1.07,t,148,f,,other,-,860307060,otro
15,M,f,f,f,f,f,f,f,f,f,f,f,f,f,f,f,,f,,t,118,t,1.28,t,93,f,,other,I,860307078,otro
38,F,f,f,f,f,f,f,f,f,f,f,f,f,f,f,t,2.4,t,2.1,f,,f,,t,123,f,,other,-,860307081,otro
38,F,f,f,f,t,f,f,f,f,f,f,f,f,f,f,f,,f,,t,129,t,1.18,t,110,f,,other,-,860307082,otro
38,M,t,f,f,f,f,f,f,f,f,f,f,f,f,f,t,1.2,t,1.8,t,99,f,,f,,f,,SVHC,-,860310002,otro
32,M,f,f,f,f,f,f,f,f,f,f,f,f,f,f,t,0.76,t,2.1,t,82,t,0.86,t,95,f,,SVI,-,860310010,otro
58,F,f,f,f,f,f,f,f,f,f,f,f,f,f,f,t,1.1,f,,t,60,t,0.82,t,72,f,,SVI,-,860310012,otro
62,F,f,f,f,f,f,f,f,f,f,f,f,t,f,f,t,1.6,f,,t,117,t,1.07,t,109,f,,other,-,860310014,otro
42,M,f,f,f,f,f,f,f,f,t,f,f,f,f,f,t,0.05,t,2.7,t,111,t,0.88,t,127,f,,other,-,860310017,otro
56,M,f,f,f,f,f,f,f,f,f,f,f,f,f,f,t,1.3,t,1.9,t,86,t,0.71,t,120,f,,other,-,860310019,otro
50,F,f,f,f,f,f,f,f,t,f,f,f,f,f,f,t,3.3,t,1.9,f,,t,1.18,t,105,f,,STMW,-,860310030,otro
40,F,f,f,f,f,f,f,f,f,t,f,f,f,f,f,t,1.6,f,,t,155,t,0.93,t,166,f,,SVI,R,860310033,otro
55,F,f,f,f,f,f,f,f,f,f,f,f,f,f,f,t,0.05,t,6.8,t,169,t,0.84,t,201,f,,other,A,860310034,hipertiroidismo
66,M,f,f,f,f,f,f,f,f,f,f,f,f,f,f,t,2.5,t,1.5,t,77,f,,f,,f,,other,-,860310038,otro
23,F,f,f,f,f,f,f,f,t,f,f,f,f,f,f,t,1.9,f,,t,167,t,1.11,t,150,f,,other,-,860310039,otro
23,F,f,f,f,f,f,f,f,f,f,t,f,f,f,t,t,1.4,t,2.8,t,87,t,1.14,t,87,f,,SVHC,-,860310053,otro
72,F,t,f,f,f,f,f,f,t,f,f,f,f,f,f,f,,f,,t,102,t,0.96,t,102,f,,SVI,-,860310054,otro
66,M,f,f,f,t,f,f,f,f,f,f,f,f,f,f,t,3.2,f,,t,94,t,0.78,t,99,f,,SVI,-,860310055,otro
60,M,f,f,f,f,f,f,f,f,f,f,f,f,f,f,t,2.2,t,2.3,t,87,t,0.94,t,93,f,,SVI,-,860310056,otro
45,F,f,f,f,f,f,f,f,f,f,f,f,f,f,f,t,0.37,t,2.2,t,97,t,1,t,97,f,,SVHC,-,860310057,otro
43,M,f,f,f,f,f,f,f,f,f,f,f,f,f,f,t,4.2,f,,t,93,t,0.64,t,146,f,,SVI,-,860310062,otro
73,F,f,f,f,f,f,f,f,f,f,f,f,f,f,f,t,1.4,f,,t,77,t,0.99,t,78,f,,SVI,-,860310066,otro
55,F,f,f,f,f,f,f,f,f,t,f,f,f,f,f,t,0.035,t,2,t,109,t,0.93,t,117,f,,other,-,860311001,otro
51,M,f,f,f,f,f,f,f,f,f,f,f,f,f,f,t,106,t,0.4,t,10,t,1.11,t,8.7,f,,other,F,860311002,hipotiroidismo
23,F,t,f,f,f,f,f,f,f,f,f,f,f,f,f,t,0.69,f,,t,204,t,1.34,t,152,f,,other,-,860311007,otro
45,M,f,f,f,f,f,f,f,f,f,f,f,f,f,f,t,1.6,t,2.6,t,113,t,1.13,t,100,f,,SVHC,-,860311013,otro
45,F,f,f,f,f,f,f,f,f,f,f,f,f,f,f,t,0.77,t,1.7,t,91,t,0.96,t,95,f,,other,-,860311015,otro
68,F,f,f,f,f,f,f,f,f,f,f,f,f,f,f,t,0.6,t,1.6,t,86,t,0.94,t,92,f,,SVHC,-,860311016,otro
58,F,f,f,f,f,f,f,f,f,f,f,f,f,f,t,t,1.3,t,3,t,136,t,1,t,135,f,,SVHC,-,860311017,otro
39,M,f,f,f,f,f,f,f,f,f,f,f,f,f,f,t,3.2,t,2.4,t,107,t,0.98,t,110,f,,SVHC,-,860311025,otro
68,F,f,f,f,f,f,f,f,t,f,f,f,f,f,f,t,2.1,f,,t,100,t,1.04,t,96,f,,other,-,860311026,otro
34,F,f,f,f,f,f,f,f,t,f,f,f,f,f,f,t,1.2,f,,t,105,t,1.07,t,99,f,,other,-,860311028,otro
47,F,f,f,f,f,f,f,f,f,f,f,f,f,f,f,t,2.2,f,,t,101,t,1.06,t,96,f,,other,-,860311029,otro
77,F,f,f,f,f,f,f,f,f,f,f,f,f,f,f,t,2.9,f,,t,105,t,0.93,t,113,f,,SVI,-,860311030,otro
54,M,t,t,f,f,f,f,f,f,f,f,f,f,f,f,f,,f,,t,88,t,0.87,t,100,f,,other,-,860311033,otro
54,F,f,f,f,f,f,f,f,f,f,f,f,f,f,f,f,,f,,f,,f,,f,,t,29,other,-,860311043,otro
41,F,t,f,f,f,f,f,f,f,f,f,f,f,f,f,t,0.05,t,2.3,t,190,t,1.07,t,177,f,,other,N,860311051,otro
57,F,f,f,f,f,f,f,f,f,f,f,f,f,f,f,t,0.23,f,,t,85,t,0.76,t,111,f,,SVI,-,860311055,otro
90,F,f,f,f,f,f,f,f,f,f,f,f,f,f,f,t,3.4,f,,t,87,t,0.84,t,103,f,,SVI,-,860311057,otro
86,F,f,f,f,f,f,f,f,f,f,f,f,f,f,f,f,,f,,t,139,t,1.24,t,112,f,,SVI,-,860311058,otro
65,M,f,f,f,f,f,f,f,f,f,f,f,f,f,f,t,0.65,f,,t,106,t,0.94,t,113,f,,SVI,-,860311059,otro
40,F,f,f,f,f,f,f,f,f,f,f,f,f,f,f,t,0.82,f,,t,140,t,1.06,t,132,f,,SVI,-,860311060,otro
29,F,f,f,f,f,f,f,f,f,f,f,f,f,f,f,t,5.9,f,,t,115,t,0.87,t,131,f,,SVI,-,860311061,otro
32,M,f,f,f,f,f,f,f,f,f,f,f,f,f,f,t,3.9,t,2,t,104,t,0.91,t,113,f,,SVHC,-,860311091,otro
74,F,f,f,f,f,f,f,f,t,f,f,f,f,f,f,f,,t,0.4,f,,f,,f,,f,,SVI,-,860312001,otro
87,F,f,f,f,f,f,f,f,f,f,f,f,f,f,f,t,3.4,t,1.4,t,111,t,1.26,t,88,f,,other,-,860312003,otro
64,M,f,f,f,f,f,f,f,f,f,f,f,f,f,f,t,2.5,f,,t,143,t,0.91,t,156,f,,other,-,860312006,otro
64,,t,f,f,f,f,f,f,f,t,f,f,f,f,f,t,0.92,t,0.9,t,39,t,0.91,t,43,f,,other,M,860312007,otro
41,M,f,f,f,f,f,f,f,f,f,f,f,f,f,f,t,1.8,t,1.5,t,123,f,,f,,f,,other,-,860312008,otro
41,M,f,f,f,f,f,f,f,f,f,f,f,f,f,f,t,8,t,1.5,t,72,f,,f,,f,,other,G,860312009,hipotiroidismo
34,M,f,f,f,f,f,f,f,f,f,f,f,f,f,f,t,2.3,t,1.7,t,117,t,0.74,t,158,f,,SVHC,R,860312010,otro
25,M,f,f,f,f,f,f,f,f,f,f,f,f,f,f,t,0.88,t,1.7,t,84,t,0.77,t,109,f,,SVHC,-,860312011,otro
29,F,f,f,f,f,f,f,f,f,f,f,f,f,f,f,t,1,f,,t,101,t,0.92,t,110,f,,STMW,-,860312016,otro
62,F,f,f,f,f,f,f,f,f,f,f,f,f,f,f,t,1.7,f,,t,129,t,1.08,t,120,f,,SVI,-,860312044,otro
82,M,f,f,f,f,f,f,f,f,f,f,f,f,f,f,t,2.6,f,,t,65,t,0.64,t,103,f,,SVI,-,860312045,otro
60,M,f,f,f,f,f,f,t,f,f,f,f,f,f,f,t,0.65,f,,t,114,t,0.95,t,120,f,,other,-,860312048,otro
34,M,f,f,f,f,f,f,f,f,f,f,f,f,f,f,t,1.2,t,2.1,t,115,t,1.04,t,111,f,,SVHC,-,860312050,otro
57,F,f,f,f,t,f,f,f,t,f,f,f,f,f,f,t,4.8,t,2.1,t,85,t,0.97,t,87,f,,other,-,860312058,otro
30,F,f,f,f,f,f,f,f,f,f,f,f,f,f,f,t,0.055,f,,t,187,t,0.72,t,262,f,,other,A,860312066,hipertiroidismo
34,F,f,f,f,f,f,f,f,f,f,f,f,f,f,f,t,2.3,f,,t,102,t,0.9,t,114,f,,other,-,860313002,otro
77,F,f,f,t,f,f,f,f,f,f,f,f,f,f,f,t,6.2,t,1.6,t,109,f,,f,,f,,other,G,860313003,hipotiroidismo
77,F,f,f,f,f,f,f,f,f,f,f,f,f,f,f,t,2.2,f,,t,72,t,0.75,t,96,f,,other,-,860313006,otro
77,F,f,f,f,f,f,f,f,f,f,f,f,f,f,f,t,3.3,f,,t,116,t,0.99,t,117,f,,other,-,860313007,otro
37,F,f,f,f,f,f,f,f,f,f,f,f,f,f,f,t,1.3,t,1.9,t,108,f,,f,,f,,other,-,860313010,otro
51,F,f,f,f,t,f,f,f,f,f,f,f,f,f,f,t,0.73,f,,t,110,t,0.85,t,129,f,,other,-,860313011,otro
60,F,t,f,f,f,f,f,f,f,f,f,f,f,f,f,t,0.53,t,1.4,t,131,t,0.98,t,133,f,,other,-,860313027,otro
27,F,t,f,f,f,f,f,f,f,f,f,f,f,f,f,t,8.2,t,1.4,t,60,t,1.25,t,48,f,,other,-,860313028,otro
33,F,f,f,t,f,f,f,f,f,f,f,f,f,f,f,t,2.3,t,1.6,t,13,t,0.92,t,14,f,,other,O,860313029,otro
38,F,t,f,f,f,f,f,f,f,f,f,f,f,f,f,t,0.045,t,1.6,t,149,t,0.97,t,154,f,,other,-,860313030,otro
74,F,t,f,f,f,f,f,f,f,f,f,f,f,f,f,t,3,t,1.5,t,131,t,1.12,t,117,f,,other,-,860313032,otro
40,F,t,f,f,f,f,f,f,f,f,f,f,f,f,f,t,2.2,t,1.7,t,129,t,0.87,t,148,f,,other,-,860313035,otro
61,M,t,f,f,f,f,f,f,f,f,f,f,f,f,f,t,2.2,t,1.8,t,83,t,0.71,t,117,f,,other,-,860313036,otro
56,F,t,f,t,f,f,f,f,f,t,f,f,f,f,f,t,6,f,,t,110,t,1.03,t,107,f,,other,-,860313053,otro
33,M,f,f,f,f,f,f,f,f,f,f,t,f,f,f,t,0.56,t,2.4,t,97,f,,f,,f,,other,-,860313057,otro
33,M,f,f,f,t,f,f,f,f,f,f,f,f,f,f,t,6.2,f,,t,51,t,0.66,t,78,f,,other,-,860313058,otro
33,,f,f,f,f,f,f,f,f,f,f,f,f,f,f,t,0.96,t,3.2,t,154,t,1.32,t,117,f,,SVHC,I,860313059,otro
65,M,f,f,f,f,f,f,f,f,f,f,f,f,f,f,t,0.81,f,,t,102,t,0.84,t,122,f,,SVI,-,860313062,otro
51,F,f,f,f,f,f,f,f,f,t,f,f,f,f,f,t,1.2,f,,t,85,t,0.96,t,89,f,,other,-,860313063,otro
38,M,f,f,f,f,f,f,f,f,f,f,f,f,f,f,t,1.3,f,,t,105,t,0.87,t,121,f,,SVI,-,860313064,otro
64,M,f,f,f,f,f,f,f,f,f,f,f,f,f,f,t,1.4,t,1.3,t,119,t,0.76,t,157,f,,SVI,R,860313065,otro
61,F,f,f,f,f,f,t,f,t,f,f,f,f,f,f,t,0.025,f,,t,113,t,0.93,t,122,f,,other,-,860314009,otro
72,F,f,f,f,f,f,f,t,f,f,f,f,f,f,f,t,1.6,t,2.1,t,114,t,1.14,t,100,f,,other,-,860314010,otro
67,F,f,f,f,f,f,f,t,f,f,f,f,f,f,f,t,6.9,f,,t,82,t,0.91,t,90,f,,other,G,860314021,hipotiroidismo
35,F,f,f,f,f,f,f,f,f,f,f,f,f,f,f,t,0.8,f,,t,189,t,1.47,t,128,f,,STMW,I,860314026,otro
29,F,f,f,f,f,f,f,f,f,f,f,f,f,f,f,t,0.005,f,,t,178,t,1.57,t,114,f,,STMW,I,860314027,otro
65,M,f,f,f,f,f,f,f,f,f,f,f,f,f,f,f,,t,2,t,104,t,0.93,t,112,f,,SVI,-,860314055,otro
73,F,f,f,f,f,f,f,f,f,f,f,f,f,f,f,f,,f,,f,,f,,f,,t,47,other,S,860314060,otro
73,F,t,f,f,f,f,f,f,f,f,f,f,f,f,f,t,1.3,t,1.5,t,102,t,0.87,t,117,f,,other,-,860314069,otro
73,F,t,f,f,f,f,f,f,f,f,f,f,t,f,f,t,0.05,f,,t,185,t,0.94,t,197,f,,other,N,860317009,otro
35,F,f,f,f,f,f,f,f,f,f,f,f,f,f,f,t,2.1,f,,t,132,t,1.12,t,118,f,,other,-,860317010,otro
47,M,f,f,f,t,f,f,f,f,f,f,f,f,f,f,f,,f,,t,114,t,1.11,t,102,f,,other,-,860317016,otro
30,F,f,f,f,f,f,f,f,f,f,f,t,f,f,f,f,,f,,t,87,t,0.99,t,87,f,,other,-,860317023,otro
74,F,f,f,f,f,f,f,f,f,f,f,f,f,f,f,t,2.9,f,,t,103,t,0.99,t,104,f,,other,-,860317039,otro
74,F,f,f,f,f,f,f,f,f,f,f,f,f,f,f,t,2.8,t,2,t,99,t,1.03,t,95,f,,SVHC,-,860317043,otro
25,M,f,f,f,f,f,f,f,f,f,f,f,f,f,f,t,1.2,t,2.5,t,123,t,1.1,t,111,f,,SVHC,-,860317044,otro
64,F,f,f,f,f,f,f,f,f,f,f,f,f,f,f,t,0.63,f,,t,104,t,1.13,t,92,f,,other,-,860317045,otro
65,M,f,f,f,f,f,f,f,f,f,f,f,f,f,f,t,0.78,f,,t,110,t,0.96,t,115,f,,SVI,-,860317046,otro
69,M,f,f,f,f,f,f,f,f,f,f,f,f,f,f,t,1,f,,t,106,t,0.92,t,116,f,,SVI,-,860317047,otro
57,F,f,f,f,f,f,f,f,f,f,f,f,f,f,f,t,7.7,f,,t,63,t,0.81,t,79,f,,SVI,G,860317050,hipotiroidismo
19,M,f,f,f,f,f,f,f,f,f,f,f,f,f,f,t,3.6,t,1.7,t,76,t,0.78,t,98,f,,other,-,860317051,otro
49,F,f,f,f,f,f,f,f,f,f,f,f,f,f,f,t,0.76,t,1.9,t,99,t,1.19,t,83,f,,SVHC,-,860317052,otro
71,M,f,f,f,f,f,f,t,f,f,f,f,f,f,f,t,2.8,f,,t,106,t,0.88,t,120,f,,other,-,860317075,otro
77,F,f,f,f,f,f,f,f,f,t,f,f,f,f,f,t,0.42,t,1.3,t,67,t,1.08,t,62,f,,other,-,860317078,otro
65,F,t,f,f,f,f,f,f,f,f,f,f,f,f,f,t,0.025,f,,t,121,t,0.94,t,129,f,,other,-,860317080,otro
36,M,f,f,f,f,f,f,f,f,f,t,f,f,f,f,t,0.71,t,1.7,t,93,t,0.88,t,106,f,,SVHC,-,860317082,otro
13,F,f,f,f,f,f,f,f,f,f,f,f,f,f,f,t,2.5,t,1.7,t,96,t,0.68,t,142,f,,SVI,-,860317083,otro
57,M,f,f,f,f,f,f,f,f,f,f,f,f,f,f,t,1.6,t,1.5,t,93,t,0.97,t,95,f,,SVHC,-,860317084,otro
22,F,f,f,f,f,f,f,f,f,f,f,f,t,f,f,t,1.8,f,,t,95,t,0.98,t,97,f,,other,-,860317087,otro
53,F,f,f,f,f,f,f,f,f,f,f,f,f,f,t,f,,f,,f,,f,,f,,t,19,other,-,860317104,otro
42,M,f,f,f,f,f,f,f,f,f,f,f,f,f,f,t,1.9,t,1.7,t,101,t,0.84,t,120,f,,SVHC,-,860318002,otro
66,F,f,f,f,f,f,f,f,f,t,f,f,f,f,f,t,0.05,t,1.1,t,69,t,0.78,t,88,f,,other,-,860318004,otro
80,F,t,f,f,f,f,f,f,f,f,f,f,t,f,f,t,0.83,t,1.9,t,116,f,,f,,f,,other,-,860318009,otro
54,M,f,f,f,f,f,f,f,f,f,f,f,f,f,f,f,,f,,f,,f,,f,,t,27,other,-,860318022,otro
60,F,f,f,f,f,f,f,f,f,f,f,f,f,f,f,f,,f,,f,,f,,f,,t,23,other,-,860318023,otro
22,F,f,f,f,f,f,f,f,f,f,f,f,f,f,f,t,1.2,f,,t,86,t,0.86,t,99,f,,other,-,860318027,otro
58,F,t,f,f,f,f,f,f,f,f,f,f,f,f,f,t,1.2,f,,t,175,t,1.08,t,161,f,,other,L,860318029,otro
80,M,f,f,f,f,f,f,f,f,f,f,f,f,f,f,t,0.46,t,1.8,t,115,t,1,t,115,f,,SVI,-,860318038,otro
73,,f,f,f,f,f,f,f,f,f,f,f,f,f,f,t,37,f,,t,86,t,0.82,t,105,f,,SVI,G,860318039,hipotiroidismo
76,M,f,f,f,f,f,f,f,f,f,f,f,f,f,f,t,8.2,f,,t,125,t,0.81,t,153,f,,SVI,G,860318040,hipotiroidismo
59,M,f,f,f,f,f,f,f,f,f,f,f,f,f,f,t,2.8,t,1.8,t,101,t,1.07,t,94,f,,SVHC,-,860318042,otro
53,F,f,f,f,f,f,f,f,f,f,f,f,f,f,f,t,1.2,t,1.6,t,68,t,0.87,t,78,f,,SVHC,-,860318043,otro
53,M,f,f,f,f,f,f,f,f,f,f,f,f,f,f,t,2.3,t,1.5,t,119,t,1.01,t,118,f,,SVHC,-,860318044,otro
80,F,f,f,f,f,f,f,f,f,f,f,f,f,f,f,t,172,f,,t,29,t,0.84,t,35,f,,SVI,F,860318046,hipotiroidismo
71,F,f,f,f,f,f,f,f,f,f,f,f,f,f,f,t,1.6,f,,t,114,t,1.01,t,113,f,,SVI,-,860318047,otro
56,M,t,f,f,f,f,f,f,f,t,f,f,f,f,f,t,0.04,f,,t,134,t,0.66,t,204,f,,SVI,L,860318048,otro
62,M,f,f,f,f,f,f,f,f,f,f,f,f,f,f,t,0.71,t,2.2,t,91,t,0.94,t,96,f,,other,-,860319004,otro
75,F,f,f,f,f,f,t,f,f,f,f,f,f,f,f,t,2.6,f,,t,96,t,1.12,t,86,f,,other,-,860319036,otro
62,F,f,f,f,f,f,f,f,f,f,f,f,f,f,f,t,0.64,t,1.4,t,110,t,0.78,t,142,f,,SVI,-,860319039,otro
51,F,f,f,f,t,f,f,f,f,f,f,f,f,f,f,t,2.2,f,,t,120,t,1.22,t,99,f,,SVHD,-,860319045,otro
51,F,f,f,f,f,f,f,f,f,f,f,f,f,f,f,t,2.9,t,1.5,t,124,t,0.88,t,141,f,,SVHC,-,860319057,otro
52,M,f,f,f,f,f,f,f,f,f,f,f,f,f,f,t,1.9,t,2.8,t,124,t,1.16,t,106,f,,SVHC,-,860319058,otro
52,F,f,f,f,f,f,f,f,f,f,f,f,f,f,f,t,0.035,t,2.1,t,183,t,1.02,t,179,f,,other,AK,860319072,hipertiroidismo
42,F,f,f,f,t,f,f,f,f,f,f,f,f,f,f,t,4.4,t,1.9,t,127,t,1.14,t,111,f,,SVI,-,860320001,otro
79,F,f,f,f,f,f,f,f,f,f,f,f,f,f,f,t,2,f,,t,120,t,1.11,t,108,f,,other,-,860320004,otro
79,F,f,f,f,f,f,f,f,f,f,f,f,f,f,f,t,0.6,f,,t,97,t,0.9,t,108,f,,other,-,860320005,otro
72,F,f,f,f,f,f,f,f,f,f,f,f,f,f,f,t,0.95,f,,t,85,t,0.8,t,106,f,,SVHD,-,860320006,otro
16,M,f,f,f,f,f,f,f,f,f,f,f,f,f,f,t,2.7,f,,t,100,t,1.03,t,96,f,,other,-,860320007,otro
50,F,t,f,f,f,f,f,f,f,f,f,f,f,f,f,t,2.7,t,1.5,t,172,t,1.15,t,149,f,,other,-,860320010,otro
51,M,t,f,f,f,f,f,f,f,f,f,f,f,f,f,t,6.4,t,2.1,t,120,t,1.09,t,110,f,,other,M,860320024,otro
48,F,f,f,f,f,f,f,f,f,f,f,f,f,f,f,t,0.45,f,,t,113,t,1.05,t,107,f,,other,-,860320026,otro
45,M,f,f,f,f,f,f,f,f,t,f,f,f,f,f,t,0.025,t,4.2,t,183,t,0.78,t,235,f,,other,A,860320027,hipertiroidismo
42,F,f,f,f,f,f,f,f,t,f,f,f,f,f,f,t,114,t,0.8,t,4.06,t,1.06,t,3.84,f,,other,F,860320028,hipotiroidismo
32,F,f,f,f,f,f,f,f,f,f,f,f,f,f,f,t,0.09,t,2.3,t,212,t,1.34,t,158,f,,other,R,860320029,otro
79,F,t,f,f,f,f,f,f,f,f,f,f,f,f,f,t,6.4,t,1.8,t,109,t,0.97,t,113,f,,other,M,860320030,otro
61,F,t,f,f,f,f,f,f,f,f,f,f,f,f,f,t,0.75,t,1.7,t,88,t,0.92,t,96,f,,other,-,860320032,otro
42,M,t,f,f,f,f,f,f,f,f,f,f,f,f,f,t,0.025,t,2.7,t,172,t,1.01,t,172,f,,other,N,860320034,otro
42,F,f,f,t,f,f,f,f,f,t,f,f,f,f,f,t,0.025,t,3.1,t,136,t,1,t,136,f,,other,B,860320043,hipertiroidismo
76,F,t,f,f,f,f,f,f,f,f,f,f,f,f,f,t,0.19,t,1.6,t,129,t,0.99,t,130,f,,other,-,860320047,otro
22,F,f,f,f,f,f,f,f,f,f,f,f,f,f,f,f,,f,,t,119,t,1.12,t,107,f,,other,-,860320048,otro
22,F,f,f,f,f,f,f,f,f,f,f,f,f,f,f,t,1.2,t,2.3,f,,f,,f,,f,,other,-,860320049,otro
46,F,t,f,f,f,f,f,f,f,f,f,f,f,f,f,t,0.84,t,1.7,t,111,t,0.98,t,113,f,,other,-,860320051,otro
20,F,f,f,f,f,f,f,f,f,f,f,f,f,f,f,t,1,f,,t,145,t,1.51,t,96,f,,other,I,860320052,otro
78,F,f,f,f,f,f,f,f,f,t,f,f,f,f,f,t,1.5,f,,t,115,t,1.08,t,106,f,,SVI,-,860320072,otro
71,M,f,f,f,f,f,f,f,f,f,f,f,f,f,f,t,0.55,t,1.1,t,91,t,0.86,t,105,f,,SVI,K,860320073,otro
10,F,f,f,f,f,f,f,f,f,f,f,f,f,f,f,t,2.5,f,,t,83,t,0.93,t,89,f,,other,-,860320074,otro
69,F,f,f,f,f,f,f,f,f,f,f,f,f,f,f,t,2.6,t,1.6,t,116,t,1.04,t,111,f,,SVI,-,860320075,otro
69,F,f,f,f,f,f,f,f,f,f,f,f,f,f,f,t,2.9,t,1.4,t,135,t,1.19,t,113,f,,SVI,-,860320078,otro
69,F,f,f,f,f,f,f,f,f,f,f,f,f,f,f,t,2.3,f,,t,111,t,1.32,t,84,f,,other,I,860320079,otro
75,F,t,f,f,f,f,f,f,t,f,f,f,f,f,f,t,4.3,t,1.7,t,142,t,1.12,t,127,f,,other,-,860320080,otro
31,F,f,f,f,f,f,f,f,f,f,f,f,f,f,f,f,,f,,t,81,t,0.85,t,95,f,,other,-,860320087,otro
25,F,f,f,f,f,f,f,f,f,t,f,f,f,f,f,t,1.5,t,1.8,t,93,t,0.99,t,94,f,,other,-,860320092,otro
25,F,f,f,f,f,f,f,t,f,f,f,f,f,f,f,t,34,f,,t,14,t,1.03,t,13,f,,other,F,860320095,hipotiroidismo
25,F,t,f,f,f,f,f,f,f,f,f,f,f,f,f,t,0.06,t,2.7,t,159,t,0.92,t,173,f,,other,L,860320097,otro
44,F,f,f,f,f,f,f,f,f,f,f,f,f,f,f,t,0.95,f,,t,115,t,0.97,t,117,f,,other,-,860321004,otro
44,M,f,f,f,f,f,f,f,f,f,f,f,f,f,f,t,0.66,f,,t,62,t,0.94,t,63,f,,other,-,860321005,otro
75,F,f,f,f,f,f,f,f,f,f,f,f,f,f,f,t,1.2,f,,t,134,t,1.14,t,117,f,,other,-,860321008,otro
52,F,f,f,f,f,f,f,f,f,f,f,f,f,f,f,t,2.9,f,,t,121,t,1.38,t,87,f,,other,I,860321009,otro
28,F,f,f,f,f,f,f,f,f,f,f,f,f,f,f,t,1.4,f,,t,105,t,0.94,t,112,f,,other,-,860321010,otro
28,F,t,f,f,f,f,f,f,f,f,f,f,f,f,f,t,0.07,t,1.9,t,175,t,1.23,t,143,f,,other,-,860321012,otro
28,F,f,f,f,f,f,f,f,f,f,f,f,f,f,f,t,11,f,,t,106,t,0.97,t,110,f,,SVI,G,860321030,hipotiroidismo
44,M,f,f,f,t,f,f,f,f,f,f,f,f,f,f,t,1.3,t,1.5,t,64,t,1.01,t,63,f,,SVI,-,860321031,otro
24,M,f,f,f,f,f,f,f,f,f,f,f,f,f,f,t,2,f,,t,87,t,0.88,t,99,f,,other,-,860321055,otro
57,F,f,f,f,f,f,f,f,t,f,f,f,f,f,f,t,3.3,t,1.3,t,67,t,0.96,t,70,f,,other,-,860321059,otro
58,M,t,f,f,f,f,f,f,f,f,f,f,f,f,f,t,22,t,1,t,155,t,1.13,t,137,f,,other,-,860321062,otro
42,M,t,f,f,f,f,f,f,f,f,f,f,f,f,f,t,8,t,1.5,t,110,f,,f,,f,,other,M,860321065,otro
31,F,f,f,f,f,f,f,f,f,f,f,f,f,f,f,t,1.5,f,,t,75,t,0.75,t,100,f,,other,-,860321067,otro
31,M,f,f,f,t,f,f,f,f,f,f,f,f,f,f,t,0.06,f,,t,123,f,,f,,f,,other,-,860324001,otro
31,M,f,f,f,f,f,f,f,f,f,t,f,f,f,f,t,3.6,t,1.5,t,105,t,0.8,t,131,f,,SVHC,-,860324003,otro
31,M,f,f,f,f,f,f,f,f,f,f,f,f,f,f,t,1.7,t,1.4,t,62,t,0.64,t,98,f,,SVHC,-,860324004,otro
39,F,f,f,f,f,f,f,f,f,f,f,f,f,f,f,t,1.8,f,,t,152,t,1.51,t,101,f,,SVHC,-,860324005,otro
39,M,f,f,f,f,f,f,f,f,f,t,f,f,f,t,t,1.1,t,1.8,t,91,t,0.94,t,97,f,,SVHC,-,860324006,otro
39,F,f,f,f,f,f,f,f,f,f,f,f,f,f,f,t,1.6,f,,t,107,t,1.07,t,100,f,,other,-,860324010,otro
46,M,f,f,f,f,f,f,f,f,f,f,f,f,f,f,t,2.2,f,,t,116,t,1,t,117,f,,other,-,860324015,otro
48,F,f,f,f,f,f,f,f,f,f,f,f,f,f,f,f,,t,1.8,f,,f,,f,,f,,other,-,860324018,otro
46,F,t,f,f,f,f,f,f,f,f,f,f,f,f,f,t,2,f,,t,78,t,0.93,t,84,f,,other,-,860324025,otro
76,F,f,f,f,f,f,f,f,f,f,f,f,f,f,f,t,0.04,t,0.9,t,100,t,1.01,t,100,f,,SVI,K,860324027,otro
76,F,f,f,f,f,f,f,f,f,f,f,f,t,f,f,f,,f,,f,,f,,f,,t,29,other,-,860324039,otro
76,F,t,f,f,f,f,f,f,f,f,f,f,f,f,f,t,3.7,f,,t,103,t,1.03,t,100,f,,other,-,860324043,otro
29,F,f,f,f,f,f,f,f,f,f,f,f,f,f,f,t,1.7,f,,t,125,t,1.08,t,115,f,,other,-,860324046,otro
29,M,f,f,f,f,f,f,f,f,f,f,f,f,f,f,f,,f,,f,,f,,f,,t,21,other,-,860324074,otro
32,M,f,f,f,f,f,f,f,f,f,f,f,f,f,f,t,0.06,t,2.9,t,116,f,,f,,f,,SVHC,-,860325007,otro
32,F,f,f,f,f,f,f,f,f,f,f,f,f,f,f,t,1.7,t,1.7,t,138,t,1.15,t,125,f,,SVHC,-,860325008,otro
67,F,f,f,f,f,f,f,f,t,f,f,f,f,f,f,t,2.3,f,,t,81,t,0.91,t,89,f,,SVI,-,860325009,otro
41,F,f,f,f,f,f,f,f,f,f,f,f,f,f,f,t,0.84,f,,t,130,t,1.06,t,123,f,,other,-,860325010,otro
62,F,f,f,f,f,f,f,f,f,f,f,f,f,f,f,t,5.7,f,,t,132,t,1.26,t,105,f,,SVI,I,860325013,otro
56,F,f,f,f,f,f,f,f,f,f,f,f,f,f,f,t,0.05,t,3.8,t,200,t,0.76,t,264,f,,SVI,A,860325014,hipertiroidismo
38,F,f,f,f,f,f,f,f,f,f,f,f,f,f,f,t,0.06,t,2.9,t,150,f,,f,,f,,SVHC,-,860325015,otro
37,,f,f,f,t,f,f,f,f,f,f,f,f,f,f,t,1.4,f,,t,100,t,0.86,t,117,f,,other,-,860325018,otro
81,F,f,f,f,f,f,f,f,f,f,f,f,f,f,f,t,4,f,,t,97,t,0.92,t,106,f,,other,-,860325019,otro
55,M,t,f,f,f,f,f,f,f,f,f,f,f,f,f,t,0.07,f,,t,92,t,0.58,t,157,f,,other,-,860325023,otro
50,F,f,f,f,f,f,f,f,f,f,f,f,f,f,f,t,0.05,t,1.7,t,185,t,0.8,t,231,f,,other,AK,860325029,hipertiroidismo
66,F,f,f,f,f,f,f,f,t,t,f,f,f,f,f,t,48,t,0.4,t,12,t,1.35,t,9.099999,f,,other,F,860325034,hipotiroidismo
66,F,f,f,f,f,f,f,t,f,f,f,f,f,f,f,t,2.7,t,1,t,67,t,0.83,t,80,f,,other,P,860325038,otro
66,F,f,f,f,t,f,f,f,t,f,f,f,f,f,f,t,1,t,2,t,91,t,0.95,t,95,f,,SVHD,-,860325049,otro
69,F,t,f,f,f,f,f,f,f,f,f,f,f,f,f,t,0.005,t,1.8,t,203,t,0.91,t,224,f,,other,N,860325050,otro
36,F,t,f,f,f,f,f,f,t,f,f,f,f,f,f,t,2.8,f,,t,155,t,0.97,t,159,f,,other,L,860325051,otro
65,F,f,f,f,t,f,f,f,f,f,f,f,f,f,f,t,1.3,t,1.4,t,144,t,1.3,t,110,f,,other,-,860326001,otro
54,F,f,f,f,f,f,f,f,f,f,f,f,f,f,f,t,2.2,f,,t,113,t,0.97,t,117,f,,other,-,860326002,otro
59,M,f,f,f,f,f,f,f,f,f,f,f,f,f,f,t,1.3,f,,t,83,t,0.81,t,103,f,,other,-,860326003,otro
32,M,f,f,f,f,f,f,f,f,f,f,f,f,f,f,t,0.35,t,1.7,t,97,t,0.86,t,113,f,,SVHC,-,860326004,otro
54,F,f,f,f,f,f,f,f,t,f,f,f,f,f,f,t,1.1,f,,t,146,t,1.08,t,136,f,,other,-,860326005,otro
70,F,f,f,f,t,f,f,f,f,f,f,f,f,f,f,t,1.9,t,2.2,f,,f,,f,,f,,SVHD,-,860326006,otro
70,F,f,f,f,t,f,f,f,f,f,f,f,f,f,f,f,,f,,f,,f,,f,,t,9.299999,other,-,860326023,otro
56,F,f,f,f,f,f,f,f,f,f,f,f,f,f,f,t,2.1,t,1.7,t,124,t,1.11,t,112,f,,SVI,-,860326042,otro
78,M,f,f,f,f,f,f,f,f,f,f,f,f,f,f,t,1.03,f,,t,90,t,1.02,t,89,f,,other,-,860326050,otro
46,F,f,f,f,f,f,f,f,f,f,f,f,f,f,f,t,1.3,f,,t,124,t,1.01,t,122,f,,other,-,860326052,otro
19,F,t,f,f,f,f,f,f,f,f,f,f,f,f,f,t,2.8,f,,t,134,t,1.12,t,109,f,,other,-,860326053,otro
19,,f,f,f,f,f,f,f,f,f,f,f,f,f,f,t,3.6,t,1.7,t,102,f,,f,,f,,other,-,860326076,otro
19,F,f,f,f,f,f,f,f,f,f,f,f,f,f,f,f,,f,,f,,f,,f,,t,27,other,-,860326078,otro
49,F,f,f,f,f,f,f,f,f,f,f,f,f,f,f,t,1.1,f,,t,91,t,1.05,t,87,f,,SVI,-,860326083,otro
62,M,f,f,f,f,f,f,f,f,f,f,f,f,f,f,t,0.7,f,,t,119,t,0.94,t,128,f,,SVI,-,860326087,otro
53,M,f,f,f,f,f,f,f,f,f,f,f,f,f,f,t,1.8,t,1.8,t,96,t,0.86,t,112,f,,SVI,-,860326088,otro
41,F,f,f,f,f,f,f,f,f,f,f,f,f,f,f,t,4,f,,t,98,t,0.83,t,118,f,,SVI,-,860326089,otro
72,M,f,f,f,f,f,f,f,f,f,f,f,f,f,f,t,2.1,f,,t,90,t,0.89,t,102,f,,SVI,-,860326090,otro
42,F,f,f,f,f,f,f,f,f,f,f,t,f,f,f,f,,f,,t,109,t,1.05,t,104,f,,other,-,860326102,otro
65,F,f,f,f,f,f,f,f,f,f,f,f,f,f,f,f,,f,,t,148,t,0.85,t,174,f,,other,A,860326110,hipertiroidismo
61,M,f,f,f,f,f,f,f,f,f,f,f,f,f,f,t,2,t,1.1,t,140,t,0.9,t,156,f,,SVHC,-,860327001,otro
60,F,f,f,f,f,f,f,f,t,t,f,f,f,f,f,t,2.1,t,1.6,t,136,f,,f,,f,,SVI,-,860327002,otro
57,F,f,f,f,f,f,f,f,f,f,f,f,f,f,f,t,4,f,,t,112,t,1.33,t,84,f,,other,I,860327003,otro
57,F,f,f,f,f,f,f,f,f,f,f,f,f,f,f,t,3.8,f,,t,132,t,1.16,t,114,f,,other,-,860327004,otro
36,M,f,f,f,f,f,f,f,f,f,f,f,f,f,f,t,0.44,t,1.6,t,122,t,0.86,t,141,f,,SVHC,-,860327005,otro
69,M,f,f,f,f,f,f,f,f,f,f,f,f,f,f,t,1.3,f,,t,149,t,1.37,t,109,f,,other,I,860327006,otro
32,F,f,f,f,f,f,f,f,f,f,f,f,f,f,f,t,2.8,f,,t,88,t,0.74,t,120,f,,other,-,860327007,otro
78,F,f,f,f,f,f,f,f,f,f,f,f,f,f,f,t,0.72,t,1.7,t,122,t,1.07,t,114,f,,other,-,860327008,otro
29,M,f,f,f,f,f,f,f,f,t,f,f,f,f,f,t,1.2,t,2.3,t,99,t,0.96,t,104,f,,other,-,860327015,otro
19,F,t,f,f,f,f,f,f,f,f,f,f,f,f,f,t,164,f,,t,65,t,1.59,t,41,f,,other,F,860327016,hipotiroidismo
73,F,t,f,f,f,f,f,t,t,f,f,f,f,f,f,t,3.2,f,,t,121,t,0.88,t,137,f,,other,-,860327033,otro
19,F,t,f,f,f,f,f,f,f,f,f,f,f,f,f,t,6.6,t,1.8,t,122,t,1.17,t,104,f,,other,M,860327034,otro
39,M,t,f,f,f,f,f,f,f,f,f,f,f,f,f,f,,f,,f,,f,,f,,t,17,other,-,860327036,otro
46,M,f,t,f,f,f,f,f,f,f,f,f,f,f,f,f,,f,,t,141,t,0.98,t,143,f,,other,-,860327053,otro
87,F,f,f,f,f,f,f,f,f,f,f,f,f,f,f,t,3.1,f,,t,80,t,0.88,t,91,f,,other,-,860327055,otro
29,F,f,f,f,f,f,f,f,f,f,f,f,f,f,f,t,2.7,f,,t,104,t,0.93,t,112,f,,other,-,860327064,otro
12,F,f,f,f,f,f,f,f,f,f,f,f,f,f,f,f,,f,,f,,f,,f,,t,27,other,-,860327069,otro
26,F,f,f,f,f,f,f,f,f,t,f,f,f,f,f,t,1.1,t,1.4,t,36,t,0.86,t,42,f,,other,O,860327073,otro
22,F,f,t,f,f,f,f,f,f,f,f,f,f,f,f,f,,f,,t,395,t,1.07,t,369,f,,other,L,860327074,otro
74,F,t,f,f,f,f,f,f,t,f,f,f,f,f,f,t,7.2,t,1.3,t,96,t,0.99,t,97,f,,other,M,860327075,otro
61,M,f,f,f,f,f,f,f,f,f,f,f,f,f,f,t,0.92,f,,t,128,t,1.02,t,125,f,,SVI,-,860327077,otro
49,M,f,f,f,f,f,f,f,f,f,f,f,f,f,f,t,1.2,f,,t,98,t,0.89,t,110,f,,other,-,860327080,otro
49,F,f,f,f,f,f,f,f,f,f,f,f,f,f,f,t,1.9,f,,t,134,t,1.28,t,105,f,,other,I,860327081,otro
49,M,f,f,f,f,f,f,f,f,f,f,f,f,f,f,t,1.7,t,1.6,t,106,t,0.98,t,108,f,,SVHC,-,860327082,otro
49,F,f,f,f,f,f,f,f,f,f,f,f,f,f,f,t,0.05,f,,t,193,t,1.05,t,184,f,,other,A,860327084,hipertiroidismo
25,M,f,f,f,f,f,f,f,f,f,f,f,f,f,f,t,1.3,f,,t,77,t,0.87,t,88,f,,SVI,-,860327085,otro
38,M,f,f,f,f,f,f,f,f,f,f,f,f,f,f,t,0.54,t,1.7,t,113,t,0.94,t,120,f,,SVI,-,860327086,otro
38,F,f,f,f,f,f,f,f,f,f,f,f,f,f,f,t,3.4,t,1.9,t,124,t,1.2,t,103,f,,other,-,860327087,otro
73,M,f,f,f,f,f,f,f,f,f,f,f,f,f,f,t,2.4,t,1.4,t,91,t,1.05,t,87,f,,SVI,-,860327088,otro
38,F,f,f,f,f,f,f,f,f,f,f,f,f,f,f,t,0.93,f,,t,107,t,1.05,t,101,f,,other,-,860327090,otro
61,F,f,f,f,f,f,f,f,f,f,f,f,f,f,f,t,2.5,f,,t,113,t,0.94,t,120,f,,other,-,860401007,otro
61,M,f,f,f,f,f,f,f,f,f,t,f,f,f,t,t,0.06,t,2.6,t,110,f,,f,,f,,SVHC,-,860401008,otro
46,M,f,f,f,f,f,f,f,f,f,f,f,f,f,f,t,0.77,t,1.3,t,50,t,0.67,t,75,f,,SVI,J,860401010,otro
20,M,f,f,f,f,f,f,f,f,f,f,f,f,f,f,t,2,f,,t,86,t,0.91,t,95,f,,other,-,860401012,otro
69,F,t,f,f,f,f,f,f,f,f,f,f,f,f,f,t,2.1,t,1.7,t,118,t,0.91,t,130,f,,other,-,860401013,otro
28,F,f,f,f,f,f,f,f,f,f,f,f,f,f,f,t,2.5,f,,t,104,t,0.95,t,109,f,,other,-,860401014,otro
52,F,f,f,f,f,f,f,f,f,f,f,f,f,f,f,t,3.5,f,,t,74,t,0.83,t,89,f,,other,-,860401015,otro
52,,f,f,f,f,f,f,f,t,f,f,f,f,f,f,t,0.63,f,,t,111,t,0.99,t,113,f,,other,-,860401016,otro
31,F,f,f,f,f,f,f,f,f,f,f,f,f,f,f,t,44,f,,t,79,t,0.82,t,96,f,,STMW,G,860401017,hipotiroidismo
37,M,f,f,f,f,f,f,f,f,f,f,f,f,f,f,t,0.91,t,2,t,85,t,1.05,t,81,f,,other,-,860401027,otro
33,F,f,f,f,f,f,f,f,f,t,f,f,f,f,f,t,0.005,t,3.2,t,185,t,0.91,t,206,f,,other,A,860401033,hipertiroidismo
59,M,f,f,f,t,f,f,f,f,f,f,f,f,f,f,t,2.7,f,,t,148,t,1.09,t,136,f,,SVI,-,860401042,otro
57,M,f,f,f,f,f,f,f,f,f,f,f,f,f,f,t,1.3,f,,t,133,t,1,t,133,f,,SVI,-,860401043,otro
57,,f,f,f,f,f,f,f,f,f,f,f,f,f,f,t,1.6,t,0.5,t,110,t,0.86,t,127,f,,other,-,860401053,otro
22,F,f,f,f,f,f,f,f,f,f,f,f,f,f,f,t,2.2,f,,t,121,t,0.93,t,131,f,,other,-,860401054,otro
32,F,f,f,f,f,f,t,f,f,f,f,f,f,f,f,t,7.5,f,,t,109,t,1.13,t,96,f,,other,-,860401055,otro
35,F,f,f,f,f,f,f,f,f,t,f,f,f,f,f,t,0.01,t,1.9,t,136,t,1.07,t,127,f,,other,-,860401057,otro
78,F,f,f,f,f,f,f,f,f,f,f,f,f,f,f,t,0.17,f,,t,75,t,1.02,t,73,f,,SVI,-,860402021,otro
78,M,f,f,f,f,f,f,f,f,f,f,f,f,f,f,t,0.59,t,2,t,101,t,0.9,t,112,f,,SVI,-,860402022,otro
36,M,f,f,f,f,f,f,f,f,f,t,f,f,f,f,t,2.3,f,,t,95,t,0.91,t,104,f,,SVHC,-,860402025,otro
69,M,f,f,f,f,f,f,f,f,f,f,f,f,f,t,t,0.45,t,1.4,t,91,t,0.8,t,114,f,,SVHC,-,860402027,otro
38,M,f,f,f,f,f,f,f,f,f,f,f,f,f,f,t,0.97,t,1.6,t,105,t,0.86,t,122,f,,SVHC,-,860402028,otro
49,F,t,f,f,f,f,f,f,t,f,f,f,f,f,f,t,68,t,0.3,t,68,t,0.88,t,77,f,,other,MK,860402030,otro
43,M,f,f,f,f,f,f,f,f,f,f,f,f,f,f,t,3.8,t,2.2,t,130,t,0.97,t,134,f,,SVHC,-,860402031,otro
43,F,f,f,f,f,f,f,f,f,f,f,f,f,f,t,t,1.9,t,1.8,t,98,t,0.88,t,112,f,,SVHC,-,860402032,otro
68,M,f,f,f,f,f,f,f,f,f,t,f,f,f,f,t,1,f,,t,89,t,0.84,t,106,f,,SVHC,-,860402036,otro
65,M,f,f,f,f,f,f,f,t,f,f,f,f,f,f,t,1.2,f,,t,98,t,0.78,t,126,f,,SVI,-,860402042,otro
55,M,f,f,f,f,f,f,f,f,f,f,f,f,f,f,f,,f,,t,106,t,1.13,t,94,f,,other,-,860402060,otro
43,F,f,f,f,f,f,f,f,f,f,f,f,f,f,f,t,3.6,f,,t,88,t,0.99,t,89,f,,SVI,-,860402061,otro
43,M,f,f,f,f,f,f,f,f,f,f,f,f,f,f,t,1.1,t,2.3,t,121,t,0.88,t,137,f,,SVHC,-,860402065,otro
43,F,f,f,f,f,f,f,f,f,f,f,f,f,f,f,t,2.1,t,0.6,t,87,t,0.87,t,100,f,,SVI,K,860402066,otro
78,F,f,f,f,f,f,f,f,f,f,f,f,f,f,f,t,1.8,t,1.3,t,98,t,1.03,t,95,f,,SVI,-,860402067,otro
75,F,f,f,f,f,f,f,f,f,f,f,f,f,f,f,t,4,f,,t,86,t,0.95,t,91,f,,other,-,860402068,otro
42,F,f,f,f,f,f,f,f,f,f,f,f,t,f,f,t,5.8,t,2.7,t,79,t,1,t,79,f,,other,-,860402077,otro
76,F,f,f,f,f,f,f,t,f,f,f,f,f,f,f,t,3.8,t,2.7,t,97,t,1.19,t,81,f,,other,-,860402079,otro
38,F,f,f,f,f,f,f,f,f,f,t,f,f,f,f,t,5.1,t,1.6,t,91,t,1.08,t,85,f,,SVHC,-,860403001,otro
38,M,f,f,f,f,f,f,f,f,f,f,f,f,f,f,t,2.5,f,,t,95,t,0.99,t,96,f,,other,-,860403004,otro
38,F,f,f,f,f,f,f,f,f,f,f,f,f,f,f,t,7.5,f,,t,76,t,0.95,t,80,f,,other,G,860403006,hipotiroidismo
54,F,f,f,f,f,f,f,f,f,f,f,f,t,f,f,t,3.3,f,,t,115,t,1.33,t,86,f,,other,I,860403007,otro
54,M,f,f,f,f,f,f,f,f,f,f,f,f,f,f,t,3,f,,t,107,t,1.08,t,99,f,,other,-,860403009,otro
62,M,f,f,f,f,f,f,f,f,f,f,f,f,f,f,f,,t,1.1,t,96,t,0.94,t,102,f,,other,-,860403010,otro
73,F,f,f,f,f,f,f,f,f,f,f,f,f,f,f,t,3.8,f,,t,104,t,0.99,t,106,f,,other,-,860403011,otro
73,M,f,f,f,f,f,f,f,f,f,f,f,f,f,f,t,3.9,t,1.9,t,91,t,0.8,t,114,f,,SVHC,-,860403012,otro
70,M,f,f,f,f,f,f,t,f,f,f,f,f,f,f,t,2.3,t,2.8,t,90,t,1.1,t,82,f,,other,-,860403019,otro
37,F,f,f,f,f,f,f,f,f,f,f,f,f,f,f,t,4.2,t,2.2,t,142,f,,f,,f,,STMW,-,860403021,otro
52,M,f,f,f,f,f,f,t,f,t,f,f,f,f,f,t,3.4,t,2.3,t,84,t,0.72,t,117,f,,other,-,860403022,otro
80,F,t,f,f,f,f,f,f,f,f,f,f,f,f,f,t,4.6,t,1.8,t,120,t,1.04,t,116,f,,other,-,860403028,otro
20,F,f,f,t,f,f,f,f,f,f,f,f,f,f,f,t,3.2,t,2.6,t,38,t,1.1,t,35,f,,other,O,860403029,otro
70,F,f,f,f,f,f,f,f,t,f,f,f,f,f,f,t,5.2,t,1.1,t,112,t,0.78,t,143,f,,other,-,860403036,otro
60,F,t,f,f,f,f,f,f,f,f,f,f,f,f,f,t,4.1,t,0.7,t,105,t,0.85,t,124,f,,other,-,860403049,otro
65512,M,f,f,f,f,f,f,f,f,t,f,f,f,f,f,t,0.03,t,2.8,t,112,t,0.84,t,133,f,,other,-,860403050,otro
28,F,t,f,f,f,f,f,f,f,f,f,f,f,f,f,t,0.03,t,2.4,t,220,t,1.48,t,149,f,,other,-,860403053,otro
34,F,f,f,f,f,t,f,f,f,f,f,t,f,f,f,f,,t,2.6,t,82,t,1.02,t,80,f,,other,-,860403054,otro
34,F,f,f,f,f,f,f,f,f,f,f,f,t,f,f,t,0.03,t,3.2,t,123,t,1.08,t,114,f,,other,C,860403055,hipertiroidismo
34,F,f,f,f,f,f,f,t,f,f,f,f,f,f,f,t,0.03,t,2.2,t,105,t,0.85,t,123,f,,other,-,860403056,otro
47,F,f,f,f,f,f,f,f,f,f,f,f,f,f,f,t,2.1,f,,t,93,t,1.03,t,90,f,,other,-,860403057,otro
53,F,f,f,f,f,f,f,f,f,f,f,f,f,f,f,t,0.04,t,1,t,65,t,0.6,t,108,f,,SVI,K,860403062,otro
62,F,t,f,f,f,f,f,f,f,f,f,f,f,f,f,t,0.49,f,,t,111,t,0.9,t,124,f,,other,-,860403063,otro
51,F,f,f,f,f,f,f,f,f,f,f,f,f,f,f,t,1.1,f,,t,108,t,0.99,t,110,f,,other,-,860403065,otro
56,F,t,f,f,f,f,f,f,f,f,f,f,f,f,f,t,1.1,f,,t,120,t,1.03,t,116,f,,other,-,860403066,otro
59,M,f,f,f,f,f,f,f,f,f,f,f,f,f,f,t,0.68,t,1.2,t,23,t,0.17,t,136,f,,other,J,860403067,otro
83,F,f,f,f,f,f,f,f,f,f,f,f,f,f,f,t,0.73,t,2,t,105,t,0.85,t,125,f,,other,-,860403070,otro
67,M,f,f,f,f,f,f,f,f,f,f,f,f,f,f,t,2.3,f,,t,84,t,0.96,t,88,f,,other,-,860403071,otro
36,M,f,f,f,f,f,f,f,f,f,f,t,f,f,f,t,0.04,t,1.7,t,102,t,0.9,t,113,f,,SVI,-,860403073,otro
55,F,f,f,f,f,f,f,f,f,f,f,f,f,f,f,t,0.04,t,1.4,t,130,t,0.85,t,153,f,,SVI,-,860403074,otro
47,F,f,f,f,f,f,f,f,f,f,f,f,f,f,f,t,3.8,f,,t,80,t,0.91,t,88,f,,SVI,-,860403075,otro
51,M,f,f,t,f,f,f,f,f,t,f,f,f,f,f,t,19,t,1.9,t,92,t,0.84,t,110,f,,SVI,G,860403076,hipotiroidismo
64,F,f,f,f,t,f,f,f,f,f,f,f,f,f,f,t,0.88,f,,t,125,t,0.87,t,145,f,,SVI,-,860403077,otro
64,F,f,f,f,f,f,f,f,f,f,f,f,f,f,f,f,,f,,f,,t,0.83,t,114,f,,other,-,860403079,otro
69,M,t,t,f,f,f,f,f,t,f,f,f,f,f,f,t,0.09,f,,t,131,t,0.7,t,186,f,,other,-,860403081,otro
56,F,t,f,f,f,f,f,f,f,f,f,f,f,f,f,t,14,f,,t,110,t,0.97,t,113,f,,other,M,860404004,otro
56,F,f,f,f,f,f,f,f,f,t,f,f,f,f,f,t,0.04,t,3.8,t,162,t,1.04,t,155,f,,SVHD,-,860404010,otro
56,M,f,f,f,f,f,f,f,f,f,f,f,f,f,f,f,,t,1.8,t,130,t,0.91,t,143,f,,SVHC,-,860404020,otro
69,F,f,f,f,f,f,f,f,f,f,f,f,f,f,f,t,3.4,f,,t,131,t,0.92,t,141,f,,other,-,860404022,otro
60,M,t,f,f,f,f,f,t,f,t,f,f,f,f,f,t,0.04,t,2.3,t,155,t,0.7,t,221,f,,other,N,860404023,otro
63,F,f,f,f,f,f,t,f,f,f,f,f,f,f,f,f,,f,,f,,f,,f,,t,33,other,S,860404049,otro
39,F,f,f,f,f,f,f,f,f,t,f,f,f,f,f,t,8.9,t,1.7,t,97,t,0.88,t,111,f,,other,G,860404054,hipotiroidismo
27,F,f,f,f,f,f,f,f,f,f,f,f,f,f,f,t,0.04,t,2.3,t,166,t,0.84,t,198,f,,other,AK,860404055,hipertiroidismo
46,F,f,f,f,f,f,f,f,f,t,f,f,f,f,f,t,35,t,1.2,t,16,t,0.86,t,19,f,,other,F,860404076,hipotiroidismo
46,F,f,f,f,f,f,f,f,f,f,f,f,f,f,f,t,8,f,,t,88,t,0.99,t,89,f,,other,G,860404083,hipotiroidismo
69,F,f,f,f,f,f,f,f,f,f,f,f,f,f,f,t,0.66,f,,t,107,t,0.86,t,124,f,,SVI,-,860404084,otro
63,F,f,f,f,f,f,f,f,t,f,f,f,f,f,f,t,0.15,f,,t,173,t,1.12,t,154,f,,SVI,-,860404086,otro
63,F,f,f,f,t,f,f,f,f,f,f,f,f,f,f,t,2.4,t,2.2,t,113,f,,f,,f,,other,-,860404087,otro
63,F,f,f,f,f,f,f,f,f,f,f,f,f,f,f,f,,t,1.7,t,81,t,0.95,t,86,f,,SVHC,-,860404088,otro
31,M,f,f,f,f,f,f,f,f,f,f,f,f,f,f,f,,t,1.8,t,67,t,0.89,t,72,t,26,other,-,860404089,otro
69,M,f,f,f,f,f,f,f,f,f,f,f,f,f,f,t,0.04,t,1.4,t,199,t,0.98,t,204,f,,other,AK,860404090,hipertiroidismo
60,M,f,f,f,f,f,f,f,f,f,f,f,f,f,t,t,6.2,t,0.7,t,55,t,0.58,t,96,f,,SVHC,GK,860404091,hipotiroidismo
75,F,f,f,f,f,f,f,f,f,f,f,f,f,f,f,f,,t,1.4,t,161,t,0.88,t,183,f,,SVI,AK,860404094,hipertiroidismo
75,,f,f,f,f,f,f,f,f,f,f,f,f,f,f,t,1.3,t,2.3,f,,f,,f,,f,,other,-,860404098,otro
75,,f,f,f,f,f,f,f,f,f,f,f,f,f,f,f,,f,,t,107,t,1.01,t,106,f,,other,-,860404099,otro
89,F,f,f,f,f,f,f,f,t,f,f,f,f,f,f,t,14,f,,f,,f,,f,,f,,other,F,860404112,hipotiroidismo
50,M,f,f,f,f,f,f,f,f,f,f,f,f,f,f,t,2.9,f,,f,,f,,f,,f,,other,-,860404113,otro
28,F,f,f,f,f,f,f,f,f,f,f,f,f,f,t,t,2.1,t,1.7,t,116,t,1.01,t,115,f,,SVHC,-,860407014,otro
72,F,t,f,f,f,f,f,f,t,f,f,f,f,f,f,t,4.5,f,,t,102,t,0.94,t,108,f,,other,-,860407015,otro
61,F,t,f,f,f,f,f,f,t,f,f,f,f,f,f,t,6.8,t,0.9,t,96,t,1.01,t,95,f,,other,MK,860407035,otro
39,F,f,f,f,f,f,f,f,f,t,f,f,f,f,f,t,2.1,t,3.1,t,153,t,1.6,t,96,f,,other,I,860407037,otro
62,F,f,f,f,f,f,f,f,t,f,f,f,f,f,f,t,0.18,t,1.5,t,103,f,,f,,f,,other,-,860407038,otro
39,F,t,f,f,f,f,f,f,f,f,f,f,f,f,f,t,0.07,t,2.4,t,37,t,0.81,t,45,f,,other,M,860407044,otro
39,F,t,f,f,f,f,f,f,f,f,f,f,f,f,f,t,1.1,f,,t,106,t,0.91,t,117,f,,other,-,860407045,otro
69,F,f,f,f,f,f,f,f,f,f,f,f,f,f,f,t,2.9,f,,t,110,t,1.03,t,107,f,,other,-,860407047,otro
25,F,f,f,f,f,f,f,f,f,f,f,f,f,f,f,f,,f,,t,110,t,1.08,t,102,f,,other,-,860407052,otro
70,F,f,f,f,f,f,f,f,f,f,f,f,f,f,f,t,1,f,,t,123,t,0.85,t,145,f,,SVI,-,860407060,otro
67,F,f,f,f,f,f,f,f,t,f,f,f,f,f,f,t,44,f,,t,31,t,1.04,t,29,f,,other,F,860407061,hipotiroidismo
13,F,f,f,f,f,f,f,f,f,f,f,f,f,f,f,t,5,t,1,t,103,t,0.72,t,142,f,,SVI,K,860407063,otro
13,F,f,f,f,f,f,f,f,f,f,f,f,f,f,f,t,3.9,f,,t,76,t,0.98,t,77,f,,other,-,860407065,otro
13,F,f,f,f,f,f,f,f,f,f,f,f,f,f,f,t,1.5,f,,t,106,t,1.07,t,99,f,,other,-,860407066,otro
73,F,f,f,f,f,f,f,f,f,t,f,f,f,f,f,t,2.3,t,1.6,t,77,t,1.04,t,75,f,,SVI,-,860408023,otro
77,F,t,f,f,f,f,f,f,f,f,f,f,f,f,f,f,,f,,f,,f,,f,,t,21,other,-,860408029,otro
36,M,f,f,f,f,f,f,f,f,t,f,f,f,f,f,t,0.07,t,4.1,t,153,t,0.86,t,178,f,,other,A,860408031,hipertiroidismo
34,F,f,f,f,f,f,f,f,f,t,f,f,f,f,f,t,2.4,t,1.6,t,110,t,1.04,t,105,f,,other,-,860408033,otro
75,F,f,f,f,f,f,f,f,f,f,f,f,f,f,f,t,2.6,f,,t,53,t,0.54,t,98,f,,other,J,860408042,otro
75,M,f,f,f,f,f,f,f,f,f,f,f,f,f,f,t,0.075,t,3,t,139,t,0.98,t,141,f,,SVHC,-,860408043,otro
77,F,f,f,f,f,f,f,f,f,f,f,f,f,f,f,t,6.6,t,1.3,t,146,t,1.06,t,137,f,,SVHC,G,860408057,hipotiroidismo
73,F,f,f,f,f,f,f,f,f,f,t,f,f,f,f,t,3.3,t,0.9,t,90,t,0.88,t,102,f,,SVHC,K,860408059,otro
73,F,f,f,f,f,f,f,f,f,f,f,f,f,f,f,f,,t,2.1,t,132,t,0.92,t,143,f,,SVHC,-,860408061,otro
71,M,f,f,f,f,f,f,f,f,f,f,f,f,f,f,t,0.69,f,,t,135,t,1.02,t,133,f,,SVI,-,860408062,otro
57,F,f,f,f,f,f,f,f,f,f,f,f,f,f,f,t,0.04,t,1.3,t,121,t,0.8,t,152,f,,SVI,-,860408064,otro
57,M,f,f,f,f,f,f,f,f,f,f,f,f,f,f,t,2.4,t,1.9,t,124,t,1.08,t,115,f,,SVHC,-,860408065,otro
86,M,f,f,f,f,f,f,f,f,f,f,f,f,f,f,t,1.4,f,,t,116,t,0.93,t,125,f,,SVI,-,860408067,otro
86,M,f,f,f,f,f,f,f,f,f,f,f,f,f,f,f,,t,2.2,t,84,t,0.77,t,110,f,,other,-,860408068,otro
76,F,t,f,f,f,f,f,f,t,f,f,f,f,f,f,t,6.5,f,,t,84,t,0.86,t,97,f,,other,M,860408069,otro
60,M,t,f,f,f,f,t,f,f,t,f,f,f,f,f,t,0.075,t,1.3,t,131,t,0.93,t,142,f,,other,-,860408070,otro
66,F,f,f,f,f,f,f,f,f,f,f,f,f,f,f,t,2.2,t,1.6,t,77,t,0.85,t,90,f,,other,-,860408071,otro
77,F,f,f,f,f,f,f,f,f,f,f,f,f,f,f,t,0.43,f,,t,93,t,0.93,t,100,f,,other,-,860409006,otro
72,F,f,f,f,t,f,f,f,f,f,f,f,f,f,f,t,0.45,f,,t,119,t,1.15,t,104,f,,SVHD,-,860409009,otro
41,M,f,f,f,f,f,f,f,f,f,f,f,f,f,f,t,0.61,t,1.7,t,108,t,0.8,t,135,f,,SVHC,-,860409010,otro
61,F,f,f,f,f,f,f,f,f,f,f,f,f,f,f,t,2.4,f,,t,176,t,0.93,t,189,f,,other,R,860409011,otro
61,F,f,f,f,f,f,f,f,f,f,f,f,f,f,f,t,3.2,f,,t,147,t,1.34,t,110,f,,other,I,860409013,otro
35,F,t,f,f,f,f,f,f,f,f,f,f,f,f,f,t,2.9,f,,t,100,t,0.98,t,102,f,,STMW,-,860409014,otro
26,F,f,f,f,f,t,f,f,f,f,f,f,t,f,f,t,0.88,f,,t,119,t,1.52,t,78,f,,STMW,I,860409017,otro
46,F,f,f,f,f,f,f,f,f,t,f,f,f,f,f,t,0.07,t,3.8,t,148,f,,f,,f,,other,-,860409027,otro
61,F,f,f,f,f,f,f,f,f,f,f,f,f,f,f,t,0.72,t,1.5,t,151,f,,f,,f,,other,R,860409038,otro
61,M,f,f,f,t,f,f,f,f,f,f,f,f,f,f,f,,f,,f,,f,,f,,t,24,other,-,860409048,otro
62,F,f,f,f,t,f,f,f,f,f,f,f,f,f,f,t,1.9,t,2.1,t,116,t,1.12,t,103,f,,SVHD,-,860409054,otro
56,F,f,f,f,f,f,f,f,f,f,f,f,f,f,f,t,0.3,t,1.6,t,131,t,0.95,t,138,f,,other,-,860409061,otro
28,F,t,f,f,f,f,f,f,f,t,f,f,f,f,f,t,0.07,f,,t,172,t,1.71,t,101,f,,other,-,860409069,otro
84,F,f,f,f,f,f,f,f,f,f,f,f,f,f,f,t,1.7,t,1.8,t,82,t,0.92,t,89,f,,other,-,860409073,otro
66,F,f,f,f,f,f,f,f,t,f,f,f,f,f,f,t,48,t,0.5,t,4.2,t,1.36,t,3.1,f,,other,F,860410001,hipotiroidismo
74,F,f,t,f,f,f,f,f,f,f,f,f,f,f,f,t,0.3,t,0.9,t,104,t,0.78,t,133,f,,SVI,K,860410002,otro
74,F,f,f,f,f,f,f,f,f,f,f,f,f,f,f,t,1.2,f,,t,123,t,1.18,t,104,f,,other,-,860410004,otro
63,M,f,f,f,f,f,f,f,f,f,f,f,f,f,t,t,4.4,f,,t,136,t,1,t,136,f,,SVI,-,860410007,otro
80,F,f,f,f,f,f,f,f,f,f,f,f,f,f,f,t,8.299999,f,,t,115,t,0.86,t,134,f,,SVI,G,860410008,hipotiroidismo
25,F,t,f,f,f,f,f,f,f,f,f,f,f,f,f,t,28,t,1.1,t,87,t,0.94,t,93,f,,other,MK,860410024,otro
32,F,f,f,f,f,f,f,f,f,f,f,f,f,f,f,t,1.4,f,,t,88,t,0.78,t,113,f,,other,-,860410040,otro
60,F,f,f,f,f,f,f,f,f,f,f,f,f,f,f,t,1.5,f,,t,157,t,1.06,t,148,f,,SVI,-,860410041,otro
33,F,f,f,f,f,f,f,f,f,f,f,f,f,f,f,t,1.6,f,,t,141,t,1.36,t,104,f,,other,I,860410043,otro
33,M,f,f,f,f,f,f,f,f,f,f,f,f,f,f,f,,t,1.6,t,65,t,0.76,t,86,f,,SVHC,-,860410044,otro
37,F,t,f,f,f,f,f,f,f,f,f,f,f,f,f,t,1.8,t,2.1,t,184,t,1.41,t,130,f,,other,-,860410054,otro
42,F,f,f,f,f,f,f,f,t,f,f,f,f,f,f,t,1.4,t,2.3,t,95,t,0.98,t,97,f,,other,-,860410055,otro
22,M,f,f,f,f,f,f,f,f,f,f,f,f,f,f,f,,t,1,t,79,t,0.86,t,92,f,,other,-,860410056,otro
67,F,t,f,f,f,f,f,f,f,f,f,f,f,f,f,t,2,t,1.9,t,101,t,0.96,t,105,f,,other,-,860410057,otro
52,M,f,f,f,f,f,f,f,f,f,f,f,f,f,f,t,1.9,f,,t,110,t,0.81,t,137,f,,SVI,-,860410060,otro
54,M,f,f,f,f,f,f,f,f,f,f,f,f,f,f,t,5.5,f,,t,57,t,0.65,t,87,f,,SVI,-,860410061,otro
74,M,f,f,f,t,f,f,f,f,f,f,f,f,f,f,t,2.5,f,,t,112,t,0.96,t,116,f,,SVI,-,860410062,otro
35,F,f,f,f,f,f,f,f,f,f,f,f,f,f,t,t,2.1,t,1.3,t,52,t,0.83,t,63,f,,SVHC,R,860410064,otro
56,M,f,f,f,f,f,f,f,f,f,f,f,t,f,f,t,1.7,f,,t,127,t,0.94,t,136,f,,SVI,-,860410065,otro
28,F,f,f,f,f,f,f,f,f,f,f,f,f,f,f,t,3.2,t,1.4,t,95,t,0.9,t,105,f,,other,-,860410066,otro
38,F,f,f,f,f,f,f,f,t,t,f,f,f,f,f,t,1.1,t,1.8,t,81,t,0.87,t,93,f,,other,-,860410071,otro
63,F,t,f,f,f,f,f,t,f,f,f,f,f,f,f,t,4.1,t,1.8,t,100,t,1.21,t,83,f,,other,-,860410097,otro
57,F,f,t,f,f,f,f,f,f,f,f,f,f,f,f,t,0.07,f,,t,142,t,0.87,t,163,f,,other,A,860410098,hipertiroidismo
62,F,t,f,f,f,f,f,f,f,f,f,f,f,f,f,t,0.07,t,2,t,209,t,0.96,t,218,f,,other,N,860410101,otro
44,F,f,f,f,f,f,f,f,f,f,f,f,f,f,f,t,28,f,,t,85,t,1.01,t,84,f,,other,G,860410106,hipotiroidismo
16,F,f,f,f,f,f,f,f,f,f,f,f,f,f,f,t,0.48,f,,t,161,t,0.87,t,185,f,,other,R,860411003,otro
13,M,f,f,f,f,f,f,f,f,f,f,f,f,f,f,t,0.13,f,,t,139,t,0.89,t,156,f,,other,-,860411004,otro
55,F,f,f,f,f,f,f,f,f,f,f,f,f,f,f,t,2.4,f,,t,90,t,1.03,t,87,f,,other,-,860411006,otro
58,F,f,f,f,f,f,f,f,f,f,f,f,f,f,f,t,28,f,,t,86,t,1.02,t,84,f,,other,G,860411007,hipotiroidismo
52,F,f,f,f,f,f,f,f,f,f,f,f,f,f,f,t,25,f,,t,33,t,0.96,t,34,f,,other,F,860411008,hipotiroidismo
52,F,t,f,f,f,f,f,f,f,f,f,f,f,f,f,t,1.2,t,2.1,t,144,t,1.25,t,115,f,,other,-,860411009,otro
68,F,t,f,f,f,f,f,f,f,f,f,f,f,f,f,t,0.16,f,,t,100,t,0.91,t,110,f,,other,-,860411010,otro
24,F,f,f,f,f,f,f,f,t,f,f,f,f,f,f,t,2.5,t,3.1,t,119,t,1.23,t,97,f,,other,-,860411023,otro
22,F,f,f,f,f,f,f,f,f,t,f,f,f,f,f,t,0.055,t,6.2,t,386,t,1.02,t,378,f,,other,A,860411024,hipertiroidismo
32,F,f,f,f,f,f,f,f,f,f,f,f,f,f,f,t,1.6,f,,t,138,t,1.48,t,93,f,,STMW,I,860411027,otro
78,F,f,f,f,f,f,f,f,f,f,f,f,f,f,f,t,0.9,t,1.8,t,100,t,0.91,t,110,f,,other,-,860411028,otro
84,F,f,f,f,f,f,f,f,f,f,f,f,f,f,f,t,2.1,f,,t,95,t,0.63,t,151,f,,other,-,860411029,otro
84,M,f,f,f,f,f,f,f,f,f,f,f,f,f,t,f,,t,2.9,t,139,t,0.93,t,150,f,,SVHC,R,860411030,otro
76,F,f,f,f,t,f,f,f,f,f,f,f,f,f,f,t,1.3,f,,t,83,t,0.96,t,87,f,,other,-,860411031,otro
29,F,f,f,f,f,f,f,f,f,f,f,f,f,f,f,t,1.5,t,2.4,t,133,t,1.09,t,122,f,,other,-,860411050,otro
79,F,t,f,f,f,f,f,f,f,f,f,f,f,f,f,t,11,f,,t,127,t,0.93,t,137,f,,other,M,860411061,otro
51,M,f,f,f,f,f,f,f,f,f,f,f,f,f,f,t,4.9,f,,t,100,t,0.81,t,122,f,,SVI,-,860411062,otro
57,F,f,f,f,f,f,f,f,f,f,f,f,f,f,f,t,5.8,t,1.3,t,57,f,,f,,f,,other,H|K,860411063,otro
57,F,f,f,f,f,f,f,f,f,f,f,f,f,f,t,t,11,t,2.1,t,75,t,1.01,t,74,f,,SVHC,G,860411064,hipotiroidismo
83,M,f,f,f,f,f,f,f,f,f,f,f,f,f,f,t,0.79,t,1.3,t,108,t,0.76,t,141,f,,SVI,-,860411066,otro
33,F,t,f,f,f,f,f,f,f,f,f,f,f,f,f,t,0.42,f,,t,125,t,0.86,t,145,f,,other,-,860411078,otro
56,F,f,f,f,f,f,f,f,f,f,f,f,f,f,f,t,1.6,f,,t,149,t,1.06,t,140,f,,STMW,-,860414001,otro
33,,f,f,f,f,t,f,f,f,f,f,f,f,f,f,t,0.62,f,,t,132,t,1.87,t,71,f,,STMW,I,860414002,otro
48,M,f,f,f,f,f,f,f,f,f,f,f,f,f,f,t,1.1,f,,t,149,t,1.29,t,116,f,,other,I,860414008,otro
49,M,f,f,f,f,f,f,f,f,f,f,f,f,f,f,t,1.1,f,,t,76,t,0.71,t,107,f,,other,-,860414009,otro
77,F,f,f,f,f,f,f,f,f,f,f,f,f,f,f,t,141,t,0.05,t,3,t,1.06,t,3,f,,other,F,860414013,hipotiroidismo
49,M,f,f,f,f,f,f,f,f,f,f,f,f,f,f,t,1.7,f,,t,85,t,0.79,t,107,f,,other,-,860414030,otro
29,F,f,f,f,f,f,f,f,f,f,f,f,f,f,f,t,3.9,t,1,t,126,t,1.08,t,117,f,,other,-,860414031,otro
29,F,f,f,f,f,f,f,f,f,f,f,f,f,f,f,f,,t,0.5,f,,f,,f,,f,,SVI,-,860414032,otro
29,F,f,f,f,f,f,f,f,f,f,f,f,f,f,f,t,0.45,t,0.6,t,79,t,0.54,t,148,f,,SVHC,K,860414034,otro
64,F,t,f,f,f,f,f,f,f,f,f,f,f,f,f,t,1.7,f,,t,119,t,1.01,t,119,f,,other,-,860414041,otro
65,F,f,f,f,f,f,f,f,f,f,f,f,f,f,f,t,2,t,0.9,t,112,t,0.94,t,119,f,,other,-,860414048,otro
37,F,f,f,f,f,f,f,f,f,f,f,f,f,f,f,t,1.4,t,1.6,t,81,t,1.1,t,74,f,,other,-,860414051,otro
30,F,f,f,f,f,f,f,f,f,f,f,f,f,f,f,t,4.8,t,1.5,t,82,t,1.13,t,73,f,,other,-,860414052,otro
30,F,f,f,f,f,f,f,f,f,f,f,f,f,f,f,t,2.3,f,,t,125,t,1.09,t,114,f,,other,-,860414056,otro
30,M,t,f,f,f,f,f,f,f,f,f,f,f,f,f,t,0.13,f,,t,103,t,0.79,t,130,f,,other,-,860414059,otro
35,F,f,f,f,f,f,f,f,f,f,f,f,f,f,f,t,0.77,t,1.5,t,141,t,1.05,t,134,f,,other,-,860415015,otro
70,F,f,f,f,f,f,f,f,f,f,f,f,f,f,f,t,1.3,t,0.05,t,20,t,0.65,t,31,f,,SVI,K,860415016,otro
58,M,f,f,f,f,f,f,f,f,f,f,f,f,f,f,t,0.61,f,,t,123,t,0.96,t,128,f,,SVI,-,860415020,otro
19,M,f,f,f,f,f,f,f,f,f,f,f,f,f,f,t,1.5,t,1.1,t,105,t,0.81,t,129,f,,SVHC,K,860415021,otro
39,M,f,f,f,f,f,f,f,f,f,f,f,f,f,f,t,2.1,f,,t,162,t,1.19,t,136,f,,SVHC,I,860415022,otro
59,F,f,f,f,f,f,f,f,f,f,f,f,f,f,f,t,7,f,,t,77,t,0.98,t,78,f,,other,G,860415024,hipotiroidismo
66,F,t,f,f,f,f,f,f,f,f,f,f,f,f,f,t,3.2,f,,t,80,t,0.72,t,110,f,,SVI,-,860415027,otro
62,F,t,f,f,f,f,f,f,f,f,f,f,f,f,f,t,0.23,f,,t,118,t,0.87,t,136,f,,other,-,860415030,otro
62,,f,f,f,f,f,f,f,f,f,f,f,f,f,f,t,21,t,1.4,t,88,t,0.77,t,115,f,,other,G,860415041,hipotiroidismo
53,,f,t,f,f,f,f,f,f,f,f,f,f,f,f,t,0.29,f,,t,75,t,0.47,t,160,f,,SVI,-,860415049,otro
46,F,f,f,f,f,f,f,f,f,f,f,f,f,f,f,t,2,f,,t,152,t,0.99,t,154,f,,SVI,-,860415052,otro
73,F,f,f,f,f,f,f,f,f,t,f,f,f,f,f,t,2.4,t,1.3,t,43,t,0.9,t,48,f,,other,O,860415053,otro
37,F,f,f,f,f,f,f,f,f,f,f,f,t,f,f,t,0.69,f,,t,123,t,0.97,t,128,f,,other,-,860415056,otro
37,F,f,f,f,t,f,f,f,f,f,f,f,f,f,f,t,1.6,f,,t,142,t,1.23,t,115,f,,other,-,860415057,otro
51,F,t,f,f,f,f,f,f,f,f,f,f,f,f,f,t,0.065,f,,t,248,t,1.43,t,173,f,,other,N,860415058,otro
51,,f,f,f,f,f,f,f,f,f,f,f,f,f,f,f,,f,,f,,f,,f,,t,36,other,S,860415063,otro
51,,f,f,f,f,f,f,f,f,f,f,f,f,f,f,t,1.1,t,5.3,t,116,t,0.97,t,119,f,,other,-,860415065,otro
46,F,f,f,f,f,f,f,f,f,f,f,f,f,f,f,t,0.07,t,3.8,t,148,f,,f,,f,,other,-,860415069,otro
46,F,f,f,f,f,f,f,f,f,f,f,f,f,f,f,t,3,t,1.3,t,127,t,1.11,t,115,f,,SVHC,-,860416002,otro
46,F,f,f,f,f,f,f,f,f,f,f,f,f,f,f,t,1.2,t,1.4,t,140,t,0.9,t,156,f,,SVI,R,860416003,otro
30,M,t,f,t,f,f,f,f,f,f,f,f,f,f,f,t,0.99,t,1.9,t,119,t,0.83,t,143,f,,other,-,860416012,otro
30,F,t,f,f,f,f,f,f,f,f,f,f,f,f,f,t,2,t,1.9,t,107,t,0.85,t,126,f,,other,-,860416032,otro
63,M,f,f,f,f,f,f,f,f,f,f,f,f,f,f,t,3.1,f,,t,55,t,0.9,t,62,f,,other,K,860416037,otro
74,F,f,t,f,f,f,f,f,f,f,f,f,f,f,f,t,0.36,t,1.3,t,96,t,0.75,t,129,f,,SVI,-,860416038,otro
55,M,f,f,f,f,f,f,f,f,f,f,f,f,f,f,t,3.2,f,,t,111,t,1.02,t,109,f,,SVI,-,860416042,otro
54,F,t,f,f,f,f,f,f,f,f,f,f,f,f,f,t,0.065,t,1.7,t,148,t,0.95,t,155,f,,other,-,860416053,otro
25,M,f,f,f,f,f,f,f,f,f,f,f,f,f,t,t,2.8,t,2.6,t,111,t,0.87,t,127,f,,SVHC,-,860416054,otro
37,F,f,f,f,f,f,f,f,f,f,f,f,f,f,f,t,0.13,t,2.5,t,173,t,1.08,t,161,f,,other,R,860416055,otro
55,F,t,f,f,f,f,f,f,f,f,f,f,f,f,f,t,2.4,t,2.3,t,143,t,0.95,t,151,f,,other,-,860417003,otro
55,F,f,f,f,f,f,f,f,f,f,f,f,f,f,f,t,1,t,2.1,t,100,t,0.77,t,130,f,,SVHC,-,860417004,otro
82,F,f,f,f,f,f,f,f,f,f,f,f,f,f,f,t,6.2,t,1.5,t,99,t,0.9,t,110,f,,SVHC,G,860417005,hipotiroidismo
77,M,f,f,f,t,f,f,f,f,f,f,f,f,f,f,t,1.7,t,1.9,t,80,t,0.9,t,90,f,,SVHD,-,860417008,otro
75,F,t,f,f,f,f,f,f,f,f,f,f,f,f,f,t,21,t,1.6,t,124,t,1.09,t,114,f,,other,M,860417023,otro
74,F,f,f,f,f,f,f,f,f,t,f,f,f,f,f,t,0.19,t,1.9,t,109,t,0.97,t,112,f,,other,-,860417024,otro
24,F,f,f,f,f,f,f,f,f,f,f,f,t,f,f,t,1.04,t,2.5,t,116,t,0.89,t,131,f,,other,-,860417029,otro
32,F,f,f,f,f,f,f,f,f,f,f,f,f,f,f,t,5.9,t,1.2,t,53,t,0.79,t,67,f,,other,-,860417030,otro
55,F,f,f,f,f,f,f,f,f,f,f,f,f,f,f,t,1.2,f,,t,63,t,0.89,t,71,f,,SVI,-,860417044,otro
63,F,f,f,f,f,f,f,f,f,f,f,f,f,f,f,t,0.75,f,,t,98,t,0.72,t,135,f,,other,-,860417045,otro
84,F,t,f,f,f,f,f,f,f,f,f,f,f,f,f,t,2.2,f,,t,92,t,0.63,t,146,f,,SVI,-,860417046,otro
84,F,f,f,f,f,f,f,f,t,f,f,f,f,f,f,t,4,t,2.4,t,123,f,,f,,f,,other,-,860417047,otro
78,F,f,f,f,f,f,f,f,f,f,f,f,f,f,f,t,3.2,t,1.1,t,126,t,0.89,t,142,f,,SVI,K,860417048,otro
53,M,f,f,f,f,f,f,f,f,f,f,f,f,f,f,t,2.5,t,2.2,t,126,f,,f,,f,,other,-,860417049,otro
83,M,f,f,f,f,f,f,f,f,f,f,f,f,f,f,t,1.9,t,0.5,t,134,t,0.73,t,183,f,,SVHC,-,860417055,otro
37,M,f,f,f,f,f,f,f,f,f,f,f,f,f,f,t,0.61,t,1.1,t,73,t,0.79,t,93,f,,SVI,K,860417056,otro
42,F,f,f,f,f,f,f,f,t,f,f,f,f,f,f,t,2,t,1.8,t,126,t,0.91,t,138,f,,other,-,860417057,otro
56,F,f,t,f,f,f,f,f,f,f,f,f,f,f,f,f,,f,,t,109,t,0.89,t,122,f,,other,-,860417059,otro
75,F,t,f,f,f,f,f,f,f,f,f,f,f,f,f,t,4.8,t,1.6,t,93,t,0.96,t,96,f,,other,-,860417061,otro
32,F,t,f,f,f,f,f,f,f,f,f,f,f,f,f,f,,t,2.3,t,157,t,1.05,t,150,f,,other,-,860417065,otro
32,,f,f,f,f,f,f,f,f,f,f,f,f,f,t,t,3.7,t,2.1,t,124,t,0.95,t,131,f,,SVHC,-,860417067,otro
32,M,f,f,f,f,f,f,f,f,f,f,f,f,f,f,t,1.1,f,,t,90,t,0.79,t,114,f,,other,-,860417068,otro
50,F,t,f,f,f,f,f,f,f,f,f,f,f,f,f,t,0.1,f,,t,163,t,0.89,t,182,f,,other,N,860417069,otro
32,F,f,f,f,f,f,f,f,t,f,f,f,f,f,f,t,1.2,f,,t,104,t,0.96,t,108,f,,other,-,860417092,otro
48,F,f,f,f,f,f,f,f,f,t,f,f,f,f,f,t,2.9,t,1.7,t,75,t,0.97,t,77,f,,other,-,860418001,otro
34,F,f,f,f,f,f,f,f,f,f,f,f,f,f,f,t,4.5,f,,t,74,t,1.36,t,54,f,,other,I,860418002,otro
17,F,f,f,f,t,f,f,f,f,f,f,f,f,f,f,t,1.2,f,,t,153,t,1.31,t,116,f,,other,-,860418003,otro
68,F,f,f,f,f,f,f,f,t,f,f,f,f,f,f,t,1.6,f,,t,96,t,0.96,t,100,f,,SVI,-,860418004,otro
59,F,f,f,f,f,f,f,f,f,f,f,f,f,f,f,t,0.1,t,1.7,t,122,t,0.91,t,135,f,,SVI,-,860418006,otro
59,M,f,f,f,f,f,f,f,f,f,f,f,f,f,f,t,0.65,f,,t,114,t,0.96,t,118,f,,other,-,860418009,otro
59,F,f,f,f,f,f,f,f,f,f,f,f,f,f,f,t,2.4,f,,t,88,t,0.82,t,108,f,,SVI,-,860418025,otro
62,F,f,f,f,f,f,f,f,t,f,f,f,f,f,f,t,3.6,t,1.8,t,139,t,1.11,t,125,f,,SVI,-,860418028,otro
58,F,f,f,f,f,f,f,f,f,f,f,f,f,f,f,t,1.3,t,1.8,t,111,t,0.92,t,120,f,,SVI,-,860418029,otro
59,F,f,f,f,f,f,f,f,f,f,f,f,f,f,f,t,2.6,t,2.1,t,115,t,0.9,t,129,f,,SVI,-,860418030,otro
21,F,f,f,f,f,f,f,f,f,f,f,f,f,f,f,f,,f,,f,,f,,f,,t,29,other,-,860418044,otro
15,M,f,f,f,f,f,f,f,f,f,f,f,f,f,f,t,3.3,t,2.5,t,144,t,1.19,t,121,f,,SVI,-,860418053,otro
15,F,f,f,f,f,f,f,f,f,f,f,f,f,f,f,t,3.3,t,2.3,t,120,t,1.09,t,110,f,,other,-,860418054,otro
15,F,f,f,f,f,f,f,f,f,f,f,f,f,f,f,f,,f,,f,,f,,f,,t,110,other,S,860418066,otro
15,F,f,f,f,f,f,f,f,f,f,f,f,f,f,f,t,1.3,f,,t,156,t,1.02,t,152,f,,other,-,860421001,otro
15,M,f,f,f,f,f,f,f,f,f,f,f,f,f,f,t,0.9,t,2.9,t,101,t,0.96,t,106,f,,SVI,-,860421003,otro
26,M,f,f,f,f,f,f,f,f,f,f,f,f,f,f,t,0.73,t,2.9,t,102,t,0.88,t,116,f,,SVHC,-,860421005,otro
58,,f,f,f,t,f,f,f,f,f,f,f,f,f,f,t,1.1,f,,t,118,t,1.04,t,113,f,,other,-,860421012,otro
35,F,f,f,f,f,t,f,f,f,f,f,f,f,f,f,t,0.39,f,,t,196,t,1.7,t,115,f,,STMW,I,860421013,otro
20,F,f,f,f,f,f,f,f,f,f,f,f,t,f,f,t,1.5,f,,t,103,t,1.12,t,92,f,,STMW,-,860421014,otro
20,F,t,f,f,f,f,f,f,t,t,f,f,f,f,f,t,2,t,1.8,t,130,t,1.01,t,128,f,,other,-,860421021,otro
64,F,f,f,f,f,f,f,f,f,f,f,f,f,f,f,t,2.6,f,,t,142,t,1.2,t,118,f,,other,-,860421022,otro
26,F,f,f,f,f,f,f,f,f,f,f,f,f,f,f,f,,f,,f,,f,,f,,t,44,other,S,860421030,otro
66,F,f,f,f,f,f,f,f,f,f,f,f,f,f,f,t,0.87,t,1.8,t,110,t,0.89,t,124,f,,other,-,860421032,otro
66,F,t,f,f,f,f,f,f,f,f,f,f,f,f,f,t,0.16,f,,t,140,t,0.74,t,189,f,,other,L,860421042,otro
73,F,t,f,f,f,t,f,f,f,f,f,f,f,f,f,t,1.2,t,1.8,t,121,t,0.91,t,134,f,,other,-,860421046,otro
73,F,f,f,f,f,f,f,f,f,f,f,f,t,f,f,t,0.85,t,2.1,t,93,f,,f,,f,,other,-,860421047,otro
81,F,f,f,f,f,f,f,f,t,f,f,f,f,f,f,t,0.67,f,,t,112,t,0.95,t,118,f,,other,-,860421048,otro
24,,f,f,f,f,f,f,f,f,f,f,f,f,f,f,t,1.9,t,2.2,t,77,t,0.78,t,100,f,,SVHC,-,860421049,otro
18,M,f,f,f,f,f,f,f,f,f,f,f,f,f,f,t,0.48,t,1.5,t,87,t,0.87,t,100,f,,SVHC,-,860421050,otro
32,M,f,f,f,f,f,f,f,f,f,f,f,f,f,f,t,1.7,t,1.7,t,101,t,0.8,t,126,f,,SVHC,-,860421051,otro
83,F,f,f,f,f,f,f,f,f,f,f,f,f,f,f,t,7,f,,t,148,t,0.87,t,170,f,,SVI,-,860421052,otro
58,M,f,f,f,f,f,f,f,f,f,f,f,f,f,f,t,0.95,f,,t,120,t,1.08,t,110,f,,other,-,860421053,otro
46,M,f,f,f,f,f,f,f,f,f,f,f,f,f,t,t,3,t,2.3,t,85,t,0.9,t,94,f,,SVI,-,860421055,otro
61,F,f,f,f,f,f,f,f,f,f,f,f,f,f,f,t,1.2,t,0.9,t,97,t,0.93,t,104,f,,SVI,K,860421056,otro
61,,f,f,f,f,f,f,f,f,f,f,f,f,f,f,t,0.39,f,,t,139,t,0.78,t,179,f,,SVI,-,860421057,otro
76,M,f,f,f,t,f,f,f,f,f,f,f,f,f,f,t,1.5,t,1.9,t,95,t,0.91,t,118,f,,SVI,-,860421059,otro
74,F,f,f,f,f,f,f,f,f,f,f,f,f,f,f,t,2.1,t,0.7,t,89,t,0.72,t,123,f,,other,K,860421060,otro
40,F,t,f,f,f,f,f,f,f,f,f,f,f,f,f,t,0.44,t,1.9,t,146,t,0.85,t,172,f,,other,-,860421071,otro
40,M,f,f,f,f,f,f,f,f,f,f,f,f,f,t,f,,t,2.1,t,100,t,0.96,t,104,f,,SVHC,-,860422004,otro
40,M,f,f,f,f,f,f,f,f,f,f,f,f,f,f,f,,t,1.6,t,99,t,0.71,t,140,f,,SVHC,-,860422005,otro
55,F,f,f,f,f,f,f,f,f,f,f,f,f,f,f,t,0.31,f,,t,177,t,0.91,t,194,f,,STMW,R,860422018,otro
63,M,f,f,f,f,f,f,f,f,f,f,f,f,f,f,t,1.3,t,2.4,t,91,t,0.79,t,115,f,,SVI,-,860422019,otro
45,M,f,f,f,f,f,f,f,f,f,f,f,f,f,f,t,2.1,f,,t,117,t,0.99,t,118,f,,other,-,860422026,otro
33,F,f,f,f,f,f,t,f,f,f,f,f,f,f,f,t,8.799999,t,2,t,91,t,0.82,t,111,f,,other,Q,860422027,otro
49,M,t,f,f,f,f,f,f,f,f,f,f,f,f,f,t,2.1,f,,t,183,t,1.02,t,179,f,,other,L,860422030,otro
72,F,f,f,f,f,f,f,t,f,t,f,f,f,f,f,t,0.135,t,2.2,t,112,t,0.95,t,118,f,,other,-,860422035,otro
59,F,f,f,f,f,f,f,f,f,f,f,t,f,f,f,t,0.09,f,,t,172,t,0.96,t,180,f,,SVI,L,860422039,otro
76,F,f,f,f,f,f,f,f,f,f,f,f,f,f,f,t,1.6,t,2.2,t,131,t,1.06,t,123,f,,SVI,-,860422040,otro
53,F,f,f,f,f,f,f,f,f,f,f,f,f,f,f,t,1,t,0.9,t,93,t,0.85,t,109,f,,SVI,K,860422041,otro
53,M,f,f,f,f,f,f,f,f,f,f,f,f,f,f,t,3.6,t,2.5,t,123,t,1,t,123,f,,SVI,-,860422042,otro
35,F,f,f,f,f,f,f,f,f,f,f,f,f,f,f,t,3.3,t,2.9,t,132,t,1.06,t,124,f,,SVI,I,860422043,otro
38,F,t,f,f,f,t,f,f,f,f,f,f,f,f,f,t,0.135,f,,t,146,t,1.41,t,104,f,,other,I,860422045,otro
33,M,f,f,f,f,f,f,f,f,t,f,f,f,f,f,t,2.1,t,3.9,t,115,t,1.04,t,110,f,,other,-,860422055,otro
26,,f,f,f,f,f,f,f,f,f,f,f,f,f,f,t,1,t,2.3,t,140,t,1.1,t,127,f,,other,-,860422057,otro
26,F,f,f,f,f,f,f,f,f,f,f,f,f,f,f,t,3.1,t,1.5,t,113,t,0.93,t,122,f,,other,-,860422058,otro
28,M,f,f,f,f,f,f,f,f,f,f,f,f,f,f,t,0.99,t,2.6,t,152,t,1.13,t,135,f,,SVHC,-,860422059,otro
38,F,f,f,f,f,f,f,f,f,f,f,f,f,f,f,t,1.6,t,3.2,t,134,t,0.98,t,137,f,,SVHC,I,860422060,otro
47,M,f,f,f,f,f,f,f,f,t,f,f,f,f,f,t,0.49,t,1.7,t,101,t,0.75,t,134,f,,other,-,860422061,otro
38,F,f,f,f,f,f,f,f,t,t,f,f,f,f,f,t,2.5,t,2,t,128,t,1.12,t,115,f,,other,-,860422074,otro
52,F,f,f,f,f,f,f,f,f,f,f,f,f,f,f,t,4.6,t,0.9,t,105,t,0.72,t,145,f,,SVI,K,860423001,otro
27,F,f,f,f,f,t,f,f,f,f,f,f,f,f,f,t,0.36,t,2.4,t,114,t,1,t,115,f,,STMW,-,860423002,otro
54,M,f,f,f,f,f,f,f,f,f,f,f,f,f,t,t,0.91,t,1.8,t,125,t,0.74,t,169,f,,other,R,860423006,otro
57,F,f,f,f,t,f,f,f,f,f,f,f,f,f,f,t,0.51,t,1.9,t,136,t,0.76,t,180,f,,SVHD,R,860423008,otro
72,F,f,f,f,f,f,f,f,f,f,f,f,f,f,f,t,0.04,t,2.6,t,214,t,0.99,t,216,f,,SVI,AK,860423015,hipertiroidismo
20,F,f,f,f,f,f,f,f,f,f,f,f,f,f,f,t,3.1,t,2,t,119,f,,f,,f,,STMW,-,860423024,otro
61,M,f,f,f,f,f,f,f,f,f,f,f,f,f,f,t,2.4,t,2.4,t,130,t,0.95,t,137,f,,other,-,860423028,otro
45,F,t,f,f,f,f,f,t,f,f,f,f,f,f,f,t,0.04,f,,t,238,t,1.09,t,218,f,,other,N,860423029,otro
52,F,f,f,f,f,f,f,f,f,f,f,f,f,f,f,t,4.5,t,1.2,t,108,t,0.73,t,148,f,,other,-,860423047,otro
52,M,f,f,f,f,f,f,f,f,f,f,f,f,f,t,t,0.9,t,2,t,101,t,1.08,t,94,f,,SVHC,-,860423049,otro
65,F,f,f,f,f,f,f,f,f,f,f,f,f,f,f,t,4.2,f,,t,99,t,0.89,t,111,f,,SVI,-,860423050,otro
76,F,f,f,f,f,f,t,f,f,t,f,f,f,f,f,t,1.8,t,2.5,t,136,t,1.06,t,129,f,,other,-,860423063,otro
69,F,f,t,f,f,f,f,f,f,f,f,f,f,f,f,t,0.18,t,1.4,t,104,t,0.68,t,153,f,,other,-,860424006,otro
69,F,f,f,f,f,f,f,f,f,f,f,f,f,f,f,t,0.79,t,1.7,t,118,t,0.99,t,119,f,,other,-,860424007,otro
87,F,f,f,f,f,f,f,f,f,f,f,f,f,f,f,t,2.1,t,2.1,t,118,t,0.93,t,127,f,,other,-,860424008,otro
59,,f,f,f,f,f,f,f,f,f,f,f,f,f,f,t,0.74,t,2.2,t,95,t,0.84,t,113,f,,other,-,860424010,otro
55,F,f,f,f,f,f,f,f,f,f,f,f,f,f,f,t,2.5,f,,t,98,t,0.81,t,120,f,,STMW,-,860424014,otro
39,F,t,f,f,f,f,f,f,f,f,f,f,f,f,f,t,0.06,f,,t,169,t,0.89,t,189,f,,other,N,860424021,otro
43,F,f,f,t,f,f,f,f,f,f,f,f,f,f,f,t,0.04,t,4.5,t,161,t,1.08,t,149,f,,other,-,860424028,otro
57,M,f,f,f,f,f,f,f,t,f,f,f,f,f,f,t,11,t,2.1,t,134,f,,f,,f,,other,G,860424029,hipotiroidismo
58,M,f,f,f,f,f,f,f,f,f,f,f,f,f,f,t,1.4,t,2.5,t,99,t,1.15,t,86,f,,other,-,860424030,otro
36,F,f,f,f,f,f,f,f,f,f,f,f,f,f,f,t,1.3,t,1.8,t,82,t,0.95,t,86,f,,other,-,860424031,otro
72,F,t,f,f,f,f,f,f,f,f,f,f,f,f,f,t,1.1,t,2.4,t,189,t,1.06,t,179,f,,other,L,860424044,otro
70,M,f,f,f,f,f,f,f,f,f,f,f,f,f,f,t,0.97,t,1.3,t,113,t,0.91,t,124,f,,SVI,-,860424058,otro
26,F,f,f,f,f,f,f,f,f,f,f,f,f,f,f,t,1.2,f,,t,130,t,0.91,t,143,f,,other,-,860424061,otro
30,F,t,f,f,f,f,f,f,t,f,f,f,f,f,f,t,0.24,t,1.8,t,188,f,,f,,f,,other,L,860424067,otro
59,F,f,f,f,f,f,f,f,f,f,f,f,f,f,f,f,,f,,t,183,t,1.6,t,114,f,,other,I,860424068,otro
56,F,f,t,f,f,f,f,f,f,f,f,f,f,f,f,f,,f,,t,136,t,0.88,t,155,f,,other,-,860424076,otro
78,M,f,f,f,f,f,f,f,f,f,f,f,f,f,f,t,0.5,t,0.3,t,57,t,1.1,t,52,f,,SVI,K,860424082,otro
78,,f,f,f,f,f,f,f,f,f,f,f,f,f,f,t,29,t,2.2,t,103,t,0.9,t,114,t,30,other,G,860428001,hipotiroidismo
47,M,f,f,f,f,f,f,f,f,f,f,f,f,f,f,t,1.1,f,,t,105,t,0.87,t,121,f,,other,-,860428005,otro
47,M,f,f,f,f,f,f,f,f,f,f,f,f,f,t,t,0.96,t,1.4,t,106,t,0.9,t,118,f,,SVHC,-,860428006,otro
66,F,f,f,f,f,f,f,f,f,f,f,f,f,f,f,t,3.9,t,2.8,t,124,t,1.08,t,115,f,,SVHC,-,860428007,otro
34,M,f,f,f,f,f,f,f,f,f,f,f,f,f,f,t,1.4,f,,t,141,t,0.98,t,145,f,,other,-,860428008,otro
67,F,f,f,f,f,f,f,f,f,f,f,f,f,f,f,t,2.3,f,,t,81,t,0.86,t,94,f,,other,-,860428009,otro
75,F,f,f,f,f,f,f,f,f,f,f,f,f,f,f,t,2.2,t,1.6,t,71,t,0.99,t,72,f,,SVI,-,860428012,otro
75,F,f,f,f,f,f,f,f,f,f,f,f,f,f,f,t,0.98,t,1.9,t,150,t,1.03,t,146,f,,SVI,-,860428013,otro
31,F,f,f,f,f,f,f,f,f,f,f,f,f,f,f,t,2,f,,t,170,t,1.66,t,102,f,,other,I,860428014,otro
19,F,f,f,f,f,f,f,f,f,f,f,f,f,f,f,f,,t,2.2,f,,f,,f,,t,37,other,-,860428015,otro
61,F,t,f,f,f,f,f,t,f,t,f,f,f,f,f,t,36,t,1.2,t,109,t,1.06,t,103,f,,other,M,860428017,otro
20,M,t,f,f,f,f,f,f,t,f,f,f,f,f,f,t,12,t,2.7,t,121,f,,f,,f,,other,M,860428023,otro
40,F,f,f,f,f,f,f,f,f,f,f,f,f,f,f,t,2,t,1.8,t,130,t,0.87,t,149,f,,SVI,-,860428024,otro
37,F,t,f,f,f,f,f,t,f,f,f,f,f,f,f,t,0.085,f,,t,168,t,1.04,t,162,f,,other,L,860428028,otro
20,F,f,f,f,f,f,f,f,f,f,f,f,t,f,f,t,1.2,f,,t,105,t,0.98,t,107,f,,other,-,860428031,otro
60,M,f,f,f,t,f,f,f,f,f,f,f,f,f,f,t,1.2,t,1.6,t,104,t,0.99,t,105,f,,SVI,-,860428057,otro
36,F,f,f,f,f,f,f,f,f,t,f,f,f,f,f,t,0.085,t,4.5,t,198,t,1.15,t,172,f,,other,A,860428059,hipertiroidismo
79,F,f,f,f,f,f,f,f,f,f,f,f,f,f,f,t,3.9,f,,t,91,t,0.77,t,118,f,,other,-,860428065,otro
65,F,t,f,f,f,f,f,f,f,f,f,f,f,f,f,t,6.3,f,,t,108,t,1.03,t,105,f,,other,M,860428068,otro
62,F,f,f,f,f,f,f,f,f,t,f,f,f,f,f,t,1.9,t,2,t,146,t,0.95,t,154,f,,other,-,860428069,otro
66,F,f,f,f,f,f,f,f,f,f,f,f,f,f,f,t,1.7,t,0.3,t,61,t,1.18,t,52,f,,other,-,860429017,otro
60,M,f,f,f,f,f,f,f,f,f,f,f,f,f,t,t,0.9,t,1,t,141,t,1.02,t,138,f,,SVHC,K,860429019,otro
70,F,f,f,f,f,f,f,f,f,f,f,f,f,f,f,t,2.2,t,1.5,t,108,t,1.07,t,101,f,,other,-,860429056,otro
46,F,f,f,f,f,f,t,f,f,f,f,f,f,f,f,t,1.7,t,1,t,105,t,1,t,105,f,,other,Q,860429058,otro
69,F,t,f,f,f,f,f,f,f,f,f,f,f,f,f,t,4.6,f,,t,180,t,1.46,t,123,f,,other,-,860429065,otro
64,F,f,f,t,f,f,f,f,f,f,f,f,f,f,f,t,0.085,t,1.5,t,131,t,1.08,t,121,f,,other,-,860429067,otro
38,F,t,f,f,f,f,f,f,f,f,f,f,f,f,f,t,0.47,t,1.4,t,127,f,,f,,f,,other,-,860429068,otro
66,M,f,f,f,f,f,f,f,f,f,f,f,f,f,f,t,7.5,t,1.7,t,127,t,0.97,t,131,f,,other,G,860429074,hipotiroidismo
39,F,f,f,f,f,f,f,f,f,f,f,f,f,f,f,t,1.8,f,,t,112,t,1.06,t,106,f,,SVI,-,860429075,otro
81,F,f,f,f,f,f,f,f,f,f,f,f,f,f,f,t,4.3,t,0.4,t,106,t,0.68,t,156,f,,SVI,-,860429076,otro
73,F,f,f,f,f,f,f,f,f,f,f,f,f,f,f,t,1.7,t,0.7,t,82,t,0.95,t,86,f,,SVI,K,860429078,otro
80,M,f,f,f,f,f,f,f,f,f,f,f,f,f,f,t,0.91,t,0.7,t,99,t,0.94,t,105,f,,SVI,K,860429079,otro
52,M,f,f,f,f,f,f,f,f,f,f,f,f,f,f,t,3.8,t,1.5,t,111,t,0.73,t,152,f,,other,-,860429081,otro
52,M,f,f,f,f,f,f,f,f,f,f,f,f,f,t,t,5.3,t,1.1,t,98,t,0.92,t,107,f,,SVHC,K,860429089,otro
71,M,f,f,f,f,f,f,f,f,f,f,f,f,f,f,t,1.1,t,0.5,t,93,t,0.75,t,124,f,,SVI,K,860429090,otro
45,F,f,f,f,f,f,f,f,t,f,f,f,f,f,f,t,0.085,f,,t,171,t,0.88,t,194,f,,other,A,860429092,hipertiroidismo
33,F,f,f,f,f,f,f,f,t,f,f,f,f,f,f,t,1.7,f,,t,69,t,0.53,t,130,f,,other,-,860429102,otro
48,F,f,f,f,f,f,t,f,f,t,f,f,f,f,f,t,0.72,t,1.7,t,144,t,1.08,t,133,f,,other,-,860429106,otro
42,F,f,f,f,f,f,f,f,f,f,f,f,t,f,f,t,0.085,t,2.1,t,173,t,0.93,t,186,f,,other,-,860429108,otro
40,M,f,f,f,f,f,f,f,f,f,f,f,f,f,f,t,0.91,t,3.1,t,102,t,0.75,t,136,f,,SVHC,-,860430007,otro
40,,f,f,f,f,f,f,f,f,f,f,f,f,f,f,t,0.62,t,1.2,t,68,t,0.37,t,184,f,,other,R,860430010,otro
46,F,f,f,t,f,f,f,f,f,f,f,f,f,f,f,t,0.035,t,4,t,131,t,1,t,131,f,,other,-,860430033,otro
63,F,f,f,f,f,f,f,f,f,f,f,f,f,f,f,t,0.42,t,2.1,t,145,t,1.02,t,142,f,,other,-,860430041,otro
64,,f,f,f,t,f,f,f,f,f,f,f,f,f,f,t,0.98,t,1.5,t,106,t,0.87,t,122,f,,SVI,-,860430044,otro
56,F,f,f,f,f,f,f,f,f,f,f,f,f,f,f,t,0.07,t,2.3,t,124,t,0.82,t,151,f,,other,-,860506021,otro
60,F,f,f,f,f,f,f,f,f,f,f,f,f,f,f,t,0.87,t,1.9,t,120,t,0.96,t,125,f,,other,-,860506025,otro
39,F,f,f,f,f,f,f,f,f,f,f,f,f,f,f,t,1.7,f,,t,104,t,1.21,t,87,f,,other,-,860630018,otro
20,M,f,f,f,f,f,f,f,f,f,f,f,f,f,f,t,4.7,t,3,t,109,t,1.06,t,103,f,,SVHC,-,860701001,otro
62,F,f,f,f,f,f,f,f,f,f,f,f,f,f,f,t,1.7,t,2,t,132,t,1.1,t,120,f,,other,-,860701002,otro
39,F,f,f,f,f,f,f,f,f,f,f,f,f,f,f,t,1.1,t,1.9,t,79,t,1.07,t,74,f,,SVI,-,860701003,otro
62,F,f,f,f,f,f,f,f,f,f,f,f,f,f,f,t,0.07,t,2.1,t,182,t,1.03,t,177,f,,other,AK,860701008,hipertiroidismo
74,F,f,f,f,f,f,f,f,f,t,f,f,f,f,f,f,,t,1.9,f,,f,,f,,f,,other,-,860701009,otro
74,F,f,f,f,f,f,f,f,f,f,f,f,f,f,f,t,13,t,1.6,t,128,t,1.01,t,127,f,,other,G,860701011,hipotiroidismo
60,M,f,f,f,f,f,f,f,f,f,f,f,f,f,f,t,5.8,t,1.4,t,96,t,0.99,t,97,f,,other,-,860701016,otro
44,F,f,f,f,f,f,f,f,f,f,f,f,f,f,f,t,0.28,f,,t,179,t,0.79,t,227,f,,other,R,860701026,otro
25,F,f,f,f,f,f,f,f,f,f,f,f,f,f,f,t,3.3,f,,t,151,t,1.14,t,133,f,,other,-,860701027,otro
46,F,f,f,f,f,f,f,f,f,t,f,f,f,f,f,t,0.06,t,2.4,t,103,t,1.06,t,97,f,,other,-,860701034,otro
29,M,f,f,f,f,f,f,f,f,f,f,f,f,f,f,t,0.46,t,2.3,t,96,t,0.65,t,148,f,,other,-,860702016,otro
19,F,f,f,f,f,f,f,f,f,f,f,f,t,f,f,t,2.1,t,1.9,t,142,t,1.61,t,88,f,,STMW,-,860702017,otro
19,F,f,f,f,f,f,f,f,t,t,f,f,f,f,t,t,4.1,t,2.6,t,124,t,1.3,t,95,f,,SVHC,-,860702018,otro
19,F,f,f,f,f,f,f,f,f,f,f,f,f,f,f,t,1.6,t,1.8,t,125,t,0.74,t,169,f,,SVI,R,860702019,otro
58,F,f,f,f,f,f,f,f,f,f,f,f,f,f,f,t,1.4,f,,t,141,t,0.75,t,188,f,,other,-,860702021,otro
72,F,f,f,f,f,f,f,f,f,f,f,f,f,f,f,t,2.8,f,,t,114,t,0.95,t,120,f,,other,-,860702022,otro
68,M,f,f,f,f,f,f,f,f,f,f,f,f,f,f,t,1.7,t,1.4,t,85,t,0.93,t,91,f,,SVHC,-,860702023,otro
36,F,f,f,f,f,f,f,f,f,f,f,f,f,f,f,f,,f,,f,,f,,f,,t,19,other,-,860702028,otro
26,F,f,f,f,f,f,f,f,f,f,f,f,f,f,f,t,1.4,t,2.2,t,116,t,1.14,t,102,f,,other,-,860702029,otro
77,F,f,f,f,f,f,f,f,f,f,f,f,f,f,f,t,1.8,t,1.1,t,131,t,1.04,t,126,t,25,SVI,K,860702030,otro
57,F,f,f,f,f,f,f,f,f,f,f,f,f,f,f,t,3.6,t,1.6,t,99,t,0.94,t,105,f,,SVI,-,860702031,otro
57,M,f,f,f,f,f,f,f,f,f,f,f,f,f,f,t,2.8,t,0.8,t,48,t,0.7,t,69,f,,SVI,-,860702035,otro
57,F,f,f,f,f,f,f,f,f,f,f,f,f,f,f,t,13,t,1.2,t,108,t,0.9,t,120,f,,SVI,G,860702036,hipotiroidismo
57,F,f,f,f,f,f,f,f,f,f,f,f,f,f,f,t,0.86,t,1.7,t,95,t,0.96,t,99,f,,other,-,860702037,otro
59,F,t,f,f,f,f,f,f,f,f,f,f,f,f,f,t,0.58,f,,t,120,t,0.93,t,129,f,,other,-,860702040,otro
52,F,f,f,f,f,f,f,f,f,f,f,f,f,f,f,t,4.4,t,2.3,t,110,t,1.16,t,95,f,,other,-,860702043,otro
61,F,t,f,f,f,f,f,f,f,f,f,f,f,f,f,t,2.4,f,,t,155,t,1.33,t,117,f,,other,-,860702044,otro
32,F,f,f,f,f,f,f,f,f,f,f,f,f,f,f,t,0.09,t,0.6,t,91,t,0.68,t,134,f,,SVI,K,860702046,otro
74,M,f,f,f,f,f,f,f,f,f,f,f,f,f,f,t,1.5,t,1.8,t,96,t,0.91,t,106,f,,other,-,860702092,otro
74,F,f,f,f,f,f,f,f,f,f,f,f,f,f,f,t,1.6,t,2.3,t,118,t,0.97,t,120,f,,SVI,-,860702093,otro
42,M,t,f,f,f,f,f,f,f,t,f,f,f,f,f,t,6.7,t,1.6,t,86,t,0.84,t,102,f,,other,M,860702113,otro
45,F,t,f,f,f,f,f,f,f,f,t,f,f,f,f,t,3,f,,t,102,t,0.88,t,116,f,,SVHC,-,860703003,otro
33,M,t,f,f,f,f,f,f,f,f,t,f,f,f,f,t,1.6,f,,t,85,t,1.02,t,83,f,,SVHC,-,860703004,otro
54,F,f,f,f,f,f,f,f,t,f,f,f,f,f,f,t,10,t,2.2,t,81,t,1.09,t,74,f,,other,G,860703005,hipotiroidismo
41,F,f,f,f,f,f,f,f,f,f,f,f,f,f,f,t,1.5,t,2.1,t,95,t,0.97,t,98,f,,other,-,860703006,otro
63,F,f,f,f,f,f,f,f,f,f,f,f,f,f,f,t,1.1,t,2,t,92,t,0.86,t,107,f,,other,-,860703007,otro
64,F,f,f,f,f,f,f,f,f,f,f,f,f,f,f,t,1.3,t,2,t,104,t,0.94,t,111,f,,other,-,860703008,otro
73,F,f,f,f,f,f,f,f,f,f,f,f,f,f,f,t,2.5,f,,t,107,t,1.11,t,96,f,,other,-,860703009,otro
73,M,f,f,f,f,f,f,f,f,f,f,f,f,f,t,t,0.83,t,1.4,t,76,t,0.74,t,103,f,,SVHC,-,860703010,otro
36,F,f,f,f,f,f,f,f,f,f,f,f,t,f,f,t,0.21,f,,t,104,t,0.95,t,110,f,,other,-,860703020,otro
31,F,f,f,f,f,f,f,f,f,f,f,f,f,f,f,f,,f,,f,,f,,f,,t,114,other,S,860703029,otro
42,M,f,f,f,f,f,f,f,f,t,f,f,f,f,f,t,0.075,t,2,t,99,t,0.86,t,115,f,,other,-,860703037,otro
58,F,f,f,f,f,f,f,f,f,f,f,f,f,f,f,t,4.2,t,2.7,t,132,t,1.7,t,78,f,,other,-,860703038,otro
46,F,f,f,f,f,f,f,f,f,f,f,f,f,f,f,t,3.7,t,2.8,t,92,t,1.22,t,75,f,,other,-,860703043,otro
94,F,f,f,f,f,f,f,f,f,f,f,f,f,f,f,t,3.4,t,0.9,t,106,t,1.14,t,93,f,,SVI,K,860703045,otro
74,F,f,f,f,f,f,f,f,f,f,f,f,f,f,f,t,1.1,t,1.4,t,116,t,0.81,t,143,t,22,SVI,-,860703046,otro
58,F,f,f,f,f,f,f,f,f,f,f,f,f,f,f,t,1.6,t,2.4,t,102,t,0.71,t,144,f,,SVI,-,860703047,otro
73,F,f,f,f,f,f,f,f,t,f,f,f,f,f,f,t,6.4,f,,t,97,t,0.87,t,112,f,,SVI,G,860703048,hipotiroidismo
34,F,f,f,f,f,f,f,f,f,t,f,f,f,f,f,t,1.2,t,3,t,95,t,1.34,t,71,f,,other,-,860703050,otro
69,F,f,f,f,f,f,f,f,t,f,f,f,f,f,f,t,0.08,t,2.4,t,132,t,0.95,t,139,f,,other,-,860703052,otro
42,F,t,f,f,f,f,f,f,t,f,f,f,f,f,f,t,0.07,t,2.2,t,138,t,0.85,t,162,f,,other,-,860704003,otro
90,F,f,f,f,f,f,f,f,f,f,f,f,f,f,f,t,1.9,t,1.6,t,91,t,0.96,t,95,f,,other,-,860704012,otro
53,M,f,f,f,f,f,f,f,f,f,f,f,f,f,f,t,0.65,t,2.1,t,87,t,0.83,t,105,f,,other,-,860704013,otro
52,M,f,f,f,f,f,f,f,f,f,f,f,f,f,f,t,7.7,t,2.6,t,57,t,0.94,t,61,f,,other,F,860704014,hipotiroidismo
52,F,f,f,f,f,f,f,f,f,f,f,f,t,f,f,t,0.74,t,3.9,t,148,t,1.53,t,97,f,,STMW,C|I,860704016,otro
23,F,f,f,f,f,f,f,f,f,f,f,f,t,f,f,t,1.5,f,,t,150,t,1.6,t,94,f,,STMW,I,860704017,otro
62,M,f,f,f,f,f,f,f,f,f,f,f,f,f,f,t,0.22,t,0.8,t,73,t,0.75,t,97,f,,other,-,860704023,otro
72,F,f,f,f,f,f,f,f,f,f,f,f,f,f,f,t,3.4,t,2.1,t,88,t,0.96,t,92,f,,other,-,860704063,otro
69,F,f,f,f,f,f,f,f,f,f,f,f,f,f,f,t,0.21,t,0.9,t,93,t,0.87,t,107,f,,SVI,K,860704064,otro
69,M,f,f,f,f,f,f,f,f,f,f,f,f,f,t,t,1.4,t,3.2,t,148,t,1.14,t,130,f,,SVHC,-,860704065,otro
42,M,f,f,f,f,f,f,f,f,f,f,f,f,f,f,t,1.1,t,2.6,t,114,t,0.95,t,120,f,,SVHC,-,860704066,otro
58,M,f,f,f,f,f,f,f,f,f,f,f,f,f,f,t,20,f,,t,60,t,0.95,t,63,f,,SVI,F,860704069,hipotiroidismo
58,F,f,f,f,f,f,f,f,f,f,f,f,f,f,f,t,0.21,t,2,t,142,t,1.03,t,138,f,,other,-,860704070,otro
34,F,f,f,f,f,f,f,f,f,f,f,f,f,f,f,t,0.83,f,,t,123,t,1.15,t,107,f,,other,-,860704075,otro
67,F,f,f,f,f,f,f,f,f,f,f,f,f,f,f,t,0.09,t,1.6,t,192,t,1.17,t,164,f,,SVI,AK,860704088,hipertiroidismo
34,F,t,f,f,f,f,f,f,f,f,f,f,f,f,f,t,0.065,f,,t,600,t,1.1,t,546,f,,other,N,860704100,otro
46,F,t,f,f,f,f,f,t,t,t,f,f,f,f,f,t,5.3,t,1.6,t,93,t,0.91,t,102,f,,other,-,860707004,otro
51,M,f,f,f,f,f,f,f,f,f,f,f,f,f,f,t,34,f,,t,123,t,1.07,t,115,f,,other,G,860707005,hipotiroidismo
57,,f,f,f,f,f,f,f,f,f,f,f,f,f,f,t,2.5,f,,t,125,t,1.16,t,108,f,,other,-,860707006,otro
35,F,f,f,f,f,f,f,f,f,f,f,f,f,f,f,t,1.8,t,1.9,t,110,t,0.93,t,118,f,,other,-,860707009,otro
24,F,f,f,f,f,f,f,f,f,f,f,f,f,f,f,t,1.4,t,3.8,t,180,t,1.57,t,115,f,,STMW,I,860707010,otro
23,F,f,f,f,f,f,f,f,f,f,f,f,t,f,f,t,0.78,t,2.9,t,137,t,1.41,t,97,f,,STMW,C|I,860707012,otro
78,F,f,f,f,f,f,f,f,t,f,f,f,f,f,f,t,4.4,f,,t,120,t,0.76,t,158,f,,other,-,860707016,otro
66,F,f,f,f,f,f,f,f,f,f,f,f,f,f,f,t,1.3,f,,t,187,t,1.05,t,178,f,,other,R,860707017,otro
83,F,f,f,f,t,f,f,f,f,t,f,f,f,f,f,t,1.5,f,,t,159,t,0.98,t,162,f,,other,R,860707018,otro
81,F,f,f,f,f,f,f,f,f,f,f,f,f,f,f,t,2.6,f,,t,160,t,0.98,t,162,f,,other,R,860707019,otro
60,F,f,f,f,f,f,f,f,t,f,f,f,f,f,f,t,1.5,f,,t,137,t,0.82,t,167,f,,other,-,860707020,otro
63,M,f,f,f,f,f,f,f,t,f,f,f,f,f,f,t,6.7,t,1.5,t,101,t,0.65,t,155,f,,other,G,860707028,hipotiroidismo
68,M,f,t,f,f,f,f,f,f,f,f,f,f,f,f,f,,f,,t,103,t,0.97,t,106,f,,other,-,860707042,otro
72,F,f,f,f,f,f,f,f,f,f,f,f,f,f,f,t,17,t,2.7,t,90,t,0.74,t,122,f,,other,G,860707044,hipotiroidismo
21,F,f,f,f,f,f,f,f,f,f,f,f,f,f,f,t,1.2,f,,t,106,t,1,t,106,f,,other,-,860707047,otro
81,F,f,f,f,f,f,f,f,f,f,f,f,f,f,f,t,39,t,0.7,t,99,t,0.89,t,111,f,,other,GK,860707048,hipotiroidismo
45,F,f,f,f,f,f,f,f,f,f,f,f,f,f,f,t,9.299999,t,1.5,t,57,t,0.69,t,83,f,,other,G,860707049,hipotiroidismo
81,F,f,f,f,f,f,f,f,f,f,f,f,f,f,f,t,6.2,f,,t,98,t,0.84,t,117,f,,other,G,860707050,hipotiroidismo
74,F,f,f,f,f,f,f,f,f,f,f,f,f,f,f,t,4.8,t,1.7,t,130,t,1.02,t,128,f,,SVI,-,860707051,otro
61,M,f,f,f,f,f,f,f,f,f,f,f,f,f,f,t,1.7,t,2.2,t,91,t,1.04,t,88,f,,SVHC,-,860707054,otro
50,F,t,f,f,f,f,f,f,f,f,f,f,f,f,f,t,0.08,f,,t,182,t,1.31,t,140,f,,other,-,860707064,otro
67,F,f,f,f,f,f,f,f,t,f,f,f,f,f,f,t,0.09,t,1.9,t,160,t,0.8,t,200,f,,SVI,AK,860708001,hipertiroidismo
40,M,f,f,f,f,f,f,f,f,f,f,f,f,f,t,t,2.3,t,2.2,t,123,t,1.09,t,113,f,,SVHC,-,860708006,otro
28,F,f,f,f,f,f,f,f,f,f,f,f,f,f,t,t,2,t,2.3,t,69,t,0.91,t,76,f,,SVHC,-,860708007,otro
59,F,t,f,f,f,f,f,f,f,f,f,f,t,f,f,t,0.28,f,,t,114,t,0.94,t,121,f,,other,-,860708010,otro
76,M,f,f,f,f,f,f,f,f,f,f,f,f,f,f,t,0.065,t,3.9,t,186,t,0.94,t,198,f,,other,A,860708012,hipertiroidismo
76,F,t,f,f,f,f,f,f,f,f,f,f,f,f,f,t,0.075,t,2.6,t,157,t,1.09,t,144,f,,other,-,860708013,otro
37,M,f,f,f,f,f,f,f,f,f,f,f,f,f,t,t,0.125,t,0.7,t,53,f,,f,,f,,SVI,K,860708015,otro
40,M,t,f,f,f,f,f,f,f,f,f,f,f,f,f,f,,f,,t,138,t,0.95,t,145,f,,other,-,860708020,otro
80,M,f,f,f,f,f,f,f,f,f,f,f,f,f,f,t,2,t,1.3,t,122,t,0.99,t,123,f,,SVI,-,860708053,otro
65,F,f,f,f,f,f,f,f,f,f,f,f,f,f,f,t,0.45,t,1.2,t,133,t,0.94,t,142,f,,SVI,-,860708054,otro
76,M,f,f,f,f,f,f,f,f,f,f,f,f,f,f,t,0.97,f,,t,63,t,0.88,t,72,f,,other,-,860708055,otro
60,F,f,f,f,f,f,f,f,f,f,f,f,f,f,f,t,2.1,t,2.4,t,127,t,1.2,t,106,f,,SVI,-,860708056,otro
64,M,f,f,f,f,f,f,f,f,f,f,f,f,f,f,t,1.8,t,2.1,t,90,t,0.89,t,101,f,,SVI,-,860708057,otro
46,M,f,f,f,f,f,f,f,f,f,f,f,f,f,f,t,1.7,t,1.4,t,93,t,0.77,t,121,f,,other,-,860708064,otro
46,M,f,f,f,f,f,f,f,f,f,f,f,f,f,f,t,1.2,t,2.8,t,181,t,1.26,t,144,f,,other,-,860709001,otro
32,M,f,f,f,f,f,f,f,f,f,f,f,f,f,f,t,3.1,t,2.3,t,76,t,0.86,t,88,f,,other,-,860709003,otro
75,F,f,f,f,f,f,f,f,f,t,f,f,f,f,f,t,0.73,t,2.2,t,106,t,0.74,t,143,f,,other,-,860709008,otro
75,M,f,f,f,f,f,f,f,f,f,f,f,f,f,t,t,2.1,t,3.4,t,135,t,1.05,t,129,f,,SVHC,-,860709009,otro
46,M,f,f,f,f,f,f,f,f,f,f,f,f,f,t,t,0.9,t,1.2,t,97,t,0.91,t,107,f,,SVHC,-,860709012,otro
35,F,f,f,f,f,f,f,f,f,f,f,f,f,f,t,t,0.85,t,1.8,t,122,t,0.66,t,185,f,,SVHC,R,860709015,otro
38,F,f,f,f,f,f,f,f,t,f,f,f,f,f,f,t,2,t,2.3,t,122,f,,f,,f,,other,-,860709027,otro
43,F,t,f,f,f,f,f,f,f,f,f,f,f,f,f,f,,f,,t,103,t,1.2,t,86,f,,other,-,860709039,otro
39,F,f,f,f,f,f,f,f,f,f,f,f,f,f,f,f,,f,,f,,f,,f,,t,28,other,-,860709049,otro
66,F,f,f,f,t,f,f,f,f,f,f,f,f,f,f,t,0.08,t,1,t,141,t,0.75,t,188,f,,SVI,-,860709055,otro
84,M,f,f,f,t,f,f,f,f,f,f,f,f,f,f,t,1.9,t,2.5,t,137,t,1.1,t,125,f,,other,-,860709068,otro
84,M,f,f,f,f,f,f,f,f,f,f,f,f,f,f,t,1.5,t,2.3,t,101,t,0.81,t,125,f,,other,-,860709069,otro
35,F,f,f,f,f,f,f,f,f,f,f,f,f,f,f,t,0.87,t,2.8,t,113,t,1.18,t,96,f,,SVI,-,860709070,otro
66,M,f,f,f,f,f,f,f,f,f,f,f,f,f,f,t,2.5,t,0.1,t,37,t,0.52,t,71,f,,SVI,J,860709071,otro
58,M,f,f,f,f,f,f,f,f,f,f,f,f,f,f,t,1.7,t,1.1,t,105,t,0.87,t,121,f,,SVI,K,860709072,otro
58,M,f,f,f,f,f,f,f,f,f,f,f,f,f,t,t,2.7,t,2.3,t,91,t,0.99,t,92,f,,SVHC,-,860709073,otro
34,F,f,f,f,f,f,f,f,f,f,f,f,f,f,t,t,1.4,t,2.3,t,126,t,1,t,126,f,,SVHC,-,860709074,otro
44,F,f,f,f,f,f,f,f,f,f,t,f,f,f,f,t,3.2,t,2.5,t,88,t,1.02,t,86,f,,SVHC,-,860709075,otro
35,F,f,f,f,f,f,f,f,f,f,f,f,f,f,t,t,0.085,t,2.2,t,130,t,0.91,t,143,f,,SVHC,-,860709076,otro
65,F,t,f,f,f,f,f,f,f,f,f,f,f,f,f,t,2.6,t,1.6,t,142,t,1.01,t,141,f,,other,-,860710001,otro
65,F,f,f,f,f,f,f,f,f,t,f,f,f,f,f,t,1.3,t,3.3,t,130,t,1.21,t,107,f,,other,-,860710002,otro
44,F,f,f,f,f,f,f,f,f,f,f,f,f,f,f,t,0.85,t,1.7,t,81,t,0.96,t,84,f,,SVHC,-,860710003,otro
66,F,f,f,f,f,f,f,f,f,f,f,f,f,f,f,t,1.6,t,1.7,t,109,t,0.82,t,133,f,,other,-,860710007,otro
44,F,f,f,f,f,f,f,f,f,f,f,f,f,f,f,t,0.1,t,2.9,t,165,t,1.12,t,147,f,,other,I,860710008,otro
64,F,f,f,f,f,f,f,t,f,f,f,f,f,f,f,t,2.2,t,2.3,t,113,t,0.69,t,164,f,,other,R,860710010,otro
42,F,t,f,f,f,f,f,f,f,f,f,t,f,f,f,t,1.9,t,2.2,t,126,t,0.97,t,130,f,,other,-,860710015,otro
58,F,t,f,f,f,f,f,f,f,f,f,f,f,f,f,t,0.15,t,1.6,t,144,t,1.09,t,132,f,,other,-,860710016,otro
20,F,f,f,f,f,f,f,f,f,t,f,f,f,f,f,t,2,t,3.1,t,135,t,1.17,t,115,f,,other,-,860710017,otro
18,F,f,f,f,f,f,f,f,f,f,f,f,f,f,f,f,,f,,t,66,t,0.78,t,85,f,,other,-,860710019,otro
41,M,t,f,f,f,f,f,f,f,f,f,f,f,f,f,f,,f,,f,,f,,f,,t,20,other,-,860710021,otro
38,F,f,f,f,f,f,f,f,f,f,f,f,f,f,f,t,2.6,t,2,t,86,t,0.86,t,100,f,,SVI,-,860710040,otro
66,F,f,f,f,f,f,f,f,f,f,f,f,f,f,f,t,1.9,t,2.2,t,135,t,1.07,t,126,f,,other,-,860710041,otro
69,M,f,f,f,f,f,f,f,f,f,f,f,f,f,f,t,0.59,t,1.2,t,89,t,0.9,t,99,f,,other,-,860710042,otro
60,M,f,f,f,f,f,f,f,f,f,f,f,f,f,f,t,1.4,t,1.1,t,92,t,0.84,t,110,t,21,other,-,860710043,otro
66,F,f,f,f,f,f,f,f,f,f,f,f,t,f,f,t,0.085,t,1.1,t,138,t,0.8,t,173,t,15,SVI,-,860710044,otro
66,F,f,f,f,f,f,f,f,f,f,f,f,f,f,f,f,,t,2.8,f,,f,,f,,f,,other,-,860710046,otro
66,F,f,f,t,f,f,f,f,f,t,f,f,f,f,f,t,0.07,t,2.9,t,145,t,1.25,t,116,f,,other,B,860710048,hipertiroidismo
51,F,t,f,f,f,f,f,f,t,f,f,f,f,f,f,t,12,t,2.9,t,44,t,1.13,t,39,f,,other,-,860710051,otro
47,F,f,f,f,f,f,t,f,f,f,f,f,f,f,f,t,1.2,t,2.7,t,82,t,1.05,t,78,f,,other,-,860710057,otro
66,F,f,f,f,f,f,f,f,f,t,f,f,f,f,f,t,0.115,t,2.6,t,118,t,0.93,t,127,f,,other,-,860710061,otro
74,F,f,f,f,f,f,f,f,f,f,f,f,f,f,f,t,0.62,t,2.3,t,102,t,1.03,t,99,f,,other,-,860710063,otro
17,M,f,f,f,f,f,f,f,f,f,f,f,f,f,f,t,1.6,f,,t,78,t,0.76,t,103,f,,other,-,860710064,otro
69,M,f,f,f,f,f,f,f,f,f,f,f,f,f,f,t,1.8,t,2.6,t,122,t,1.03,t,118,f,,other,-,860710070,otro
42,F,t,f,f,f,f,f,f,f,f,f,f,f,f,f,t,2,t,2.3,t,134,t,1,t,134,f,,other,-,860711001,otro
2,F,f,f,f,f,f,f,f,f,f,f,f,t,f,f,t,0.05,t,7.6,t,257,t,0.96,t,268,f,,other,A,860711002,hipertiroidismo
79,F,f,f,f,f,f,f,f,f,t,f,f,f,f,f,t,2.7,t,1.2,t,100,t,0.93,t,108,f,,other,-,860711003,otro
85,M,f,f,f,f,f,f,f,f,f,f,f,f,f,f,t,1.6,f,,t,114,t,0.61,t,187,f,,other,-,860711004,otro
69,F,f,f,f,f,f,f,f,f,f,f,f,f,f,f,f,,f,,t,90,t,0.91,t,99,f,,other,-,860711016,otro
49,F,f,f,f,f,f,t,f,f,f,f,f,f,f,f,t,3.7,t,2,t,53,t,0.71,t,75,f,,other,-,860711021,otro
46,F,f,f,f,f,f,f,f,f,f,t,f,f,f,f,t,2.5,t,1.5,t,69,t,0.9,t,77,f,,SVHC,-,860711023,otro
42,M,f,f,f,f,f,f,f,f,t,f,f,f,f,f,t,0.045,t,2.1,t,111,t,0.89,t,125,f,,SVHC,-,860711024,otro
42,F,f,f,f,f,f,f,f,f,f,f,f,f,f,f,t,1.2,t,2.5,t,106,t,0.98,t,108,t,27,other,-,860711039,otro
73,F,f,f,f,f,f,f,f,f,t,f,f,f,f,f,t,17,t,1.7,t,112,t,1.16,t,97,f,,other,G,860711080,hipotiroidismo
37,F,f,f,f,f,f,f,f,f,f,f,f,f,f,f,f,,f,,t,108,t,0.71,t,152,f,,other,-,860711081,otro
46,F,f,f,f,f,f,f,f,f,t,f,f,f,f,f,t,2,t,2.2,t,92,t,0.71,t,130,f,,other,-,860711082,otro
33,F,f,f,f,f,f,f,f,f,f,f,f,f,f,f,t,0.58,f,,t,98,t,0.99,t,99,f,,other,-,860711084,otro
37,F,f,f,f,f,f,f,f,f,f,f,f,f,f,f,t,1.5,t,1,t,117,t,1.19,t,98,f,,other,-,860711090,otro
82,F,f,f,f,f,f,f,f,f,f,f,f,f,f,f,t,0.87,f,,t,91,t,0.99,t,92,f,,other,-,860711097,otro
52,M,f,f,f,f,f,f,f,f,f,f,f,f,f,f,t,0.1,t,2.9,t,123,t,1.03,t,119,f,,SVI,-,860711098,otro
71,F,f,f,f,t,f,f,f,f,f,f,f,f,f,f,t,4.3,t,1.3,t,55,t,0.83,t,66,f,,SVI,-,860711099,otro
45,F,f,f,f,f,f,f,f,f,t,f,f,f,f,f,t,22,f,,t,65,t,1.15,t,57,f,,other,F,860711100,hipotiroidismo
30,M,f,f,f,f,f,f,f,f,f,f,f,f,f,t,t,2,t,3.5,t,120,t,1.18,t,102,f,,SVHC,-,860714004,otro
30,M,f,f,f,f,f,f,f,f,f,f,f,f,f,t,t,0.6,t,1.9,t,104,t,1.01,t,103,f,,SVHC,-,860714005,otro
66,M,f,f,f,f,f,f,f,f,f,f,f,f,f,f,t,7.1,t,2.3,t,90,t,0.98,t,92,f,,SVHC,G,860714006,hipotiroidismo
54,F,t,f,f,f,f,f,f,f,f,f,f,f,f,f,t,0.045,t,2.2,t,132,t,0.93,t,142,f,,other,-,860714020,otro
61,M,t,f,f,f,f,f,f,f,f,f,f,f,f,f,t,6.6,t,2.2,t,105,t,0.88,t,119,f,,other,M,860714037,otro
74,F,f,f,f,f,f,f,t,f,f,f,f,f,f,f,t,0.125,t,2.3,t,106,t,0.92,t,115,f,,other,-,860714046,otro
24,F,f,f,f,f,f,f,f,f,f,f,f,t,f,f,t,0.63,t,2.4,t,94,t,0.93,t,101,f,,other,-,860714047,otro
63,M,f,f,f,f,f,f,f,f,f,f,f,f,f,f,t,0.14,f,,t,119,t,0.57,t,209,f,,other,-,860714050,otro
62,F,f,f,f,f,f,f,f,f,f,f,f,f,f,f,t,2.7,t,2.5,t,131,t,1.18,t,110,f,,other,-,860714055,otro
24,F,f,f,f,f,f,f,f,f,f,f,f,f,f,f,t,3,f,,t,105,t,1,t,105,f,,other,-,860714057,otro
61,F,f,f,f,f,f,f,f,f,f,f,f,f,f,f,t,0.08,t,2.5,t,157,t,0.97,t,162,f,,other,R,860714058,otro
26,F,f,f,f,f,f,f,f,f,f,f,f,f,f,f,t,1.3,f,,t,90,t,0.9,t,100,f,,other,-,860714066,otro
78,F,f,f,f,f,f,f,f,f,f,f,f,f,f,f,t,1.8,t,2.3,t,109,t,1.38,t,79,f,,other,-,860715003,otro
73,M,f,f,f,f,f,f,f,f,f,f,f,f,f,f,t,1.6,t,1.2,t,106,t,1.23,t,86,f,,SVI,-,860715004,otro
34,M,f,f,f,f,f,f,f,f,f,f,f,f,f,f,t,3.8,t,2,t,87,t,1.15,t,76,f,,SVI,-,860715005,otro
76,M,f,f,f,f,f,f,f,f,f,f,f,f,f,f,t,1.1,t,1.8,t,127,t,1.28,t,99,f,,SVI,-,860715006,otro
46,F,f,f,f,f,f,f,f,f,f,f,f,f,f,f,t,0.87,t,2.6,t,129,t,1.42,t,91,f,,SVI,-,860715007,otro
60,M,f,f,f,f,f,f,f,f,f,f,f,f,f,f,t,0.55,t,0.3,t,33,t,0.64,t,52,f,,SVI,K,860715009,otro
42,M,f,f,f,f,f,f,f,f,f,f,f,f,f,t,t,0.97,t,2.7,t,69,t,0.52,t,133,f,,SVHC,-,860715013,otro
22,F,f,f,f,f,f,f,f,f,f,f,f,f,f,f,t,1.5,f,,t,98,t,1.28,t,77,f,,STMW,I,860715018,otro
28,F,f,f,f,f,f,f,f,f,f,f,f,f,f,f,t,2.1,t,2.6,t,63,t,0.74,t,85,f,,other,-,860715025,otro
67,F,f,f,f,f,f,f,f,f,f,f,f,f,f,f,t,4.1,t,1.9,t,104,t,0.97,t,107,f,,SVI,-,860715063,otro
73,M,f,f,f,f,f,f,f,f,f,f,f,f,f,f,f,,f,,t,85,t,0.83,t,102,f,,SVI,-,860715064,otro
73,M,f,f,f,f,f,f,f,f,f,f,f,f,f,f,t,2,t,1.2,t,108,t,0.94,t,115,f,,SVI,-,860715065,otro
78,F,f,f,f,f,f,f,f,f,f,f,f,f,f,f,t,1.1,t,2.5,t,131,t,1.11,t,118,f,,SVI,-,860715067,otro
54,F,t,f,f,f,f,f,f,f,f,f,f,f,f,f,t,5.2,t,1.7,t,168,t,1.14,t,147,f,,SVI,-,860715068,otro
76,M,f,f,f,f,f,f,f,f,f,f,f,f,f,f,t,1.1,t,1.4,t,99,t,0.6,t,165,f,,SVI,R,860715073,otro
82,F,f,f,f,f,f,f,f,f,f,f,f,f,f,f,t,2.5,t,1.1,t,112,t,0.68,t,165,f,,other,-,860715074,otro
72,F,f,f,f,f,f,f,f,f,f,f,f,f,f,t,t,1.7,t,1.3,t,108,t,0.94,t,115,f,,SVI,-,860715075,otro
39,F,f,t,f,f,f,f,f,f,f,f,f,f,f,f,t,5.7,f,,t,163,t,1.23,t,133,f,,other,L,860715076,otro
48,F,f,f,f,f,f,f,f,f,f,f,f,f,f,f,t,73,t,2.3,t,87,t,1.12,t,78,f,,other,G,860715083,hipotiroidismo
47,F,t,f,f,f,f,f,f,f,f,f,f,f,f,f,t,0.3,f,,t,113,t,0.91,t,125,f,,other,-,860715084,otro
34,F,f,f,f,f,f,f,f,f,f,t,f,f,f,f,t,0.1,t,3.1,t,30,t,0.89,t,34,f,,SVHC,-,860716014,otro
19,M,f,f,f,f,f,f,f,f,f,f,f,f,f,t,t,0.35,t,0.8,t,70,t,0.83,t,84,f,,SVHC,K,860716015,otro
33,M,f,f,f,f,f,f,f,f,f,t,f,f,f,f,t,12,t,1.5,t,86,t,1,t,86,f,,SVHC,G,860716016,hipotiroidismo
25,M,f,f,f,f,f,f,f,f,f,f,f,f,f,t,t,1.3,t,2.2,t,133,t,0.92,t,145,f,,SVHC,-,860716018,otro
69,M,f,f,f,f,f,f,f,f,f,t,f,f,f,f,t,3.5,t,1.3,t,70,t,0.92,t,76,f,,SVHC,-,860716019,otro
75,M,f,f,f,f,f,f,f,f,f,f,f,f,f,f,t,0.7,t,1.5,t,112,t,0.89,t,126,f,,SVI,-,860716020,otro
60,M,f,f,f,f,f,f,f,f,f,f,f,f,f,f,t,1.2,t,0.6,t,103,t,1.01,t,102,f,,other,-,860716035,otro
27,F,f,f,f,f,f,f,f,f,f,f,f,f,f,f,t,1.4,t,1.9,t,148,t,1.13,t,131,f,,other,-,860716037,otro
47,F,f,f,f,f,f,f,f,f,f,f,f,f,f,f,t,0.3,t,2.1,t,114,t,0.9,t,126,f,,other,-,860716038,otro
56,F,f,f,f,f,f,f,f,f,f,f,f,f,f,f,t,0.12,f,,t,140,t,0.92,t,152,f,,other,-,860716054,otro
54,F,f,f,f,f,f,f,f,f,f,f,f,f,f,f,t,436,f,,t,12,t,1.01,t,12,f,,other,F,860716056,hipotiroidismo
54,M,f,f,f,f,f,f,f,f,f,f,f,f,f,f,t,0.2,f,,t,108,t,0.84,t,129,f,,other,-,860716057,otro
29,F,f,f,f,f,f,f,f,f,f,f,f,f,f,f,t,2.1,t,2.1,t,122,t,1.14,t,107,t,36,SVI,-,860717007,otro
29,F,f,f,f,f,f,f,f,f,f,f,f,f,f,f,t,2.3,t,2.3,t,135,t,0.98,t,138,f,,other,-,860717008,otro
21,F,f,f,f,f,f,f,f,f,f,f,f,f,f,f,f,,t,2.3,f,,f,,f,,f,,other,-,860717010,otro
71,F,f,f,f,f,f,f,f,f,f,f,f,f,f,f,t,1.2,t,3.3,t,153,t,1.19,t,129,f,,other,I,860717017,otro
34,F,f,f,f,f,f,f,f,f,f,f,f,f,f,t,t,1.4,t,1.4,t,115,t,0.91,t,126,f,,SVHC,-,860717025,otro
80,F,f,f,f,f,f,f,f,f,f,f,f,f,f,f,t,3,t,1.5,t,95,t,0.91,t,104,f,,SVI,-,860717026,otro
63,F,f,f,f,f,f,f,f,f,f,f,f,f,f,f,t,5.3,t,2,t,142,t,1.15,t,123,f,,other,-,860717027,otro
61,M,f,f,f,f,f,f,f,f,f,f,f,f,f,f,t,20,f,,t,104,f,,f,,f,,other,G,860717028,hipotiroidismo
55,F,f,f,f,f,f,f,f,t,f,f,f,f,f,f,t,1.7,t,2,t,108,t,0.97,t,111,f,,SVI,-,860717029,otro
44,M,f,f,f,f,f,f,f,f,f,t,f,f,f,f,t,1.6,t,1.7,t,87,t,0.89,t,98,f,,SVHC,-,860717030,otro
22,M,f,f,f,f,f,f,f,f,f,f,f,f,f,f,t,2.8,t,2,t,75,f,,f,,f,,SVHC,-,860717031,otro
67,M,f,f,f,f,f,f,f,f,f,f,f,f,f,f,t,2.6,t,0.4,t,80,t,0.57,t,140,f,,SVI,K,860717032,otro
67,M,f,f,f,f,f,f,f,f,t,f,f,f,f,f,t,3.1,f,,t,118,t,1.01,t,117,f,,other,-,860717034,otro
81,F,f,f,f,f,f,f,f,f,f,f,f,f,f,f,t,0.09,t,0.6,t,152,t,0.75,t,203,f,,other,R,860717035,otro
78,F,f,f,f,f,f,f,f,f,f,f,f,f,f,f,t,56,t,4.9,t,37,t,0.78,t,47,f,,other,-,860717036,otro
71,F,f,f,f,f,f,f,f,f,f,f,f,f,f,f,t,4.5,t,1.5,t,90,t,0.97,t,93,f,,other,-,860717037,otro
34,F,f,f,f,f,f,t,f,f,f,f,f,f,f,f,t,0.38,t,1.9,t,137,t,0.82,t,167,f,,SVI,-,860717038,otro
61,F,f,f,f,t,f,f,f,t,f,f,f,f,f,f,t,4.8,t,1.7,t,105,t,1.07,t,98,f,,SVHD,-,860717039,otro
68,M,f,f,f,f,f,f,f,f,f,f,t,f,f,f,f,,f,,t,102,t,1.06,t,96,f,,other,-,860717044,otro
55,F,t,f,f,f,f,f,f,f,f,f,f,f,f,f,t,0.67,t,1.8,t,120,t,0.88,t,136,f,,other,-,860717045,otro
73,F,t,f,f,f,f,f,f,f,f,f,f,f,f,f,t,2.1,f,,t,156,t,0.99,t,158,f,,other,L,860717046,otro
24,M,f,t,f,f,f,f,f,f,f,f,f,f,f,f,f,,t,1.9,t,68,t,1.03,t,66,f,,other,-,860717053,otro
17,F,f,f,f,f,f,f,f,f,t,f,f,f,f,f,t,1.6,f,,t,118,t,0.62,t,190,f,,other,-,860717054,otro
28,F,t,f,f,f,f,f,f,f,f,f,f,f,f,f,t,2.5,t,2.4,t,150,t,1.18,t,127,f,,other,-,860717056,otro
78,F,f,f,f,f,f,f,f,f,t,f,f,f,f,f,t,1.9,t,1.7,t,107,t,1.08,t,99,f,,other,-,860717063,otro
35,F,f,f,f,f,f,f,f,f,t,f,f,f,f,f,t,1.5,t,2.2,t,98,t,1.14,t,86,f,,other,-,860717064,otro
66,F,t,f,f,f,f,f,t,t,f,f,f,f,f,f,t,2.4,f,,t,174,t,1.16,t,150,f,,other,-,860717084,otro
76,F,f,f,t,f,f,f,f,f,f,f,f,f,f,f,t,33,t,2.4,t,64,t,1.16,t,55,f,,other,F,860717090,hipotiroidismo
26,F,f,f,f,f,f,f,f,t,f,f,f,f,f,f,t,6.5,t,2.3,t,101,t,1.14,t,89,f,,other,G,860717092,hipotiroidismo
46,F,f,f,f,f,f,f,f,f,f,f,f,f,f,f,t,2.9,t,1.2,t,101,t,1.07,t,94,f,,other,-,860717093,otro
64,F,f,f,f,f,f,f,f,f,f,f,f,t,f,f,t,0.47,t,2.4,t,92,t,0.72,t,128,f,,other,-,860717096,otro
29,F,f,f,f,f,f,f,f,f,t,f,f,f,f,f,t,0.27,t,2.1,t,92,t,1.04,t,88,f,,other,-,860717098,otro
15,F,f,f,f,f,f,f,f,f,f,f,f,f,f,f,t,2.5,t,1.8,t,81,t,0.89,t,91,f,,other,-,860717099,otro
86,F,f,f,f,f,f,f,f,f,f,f,f,f,f,f,t,6,t,0.7,t,58,t,0.67,t,87,f,,SVI,K,860717102,otro
65,F,f,f,f,f,f,f,f,f,f,f,f,f,f,f,t,1.2,f,,t,94,t,0.8,t,118,f,,other,-,860717103,otro
56,M,f,f,f,f,f,f,f,f,f,f,f,f,f,f,t,1.6,t,1.4,t,90,t,0.8,t,113,f,,SVI,-,860717104,otro
35,M,f,f,f,f,f,f,f,f,f,f,f,f,f,f,t,3.2,t,2.3,t,80,t,0.64,t,125,f,,SVI,-,860717105,otro
81,F,f,f,f,f,f,f,f,f,f,f,f,f,f,f,t,13,t,1.1,t,110,t,0.84,t,131,f,,SVI,GK,860717106,hipotiroidismo
81,M,f,f,f,f,f,f,f,f,f,f,f,f,f,f,t,1.1,f,,t,97,f,,f,,f,,other,-,860717107,otro
72,M,f,f,f,f,f,f,f,f,t,f,f,f,f,f,t,4.1,t,1.9,t,85,t,0.99,t,85,f,,other,-,860717116,otro
52,F,f,f,f,f,f,f,f,f,f,f,f,f,f,f,t,0.51,f,,t,105,t,1.04,t,101,f,,other,-,860717120,otro
34,F,f,f,f,f,f,f,f,f,t,f,f,f,f,f,t,0.09,t,3.7,t,201,t,0.97,t,207,f,,other,-,860717121,otro
62,F,f,f,f,f,f,f,f,t,f,f,f,f,f,f,t,0.67,f,,t,108,t,0.99,t,109,f,,other,-,860718002,otro
17,F,f,f,f,f,f,f,f,f,f,f,f,f,f,f,t,1.4,f,,t,89,t,1.1,t,81,f,,other,-,860718004,otro
61,F,f,f,f,f,f,f,f,f,f,f,f,f,f,f,t,4.6,t,2.5,t,82,t,1.17,t,70,f,,SVI,-,860718005,otro
61,F,f,f,f,f,f,f,f,f,f,f,f,f,f,f,t,8,f,,t,76,t,0.95,t,80,f,,other,G,860718008,hipotiroidismo
3,F,f,f,f,f,f,f,f,f,f,f,f,f,f,f,f,,t,3.9,f,,f,,f,,f,,STMW,-,860718009,otro
3,M,f,f,f,t,f,f,f,f,f,f,f,f,f,f,t,1.5,f,,t,77,t,0.76,t,101,f,,other,-,860718029,otro
15,M,f,f,f,f,f,f,f,f,f,f,f,f,f,f,t,1.6,t,2.2,t,89,t,0.82,t,109,f,,other,-,860718042,otro
71,F,t,f,f,f,f,f,f,f,f,f,f,f,f,f,t,29,f,,t,57,t,1.08,t,53,f,,other,F,860718052,hipotiroidismo
87,M,f,f,f,f,f,f,f,f,f,f,f,f,f,f,t,1,t,1.5,t,96,t,0.8,t,120,f,,other,-,860718063,otro
83,F,f,f,f,f,f,f,f,t,f,f,f,f,f,f,t,2.7,t,1.3,t,100,t,0.83,t,121,f,,SVI,-,860718064,otro
68,F,f,f,f,f,f,f,f,f,f,f,f,f,f,f,t,5,t,1.3,t,113,t,0.84,t,135,f,,SVI,-,860718065,otro
49,M,f,f,f,f,f,f,f,f,f,f,f,f,f,f,t,1.2,t,2,t,80,t,1,t,80,f,,SVI,-,860718066,otro
39,F,f,f,f,t,f,f,f,f,f,f,f,f,f,f,t,1.7,f,,t,77,t,0.65,t,118,f,,other,-,860718068,otro
37,F,t,f,f,f,f,f,f,f,f,f,f,f,f,f,t,0.1,t,1.9,t,156,f,,f,,f,,other,L,860718079,otro
68,F,f,f,f,f,f,f,f,f,f,f,f,f,f,f,t,0.19,t,1.6,t,91,t,1.04,t,88,f,,other,-,860718084,otro
70,F,f,f,f,f,f,f,f,f,f,f,f,f,f,f,t,14,f,,t,123,t,1.11,t,111,f,,other,G,860721007,hipotiroidismo
49,M,f,f,f,f,f,f,f,f,f,f,f,f,f,f,t,10,f,,t,111,t,0.85,t,131,f,,other,G,860721008,hipotiroidismo
63,F,f,f,f,f,f,f,f,f,f,f,f,f,f,f,t,1.9,t,1.5,t,63,t,0.57,t,111,f,,other,-,860721009,otro
21,M,f,f,f,f,f,f,f,f,f,f,f,f,f,f,t,1.1,f,,t,115,t,0.71,t,162,f,,SVI,-,860721010,otro
71,M,f,f,f,f,f,f,f,f,f,f,f,f,f,f,t,2.8,t,2,t,125,t,1.12,t,112,f,,SVI,-,860721011,otro
71,M,f,f,f,f,f,f,f,f,f,f,f,f,f,f,t,0.99,t,1.1,t,129,t,0.8,t,162,f,,other,-,860721014,otro
77,F,f,f,f,f,f,f,f,t,f,f,f,f,f,f,t,6.2,t,0.7,t,84,t,0.73,t,115,f,,other,GK,860721015,hipotiroidismo
64,F,f,f,f,f,f,t,f,f,f,f,f,f,f,f,t,3.3,t,0.8,t,88,t,0.67,t,131,f,,other,Q,860721016,otro
61,F,f,f,f,f,f,f,f,f,f,f,f,f,f,f,t,2.6,f,,t,100,t,1.06,t,94,f,,other,-,860721029,otro
13,F,f,f,f,f,f,f,f,f,f,f,f,t,f,f,t,2.9,f,,t,104,t,0.87,t,120,f,,other,-,860721030,otro
16,M,f,f,f,f,f,f,f,f,f,f,f,f,f,f,t,1.3,t,2.5,t,103,t,0.86,t,120,f,,other,-,860721040,otro
75,F,f,f,f,f,f,f,f,f,f,f,f,f,f,f,t,1.2,t,1.5,t,128,t,0.89,t,144,f,,SVI,-,860721049,otro
60,M,f,f,f,f,f,f,f,f,f,f,f,f,f,f,t,1.9,t,2.5,t,95,t,0.98,t,97,f,,SVI,-,860721050,otro
49,M,f,f,f,f,f,t,f,f,f,f,f,f,f,f,t,3,t,2.2,t,91,t,0.86,t,105,f,,SVI,-,860721051,otro
49,M,f,f,f,f,f,f,f,f,f,f,f,f,f,f,t,0.72,t,0.7,t,123,t,0.73,t,168,f,,SVI,-,860721052,otro
83,F,f,f,f,f,f,f,f,f,f,f,f,f,f,f,t,1.2,t,1.6,t,100,t,0.89,t,112,f,,SVI,-,860721053,otro
58,F,t,f,f,f,f,f,f,f,f,f,f,f,f,f,t,0.11,f,,t,132,t,0.76,t,174,f,,other,-,860721057,otro
58,F,t,f,f,f,f,f,f,f,f,f,f,f,f,f,t,0.83,t,2.1,t,127,t,1.01,t,126,f,,other,-,860721063,otro
30,F,f,f,f,f,f,f,f,f,f,f,f,f,f,f,t,1.8,f,,t,111,t,1.04,t,107,f,,other,-,860721065,otro
64,F,f,f,f,f,f,f,f,f,f,f,f,f,f,f,t,3.8,t,1.8,t,97,t,0.85,t,114,f,,SVI,-,860721066,otro
61,F,t,f,f,f,f,f,t,t,f,f,f,f,f,f,t,7.4,t,1.2,t,86,t,0.96,t,90,f,,other,M,860721075,otro
42,F,t,f,f,f,f,f,f,f,t,f,f,f,f,f,t,0.12,t,1.3,t,93,t,0.67,t,139,f,,other,-,860721076,otro
29,M,t,f,f,f,f,f,f,t,t,f,f,f,f,f,t,0.19,t,1.7,t,147,f,,f,,f,,other,-,860721079,otro
37,F,f,f,f,f,f,f,f,f,f,f,f,f,f,f,t,1.4,t,2.6,t,136,t,1.15,t,118,f,,SVHC,-,860722001,otro
44,M,f,f,f,f,f,f,f,f,f,f,f,f,f,f,t,2.9,t,3.3,t,82,t,0.89,t,92,f,,SVHC,R,860722002,otro
30,M,f,f,f,f,f,f,f,f,f,f,f,f,f,f,t,2.9,t,2.1,t,116,t,0.67,t,173,f,,SVHC,R,860722003,otro
31,F,f,f,f,f,f,f,f,f,f,f,f,f,f,f,f,,f,,t,90,t,0.87,t,103,f,,other,-,860722025,otro
19,F,f,f,f,f,f,f,f,f,f,f,f,f,f,f,f,,f,,t,84,t,0.78,t,108,f,,other,-,860722027,otro
59,F,f,f,f,f,f,f,f,t,f,f,f,f,f,f,t,11,t,1.6,t,120,f,,f,,f,,other,G,860722028,hipotiroidismo
61,F,f,f,f,f,f,f,f,f,f,f,f,f,f,f,t,1.9,t,1.7,t,104,t,0.9,t,116,f,,SVI,-,860722039,otro
30,M,f,f,f,f,f,f,f,f,f,f,f,f,f,f,t,2.5,t,1.4,t,77,t,0.7,t,110,f,,SVI,-,860722040,otro
73,M,f,f,f,f,f,f,f,f,f,f,f,f,f,f,t,1.5,t,2.2,t,119,t,0.92,t,129,f,,other,-,860722041,otro
75,M,f,f,f,f,f,f,f,f,f,f,f,f,f,f,t,1.3,t,1.8,t,78,t,0.65,t,121,f,,other,-,860722042,otro
60,M,f,f,f,f,f,f,f,f,f,f,f,f,f,f,t,2.2,f,,t,77,t,0.63,t,122,f,,other,-,860722059,otro
74,M,f,f,f,f,f,f,f,f,f,f,f,f,f,f,t,0.48,t,1.5,t,92,t,0.85,t,108,f,,other,-,860723006,otro
74,F,f,f,f,f,f,f,f,f,f,f,f,f,f,t,t,1.2,t,1.9,t,122,t,0.56,t,218,f,,SVHC,R,860723007,otro
63,F,f,f,f,f,f,f,f,f,f,f,f,f,f,f,t,1.7,t,1.6,t,98,t,0.88,t,111,f,,other,-,860723008,otro
15,F,f,f,f,t,f,f,f,f,f,f,f,f,f,f,t,3.1,f,,t,88,t,0.74,t,119,f,,SVHD,-,860723009,otro
15,F,f,f,f,f,f,f,f,f,f,f,f,f,f,f,t,2.6,t,1.4,t,137,t,0.81,t,169,f,,other,R,860723012,otro
47,F,f,f,f,f,f,f,f,t,f,f,f,f,f,f,t,5.2,f,,t,98,t,0.74,t,132,f,,other,-,860723013,otro
47,M,f,f,f,f,f,f,f,f,f,f,f,f,f,f,t,0.77,f,,t,80,f,,f,,f,,other,-,860723015,otro
62,F,t,f,f,f,f,f,f,f,f,f,f,f,f,f,t,2.8,t,1,t,84,t,0.52,t,162,f,,other,KJ,860723027,otro
56,,f,f,f,f,f,f,f,f,f,f,f,f,f,f,t,2.1,t,2.4,t,137,t,1.19,t,115,f,,SVI,-,860723038,otro
56,M,f,f,f,f,f,f,f,f,f,f,f,f,f,f,t,0.95,t,0.9,t,116,t,0.45,t,258,f,,SVI,KJ,860723040,otro
54,F,f,f,f,f,f,f,f,t,f,f,f,f,f,f,t,6.5,t,1.9,t,88,t,1.02,t,86,f,,other,G,860723041,hipotiroidismo
58,F,t,f,f,f,f,f,f,f,f,f,f,f,f,f,t,10,f,,t,81,t,0.94,t,86,f,,other,M,860723080,otro
58,F,f,f,f,f,f,f,f,f,f,f,f,f,f,f,t,0.71,t,2.5,t,94,t,0.94,t,100,f,,other,-,860723081,otro
61,F,f,f,f,f,f,f,f,f,f,f,f,f,f,f,t,3.9,t,1.2,t,107,t,0.86,t,122,f,,SVI,-,860723086,otro
70,M,t,f,f,f,f,f,t,f,t,f,f,f,f,f,t,1.9,t,1.3,t,136,t,0.8,t,170,f,,other,-,860723101,otro
47,F,f,f,t,f,f,f,f,f,f,f,f,f,f,f,t,1.9,t,1.7,t,109,t,0.89,t,123,f,,other,-,860724002,otro
82,F,f,f,f,f,f,f,f,f,f,f,f,f,f,t,t,73,t,1,t,25,t,0.99,t,25,f,,SVHC,F,860724005,hipotiroidismo
58,F,f,f,f,f,f,f,f,f,f,f,f,t,f,f,t,0.63,t,1.6,t,107,t,0.93,t,115,f,,other,-,860724006,otro
38,F,f,f,f,f,f,f,f,f,f,t,f,f,f,f,t,1.7,t,1.1,t,64,t,0.76,t,84,f,,SVHC,K,860724007,otro
69,M,f,t,f,f,f,f,f,f,f,f,f,f,f,f,t,1.4,t,0.1,t,54,t,0.71,t,76,f,,SVI,K,860724008,otro
42,M,f,f,f,f,f,f,f,f,f,f,f,f,f,f,t,1.4,t,1.7,t,124,t,0.49,t,253,f,,SVHC,R,860724009,otro
42,F,f,f,f,f,f,f,f,f,f,f,f,f,f,f,t,0.3,t,2.8,t,118,t,0.97,t,122,f,,other,-,860724011,otro
72,F,f,f,f,t,f,f,f,f,f,f,f,f,f,f,t,4.9,t,0.9,t,99,t,0.78,t,127,f,,other,K,860724012,otro
28,F,f,f,f,f,f,f,f,f,f,f,f,f,f,f,t,1,t,1.9,t,98,t,0.95,t,103,f,,other,-,860724013,otro
63,M,f,f,f,f,f,f,f,f,f,t,f,f,f,f,t,3.2,t,1.7,t,87,t,0.75,t,116,f,,SVHC,-,860724017,otro
36,F,f,f,f,t,f,f,f,f,t,f,f,f,f,f,t,2.9,t,2,t,96,t,0.91,t,106,f,,other,-,860724020,otro
63,F,f,t,f,f,f,f,f,f,f,f,f,t,f,f,t,0.085,t,1.9,t,186,f,,f,,f,,other,-,860724027,otro
45,F,t,f,f,f,f,f,f,f,f,f,f,f,f,f,t,12,f,,t,137,t,0.74,t,185,f,,other,-,860724029,otro
45,F,f,f,f,f,f,f,f,t,t,f,f,f,f,f,t,1.9,t,1.8,t,129,t,0.63,t,205,f,,other,R,860724030,otro
49,F,f,f,f,f,f,f,f,t,t,f,f,f,f,f,f,,f,,f,,f,,f,,t,27,other,-,860724035,otro
56,F,f,f,f,f,f,f,f,f,f,f,f,f,f,f,t,1.2,t,1.6,t,114,t,0.72,t,158,f,,SVI,R,860724057,otro
72,F,f,f,f,f,f,f,f,f,f,f,f,f,f,f,t,4.1,t,0.3,t,100,t,0.87,t,115,f,,SVI,K,860724058,otro
80,F,f,f,f,f,f,f,f,f,f,f,f,f,f,f,t,4.1,t,0.7,t,131,t,0.74,t,177,f,,other,-,860724061,otro
59,M,f,f,f,f,f,f,f,f,t,f,f,f,f,f,t,7.8,f,,t,89,t,0.85,t,105,f,,other,G,860724062,hipotiroidismo
37,F,f,f,f,f,f,f,f,f,f,f,f,f,f,f,t,1.8,t,1.9,t,115,t,1.19,t,97,f,,SVHC,-,860724063,otro
37,F,f,f,f,f,f,f,f,f,f,f,f,f,f,f,t,2.4,t,2,t,99,t,0.83,t,119,f,,SVHC,-,860724064,otro
72,F,t,f,f,f,f,f,f,f,f,f,f,f,f,f,f,,t,1.9,t,125,t,0.97,t,129,f,,other,-,860724065,otro
58,F,t,f,f,f,f,f,f,f,f,f,f,f,f,f,t,1.5,f,,t,151,t,1.02,t,148,f,,other,-,860724067,otro
26,F,t,f,f,f,f,f,f,f,f,f,f,f,f,f,t,0.39,t,1.8,t,147,t,0.79,t,185,f,,other,-,860724068,otro
76,F,f,f,f,f,f,f,f,f,f,f,f,f,f,f,t,4.3,t,2.5,t,89,t,0.95,t,94,f,,other,-,860725010,otro
33,M,f,f,f,f,f,f,f,f,f,f,f,f,f,f,t,6.5,t,1.2,t,90,t,0.86,t,105,f,,SVHC,G,860725011,hipotiroidismo
33,F,t,f,f,f,f,f,f,f,f,f,f,f,f,t,t,1,t,2.1,t,108,t,0.92,t,117,f,,SVHC,-,860725012,otro
58,F,f,f,f,f,f,f,f,f,f,t,f,f,f,f,t,6.4,t,2.3,t,85,t,1.06,t,80,f,,SVHC,G,860725013,hipotiroidismo
34,F,t,f,f,f,f,f,f,f,f,f,f,f,f,f,t,0.095,t,6.1,t,182,t,1,t,182,f,,other,N,860725016,otro
54,F,t,f,t,f,f,f,f,f,f,f,f,f,f,f,t,0.085,f,,t,184,t,1.09,t,169,f,,other,L,860725049,otro
53,M,f,f,f,f,f,f,f,f,f,f,f,f,f,f,t,1.4,t,2.7,t,129,t,0.95,t,136,f,,SVHC,-,860728001,otro
60,F,f,f,f,f,f,f,f,f,f,f,f,f,f,f,t,8.099999,t,2.1,t,118,t,1.05,t,112,f,,SVI,G,860728004,hipotiroidismo
86,F,f,f,f,f,f,f,f,f,f,f,f,f,f,f,t,4.9,t,1.5,t,73,f,,f,,f,,SVI,-,860728005,otro
76,M,f,f,f,f,f,f,f,f,f,f,f,f,f,f,t,2.1,t,1.3,t,93,t,0.82,t,113,f,,SVI,-,860728006,otro
68,F,f,f,f,f,f,f,f,f,f,f,f,f,f,f,t,5,t,2.4,t,100,f,,f,,f,,other,-,860728007,otro
60,F,f,f,f,f,f,t,f,f,f,f,f,f,f,f,t,1.7,t,2.6,t,113,t,0.9,t,126,f,,other,-,860728008,otro
60,M,f,f,f,f,f,f,f,f,f,f,f,f,f,f,t,2.9,f,,t,82,t,0.74,t,111,f,,other,-,860728012,otro
60,M,f,f,f,f,f,f,f,f,f,f,f,f,f,f,t,31,t,2.3,t,236,t,1.02,t,231,f,,other,R,860728014,otro
34,F,f,f,f,f,f,f,f,f,f,f,f,t,f,f,t,1.1,f,,t,111,t,0.96,t,116,f,,STMW,-,860728016,otro
22,F,f,f,f,f,f,f,f,f,f,f,f,f,f,f,t,1.9,f,,t,150,t,1.06,t,142,f,,STMW,-,860728017,otro
30,F,f,f,f,f,t,f,f,f,f,f,f,f,f,f,t,1.5,f,,t,222,t,1.73,t,128,f,,STMW,I,860728018,otro
27,F,f,f,f,f,t,f,f,f,f,f,f,f,f,f,t,0.26,f,,t,142,t,1.34,t,106,f,,STMW,I,860728019,otro
61,M,f,f,f,f,f,f,f,f,f,f,f,f,f,f,f,,f,,f,,f,,f,,t,23,other,-,860728036,otro
61,,f,f,f,f,f,f,f,f,f,f,f,f,f,f,t,17,t,1.6,t,89,t,0.69,t,129,t,18,other,G,860728044,hipotiroidismo
31,F,f,f,f,t,f,f,f,t,f,f,f,f,f,f,t,0.14,t,1,t,103,t,0.66,t,156,f,,SVI,-,860728047,otro
64,M,f,f,f,f,f,f,f,f,f,f,f,f,f,f,t,3.1,f,,t,98,t,0.9,t,109,f,,SVI,-,860728048,otro
75,F,f,f,f,f,f,f,f,f,f,f,f,f,f,f,t,0.18,t,1,t,151,t,0.7,t,216,f,,SVI,R,860728049,otro
28,F,f,f,f,f,f,f,f,f,f,f,f,f,f,f,t,1.9,t,1.5,t,102,t,0.8,t,128,f,,SVI,-,860728050,otro
83,F,f,f,f,f,f,f,f,f,f,f,f,f,f,f,t,12,t,1.5,t,94,t,0.94,t,100,f,,SVI,G,860728058,hipotiroidismo
30,F,f,f,f,f,f,f,f,f,f,f,f,f,f,f,f,,f,,t,91,t,0.84,t,108,f,,other,-,860728059,otro
48,M,f,f,f,f,f,f,f,f,f,f,f,f,f,f,t,0.55,f,,t,81,t,0.57,t,142,f,,other,-,860728060,otro
68,F,f,f,f,f,f,f,f,f,f,f,f,f,f,f,t,1.6,t,0.9,t,83,t,0.65,t,128,f,,other,-,860728064,otro
35,F,f,f,f,f,f,f,f,f,f,f,f,f,f,f,t,2,t,3.2,t,146,t,1.2,t,122,f,,other,I,860728073,otro
61,F,f,f,f,f,f,f,f,f,f,f,f,f,f,f,t,3,t,2.4,t,88,t,0.62,t,142,f,,other,-,860729001,otro
33,F,f,f,f,f,f,f,f,f,f,f,f,f,f,f,t,1.7,t,2.5,t,93,t,0.78,t,119,f,,SVI,-,860729009,otro
56,F,f,f,f,f,f,f,f,f,f,f,f,f,f,f,t,1.4,t,1.9,t,107,t,0.93,t,115,f,,SVHC,-,860729011,otro
48,F,f,f,f,f,f,f,f,f,f,f,f,f,f,f,t,3.4,t,2.6,t,54,t,1.02,t,53,f,,SVHC,R,860729012,otro
35,M,f,f,f,f,f,f,f,f,f,f,f,f,f,f,t,0.9,t,1.5,t,97,t,0.85,t,114,t,30,SVI,-,860729023,otro
48,F,f,f,f,f,f,f,f,f,f,f,f,f,f,f,t,0.065,t,3.4,t,133,t,0.53,t,251,f,,SVI,-,860729035,otro
76,F,f,f,f,f,f,f,t,f,f,f,f,f,f,f,t,1.3,t,2.4,t,97,t,0.99,t,98,f,,other,-,860729037,otro
39,F,f,f,f,f,f,f,f,f,f,f,f,f,f,f,f,,f,,f,,f,,f,,t,38,other,S,860729064,otro
44,F,f,f,f,f,f,f,f,f,f,f,f,f,f,f,t,1.2,t,2.4,t,135,t,1.01,t,135,t,32,SVI,-,860729072,otro
64,M,f,f,f,f,f,f,f,f,f,f,f,f,f,f,t,0.85,t,1.6,t,122,t,0.79,t,154,f,,other,-,860729074,otro
78,F,f,f,f,f,f,f,f,f,f,f,f,f,f,f,t,1,t,2,t,120,t,0.96,t,125,t,35,SVI,-,860729075,otro
24,F,f,f,f,f,f,f,f,f,f,f,f,f,f,f,f,,f,,t,100,t,0.87,t,115,f,,other,-,860729078,otro
37,F,f,f,f,f,f,f,f,f,f,f,f,f,f,f,t,1.2,t,1.4,t,72,t,0.47,t,153,f,,other,-,860729096,otro
56,M,f,f,f,f,f,f,f,f,f,f,f,f,f,f,t,0.8,t,1.7,t,93,t,0.73,t,127,f,,other,-,860729099,otro
81,F,f,f,f,f,f,f,f,f,f,f,f,f,f,f,t,3.8,t,2.1,t,87,t,1.05,t,83,f,,other,-,860730001,otro
35,F,f,f,f,f,f,f,f,t,f,f,f,f,f,f,t,2.3,f,,t,127,t,1.11,t,114,f,,other,-,860730002,otro
61,F,f,f,f,f,f,f,f,f,f,f,f,f,f,f,t,2,t,1.8,t,95,t,0.91,t,104,f,,other,-,860730003,otro
72,F,f,f,f,f,f,f,f,f,f,f,f,f,f,t,t,1.4,f,,t,108,t,0.95,t,114,f,,other,-,860730004,otro
72,F,f,f,f,f,f,f,f,f,t,f,f,f,f,f,t,1.5,t,1.8,t,97,t,1,t,97,f,,SVHD,-,860730005,otro
72,F,f,f,f,f,f,f,f,f,f,f,f,f,f,f,t,2.4,t,1.8,t,82,t,0.84,t,99,f,,SVHC,-,860730007,otro
57,M,f,f,f,f,f,f,f,f,f,f,f,f,f,f,t,1.7,t,2.2,t,86,t,0.69,t,126,f,,SVI,-,860730008,otro
34,M,f,f,f,f,f,f,f,f,f,f,f,f,f,t,t,1.4,f,,t,116,t,0.88,t,132,f,,SVHC,-,860730009,otro
41,M,f,f,f,f,f,f,f,f,f,t,f,f,f,f,t,8.4,f,,t,94,t,0.84,t,112,f,,SVHC,G,860730010,hipotiroidismo
24,F,f,f,f,f,f,f,f,f,f,f,f,f,f,f,t,1.8,t,2.4,t,92,t,0.85,t,108,f,,STMW,-,860730013,otro
27,M,f,f,f,f,f,f,f,f,t,f,f,f,f,f,t,0.78,t,2.3,t,116,t,0.73,t,159,f,,other,R,860730015,otro
68,F,f,f,f,f,f,f,t,f,f,f,f,f,f,f,t,54,t,1.2,t,19,t,1.04,t,18,f,,SVI,P,860730018,otro
47,M,t,f,f,f,f,f,f,f,f,f,f,f,f,f,t,0.55,t,1.8,t,134,t,0.97,t,138,f,,other,-,860730022,otro
54,F,f,f,f,f,f,f,f,f,t,f,f,f,f,f,t,0.07,t,3.1,t,156,t,0.81,t,193,f,,other,-,860730030,otro
56,F,t,f,f,f,f,f,f,f,f,f,f,f,f,f,t,0.21,t,2.4,t,232,t,0.98,t,237,f,,other,L,860730049,otro
71,M,f,f,f,f,f,f,f,f,t,f,f,f,f,f,t,3.3,t,1.9,t,116,t,0.91,t,128,f,,SVI,-,860730070,otro
70,M,f,f,f,f,f,f,f,f,t,f,f,f,f,f,t,3.2,t,1,t,85,t,0.59,t,144,f,,SVI,K,860730071,otro
48,F,f,f,f,f,f,f,f,f,f,f,f,f,f,f,t,0.07,t,5.6,t,292,t,0.98,t,298,f,,other,I,860730072,otro
65,F,f,f,f,f,f,f,f,f,t,f,f,f,f,f,t,2,t,2.7,t,121,t,0.97,t,125,f,,SVI,-,860730073,otro
70,F,f,f,f,f,f,f,f,f,f,f,f,f,f,f,t,1,t,2.7,t,161,t,0.92,t,175,f,,other,R,860730074,otro
58,F,f,f,f,f,f,f,f,f,f,f,f,f,f,f,t,6.9,t,1.5,t,91,t,0.95,t,96,f,,SVI,G,860730075,hipotiroidismo
49,F,f,f,f,t,f,f,f,t,f,f,f,f,f,f,t,32,t,2.1,t,82,t,0.73,t,112,f,,SVHD,G,860730076,hipotiroidismo
35,F,f,f,f,f,f,f,f,t,f,f,f,f,f,f,t,13,t,3,t,141,t,1.27,t,111,f,,other,GI,860730096,hipotiroidismo
76,F,f,f,f,f,f,f,f,f,f,f,f,f,f,f,t,3.1,t,1.2,t,100,t,0.7,t,143,f,,other,-,860731001,otro
38,F,f,f,f,f,f,f,f,f,f,t,f,f,f,f,t,2.8,f,,t,114,t,0.94,t,122,f,,SVHC,-,860731002,otro
37,F,f,f,f,f,f,f,f,f,f,f,f,f,f,f,t,3.9,t,1,t,90,t,0.77,t,117,f,,other,-,860731003,otro
17,F,f,f,f,f,f,f,f,f,f,f,f,f,f,f,t,2.9,t,2.5,t,110,t,0.91,t,121,f,,STMW,-,860731009,otro
22,F,f,f,f,f,f,f,f,f,f,f,f,f,f,f,t,2.4,t,3.1,t,110,t,0.82,t,134,f,,other,I,860731014,otro
38,M,f,f,t,f,f,f,f,f,f,f,f,f,f,f,t,0.13,t,6.4,t,256,t,0.77,t,332,f,,other,-,860731016,otro
38,F,t,f,f,f,f,f,f,f,f,f,f,f,f,f,t,0.56,t,2.9,t,158,t,0.75,t,211,f,,other,-,860731017,otro
34,F,f,f,f,f,f,f,f,f,t,f,f,f,f,f,t,2.2,t,2.4,t,85,t,0.55,t,155,f,,other,-,860731022,otro
1,M,f,f,f,f,f,f,f,f,f,f,f,f,f,f,t,1.7,t,3,t,196,t,0.96,t,204,f,,other,I,860731027,otro
60,F,f,f,f,f,f,f,t,f,f,f,f,f,f,f,t,12,t,3.1,t,93,f,,f,,f,,other,-,860731033,otro
51,F,f,f,f,f,f,f,f,f,f,f,f,f,f,f,t,0.23,t,3.7,t,144,t,0.91,t,158,f,,other,-,860731034,otro
75,F,t,f,f,f,f,f,f,f,t,f,f,f,f,f,t,1.8,t,1.9,t,184,f,,f,,f,,other,L,860731035,otro
19,F,f,f,f,f,f,f,f,f,f,f,f,f,f,f,t,2.4,t,2.9,t,108,t,1,t,108,f,,other,I,860731040,otro
74,F,t,f,f,f,f,f,f,f,f,f,f,f,f,f,t,98,t,3.5,t,13,t,0.9,t,14,f,,other,-,860731041,otro
78,F,f,f,f,f,f,f,f,f,f,f,f,f,f,f,t,1.4,t,0.8,t,84,t,0.49,t,171,f,,SVI,KJ,860731045,otro
69,M,f,f,f,f,f,f,f,f,f,f,f,f,f,f,t,4.2,t,1.9,t,144,t,0.88,t,164,f,,SVI,R,860731046,otro
79,F,f,f,f,f,f,f,f,f,f,f,f,f,f,f,t,2.4,t,1.2,t,75,t,0.57,t,132,f,,SVI,-,860731047,otro
63,M,f,f,f,f,f,f,f,f,f,f,f,f,f,f,t,2,t,1.8,t,73,t,0.64,t,114,f,,other,-,860731048,otro
35,F,f,f,f,f,f,f,f,f,f,f,f,t,f,f,t,0.91,f,,t,118,t,0.85,t,139,f,,other,-,860731059,otro
33,M,f,f,f,f,f,f,f,f,f,f,f,t,f,f,t,1.7,t,2.6,t,89,t,0.6,t,148,f,,SVI,-,860731071,otro
33,M,t,f,f,f,f,f,f,f,f,f,f,f,f,t,t,2.7,t,3.2,t,143,t,0.84,t,170,f,,SVHC,-,860731072,otro
48,F,f,f,f,f,f,f,f,f,f,f,f,f,f,f,t,1.1,t,1.9,t,86,t,0.94,t,92,f,,other,-,860731073,otro
56,F,f,f,f,f,f,f,f,f,f,f,f,f,f,f,t,1.7,t,2.4,t,91,t,1.05,t,87,f,,other,-,860731075,otro
25,M,f,f,f,f,f,f,f,f,f,f,f,f,f,f,t,0.99,t,3,t,149,f,,f,,f,,SVI,-,860731077,otro
42,F,f,f,f,f,f,f,f,f,t,f,f,f,f,f,t,0.065,t,3.1,t,156,t,0.94,t,166,f,,other,A,860731082,hipertiroidismo
39,F,t,f,f,f,f,f,f,f,f,f,f,f,f,f,t,7.5,t,1.9,t,99,t,1.03,t,96,f,,other,M,860731085,otro
34,F,f,f,f,f,f,f,f,f,t,f,f,f,f,f,t,0.065,t,5.1,t,138,t,1.13,t,122,f,,other,B,860731093,hipertiroidismo
56,F,t,f,f,f,f,f,f,t,f,f,f,f,f,f,t,1.4,t,2.3,t,115,t,1.07,t,107,f,,other,-,860731094,otro
56,F,f,f,f,f,f,f,f,t,f,f,f,f,f,f,t,13,t,2.5,t,77,t,0.95,t,81,f,,other,G,860801003,hipotiroidismo
17,M,f,f,f,f,f,f,f,f,f,f,f,f,f,f,t,1.6,f,,t,102,t,0.93,t,110,f,,other,-,860801009,otro
36,M,t,f,f,f,f,f,f,f,f,f,f,f,f,t,t,1.6,t,2.8,t,131,t,1.05,t,125,f,,SVHC,-,860801019,otro
45,M,f,f,f,f,f,f,f,f,f,f,f,f,f,f,t,1.8,t,1.9,t,105,t,0.9,t,117,f,,SVHC,-,860801020,otro
55,F,f,f,f,f,f,f,f,f,f,f,f,f,f,f,t,5.1,t,2.1,t,96,t,0.87,t,110,f,,SVHC,-,860801021,otro
52,M,f,f,f,f,f,f,f,f,f,f,f,f,f,f,t,11.9,t,2.6,t,79,t,0.9,t,88,f,,other,G,860801022,hipotiroidismo
52,F,t,f,f,f,f,f,f,f,f,f,f,f,f,t,t,2.4,t,2.8,t,118,t,1.01,t,117,f,,SVHC,-,860801023,otro
28,M,f,f,f,f,f,f,f,f,f,f,f,f,f,f,t,1.9,t,1.7,t,74,t,0.73,t,101,f,,SVHC,-,860801024,otro
39,F,t,f,f,f,f,f,f,f,f,f,f,f,f,f,t,0.9,t,1.5,t,84,t,0.89,t,94,f,,other,-,860801041,otro
22,M,f,f,f,f,f,f,f,f,f,f,f,f,f,f,t,1.6,t,2.7,t,111,t,0.91,t,122,f,,SVI,-,860801052,otro
62,F,f,f,f,f,f,f,f,f,f,f,f,f,f,f,t,0.4,t,2.6,t,101,t,1.03,t,98,f,,SVI,-,860801053,otro
36,F,f,f,f,f,f,f,f,f,f,f,f,f,f,f,t,3.2,t,2,t,107,t,0.84,t,127,f,,SVI,-,860801054,otro
83,M,f,f,f,f,f,f,f,f,f,f,f,f,f,f,t,2.4,t,1.8,t,99,t,0.76,t,130,f,,SVI,-,860801055,otro
83,M,t,f,f,f,f,f,f,f,f,f,f,f,f,f,t,0.065,t,2,t,116,t,0.71,t,163,f,,other,L,860801077,otro
76,F,f,f,f,f,f,f,f,t,f,f,f,f,f,f,t,1.9,t,1.4,t,67,t,0.65,t,103,f,,SVI,-,860801084,otro
55,F,f,f,f,f,f,f,f,f,f,f,f,f,f,f,t,4.9,t,2,t,97,t,0.87,t,112,f,,SVHC,-,860801085,otro
77,F,t,f,f,f,f,f,f,f,f,f,f,f,f,f,t,1.5,t,1.8,t,114,t,0.81,t,141,f,,other,-,860801086,otro
61,F,f,f,f,f,f,f,f,f,t,f,f,f,f,f,t,0.065,t,5.3,t,210,t,0.87,t,241,f,,other,A,860801094,hipertiroidismo
44,F,f,f,f,f,f,f,f,f,f,f,f,f,f,f,t,1.6,f,,t,97,t,0.81,t,120,f,,other,-,860801096,otro
42,F,t,f,f,f,f,f,f,f,f,f,f,f,f,f,t,1.6,f,,t,123,t,0.91,t,135,f,,other,-,860801097,otro
38,F,f,f,f,f,f,f,f,f,f,t,f,f,f,f,t,1.5,t,2.9,t,89,t,1,t,89,f,,other,-,860805013,otro
38,F,f,f,f,f,f,f,f,f,f,f,f,f,f,f,t,0.065,t,3.3,t,95,t,0.91,t,104,f,,other,I,860805014,otro
34,F,f,f,f,f,f,f,f,f,f,f,f,f,f,f,t,4.7,t,2.2,t,155,t,0.94,t,165,f,,other,R,860805015,otro
80,F,f,f,f,f,f,f,f,f,f,f,f,f,f,f,t,3.3,t,1.9,t,112,t,0.87,t,129,f,,SVI,-,860805016,otro
47,M,f,f,f,f,f,f,f,f,f,f,f,f,f,f,t,1.5,t,2.9,t,69,t,1.01,t,68,f,,SVHC,-,860805017,otro
57,M,f,f,f,f,f,f,f,f,f,t,f,f,f,f,t,3.6,t,2.5,t,60,t,0.94,t,64,f,,SVHC,-,860805018,otro
68,F,f,f,f,f,f,f,f,f,f,f,f,f,f,f,t,66,f,,t,28,t,1.07,t,26,f,,SVI,F,860805019,hipotiroidismo
27,F,f,f,f,f,f,f,f,f,f,f,f,f,f,f,t,2.5,f,,t,107,t,0.99,t,108,f,,other,-,860805020,otro
57,F,f,f,f,f,f,t,f,f,f,f,f,f,f,f,t,2.1,t,2.5,t,134,t,0.94,t,142,f,,SVI,-,860805021,otro
77,F,f,f,f,t,f,f,f,f,f,f,f,f,f,f,t,3,t,2.6,t,114,t,0.88,t,130,f,,other,-,860805022,otro
36,F,f,f,f,f,f,f,f,f,t,f,f,f,f,f,t,2.1,t,1.7,t,83,t,0.58,t,143,f,,SVI,-,860805023,otro
73,F,f,f,f,f,f,f,f,f,f,f,f,f,f,f,t,2.9,t,1.2,t,78,t,0.73,t,107,f,,other,-,860805024,otro
28,F,f,f,f,f,f,f,f,f,f,f,f,f,f,f,t,3.3,t,2,t,75,t,0.82,t,92,t,21,SVI,-,860805027,otro
47,M,f,f,f,f,f,f,f,f,f,t,f,f,f,f,t,0.35,t,2.6,t,63,t,0.92,t,69,f,,SVHC,-,860805028,otro
72,F,f,f,f,f,f,f,f,t,f,f,f,f,f,f,t,1.6,t,1.8,t,99,t,1.05,t,94,f,,other,-,860805030,otro
19,M,f,f,f,f,f,f,f,f,f,f,f,f,f,f,t,4.5,t,1.3,t,62,t,0.74,t,84,f,,other,-,860805056,otro
55,M,f,f,f,f,f,f,f,f,f,f,f,f,f,f,t,4,t,1.1,t,79,t,0.73,t,108,f,,other,-,860805057,otro
37,M,f,f,f,f,f,f,f,f,f,f,f,f,f,f,t,0.48,t,0.4,t,64,t,0.32,t,200,f,,other,KJ,860805058,otro
57,M,f,f,f,f,f,f,f,f,f,f,f,f,f,f,t,1,t,1.1,t,64,t,0.67,t,95,f,,other,-,860805059,otro
71,M,f,f,f,f,f,f,f,f,f,f,f,f,f,f,t,6.3,t,1.4,t,66,t,0.64,t,103,f,,other,G,860805060,hipotiroidismo
72,F,f,f,f,f,f,f,f,f,f,f,f,f,f,f,t,2.4,t,0.8,t,84,t,0.82,t,102,f,,other,K,860805061,otro
21,M,f,f,f,f,f,f,f,f,f,f,f,f,f,f,t,0.68,t,1.7,t,94,f,,f,,f,,other,-,860805062,otro
64,F,t,f,f,f,f,f,f,f,f,f,f,f,f,f,t,17,f,,t,109,t,1.01,t,108,f,,other,M,860805063,otro
64,M,f,f,f,f,f,f,f,f,f,f,f,f,f,f,t,9.299999,t,2.5,t,92,f,,f,,f,,other,G,860805069,hipotiroidismo
71,F,f,f,f,f,f,f,f,t,f,f,f,f,f,f,t,2,t,3,t,97,t,1.14,t,85,f,,other,-,860805073,otro
75,F,f,f,f,f,f,f,f,f,f,f,f,f,f,f,t,0.49,t,1.2,t,88,t,0.63,t,140,f,,SVI,-,860805074,otro
55,M,f,f,f,f,f,f,f,f,f,f,f,f,f,f,t,3,t,1.7,t,94,t,0.85,t,111,f,,SVI,-,860805075,otro
53,F,f,f,f,f,f,f,f,f,f,f,f,f,f,f,t,3.9,f,,t,142,t,1.17,t,121,f,,other,-,860805078,otro
42,F,f,f,f,f,f,f,f,f,f,f,f,f,f,f,t,1.5,t,2.4,t,109,t,0.97,t,112,f,,other,-,860805087,otro
25,F,f,f,f,f,f,f,f,f,f,f,f,f,f,f,f,,f,,t,111,t,0.97,t,114,f,,other,-,860805111,otro
49,M,f,f,f,f,f,f,f,f,f,f,f,f,f,f,t,2.8,t,1.8,t,103,t,0.72,t,143,f,,other,-,860805112,otro
24,F,f,f,f,f,f,f,f,f,f,f,f,f,f,f,t,0.72,t,2.6,t,117,f,,f,,f,,other,-,860806004,otro
27,F,f,f,f,f,f,f,f,f,f,f,f,f,f,f,t,0.34,t,0.7,t,66,t,1.17,t,56,f,,other,-,860806028,otro
44,M,f,f,f,f,f,f,f,f,f,t,f,f,f,f,t,1.6,t,2.4,t,130,t,1.08,t,120,f,,SVHC,-,860806029,otro
52,F,f,f,f,f,f,f,f,f,f,f,f,f,f,f,t,1.2,t,1.9,t,79,t,0.62,t,127,f,,other,-,860806031,otro
46,F,f,f,f,f,f,f,f,f,f,f,f,t,f,f,t,0.74,t,2.1,t,127,t,1.07,t,119,f,,SVHD,-,860806033,otro
46,,f,f,f,f,f,f,f,f,f,f,f,f,f,f,t,27,t,2.5,t,91,t,0.87,t,105,t,28,other,G,860806041,hipotiroidismo
39,M,f,t,f,f,f,f,f,f,f,f,f,f,f,f,f,,f,,t,118,t,0.71,t,166,f,,other,-,860806063,otro
34,F,f,f,f,f,f,f,f,f,f,f,f,f,f,f,f,,f,,f,,f,,f,,t,29,other,-,860806076,otro
69,M,f,f,f,f,f,f,f,f,f,f,f,f,f,f,t,0.66,t,2.2,t,152,t,1.05,t,145,f,,SVI,-,860806080,otro
75,M,f,f,f,f,f,f,f,f,f,f,f,f,f,f,t,2,t,1.7,t,123,t,0.75,t,164,f,,SVI,R,860806081,otro
81,F,f,f,f,f,f,f,f,f,f,f,f,f,f,f,t,494,t,0.5,t,12,t,1.39,t,9,f,,SVI,F,860806082,hipotiroidismo
45,M,f,f,f,f,f,f,f,f,f,f,f,f,f,t,t,1.3,t,1.7,t,90,t,0.57,t,158,f,,SVHC,R,860806084,otro
59,F,t,f,f,f,f,f,f,f,f,f,f,f,f,t,t,2.1,t,2.1,t,107,t,0.93,t,115,f,,SVHC,-,860806085,otro
55,F,t,f,f,f,f,f,f,f,f,f,f,f,f,f,t,0.06,f,,t,151,t,0.73,t,207,f,,other,N,860806086,otro
54,,f,f,f,t,f,t,f,f,f,f,f,f,f,f,t,1.9,t,2.3,t,161,t,1.04,t,155,f,,SVHD,-,860806087,otro
23,F,f,f,f,f,f,f,f,f,t,f,f,f,f,f,t,0.065,t,18,t,430,t,0.67,t,642,f,,other,A,860806114,hipertiroidismo
74,F,f,f,f,f,f,f,f,f,f,f,f,f,f,f,t,1.8,t,1.7,t,107,t,0.84,t,127,f,,other,-,860807001,otro
56,F,f,f,f,f,f,f,f,f,f,f,f,f,f,f,t,1.4,t,2.4,t,129,t,0.94,t,137,f,,SVHC,-,860807003,otro
56,F,f,f,f,f,f,f,f,f,f,f,f,f,f,f,t,30,t,2.6,t,151,t,1.48,t,102,f,,other,-,860807004,otro
67,F,f,f,f,t,f,f,f,t,f,f,f,f,f,f,t,2.3,t,2.7,t,124,t,1.01,t,123,f,,other,-,860807005,otro
30,M,f,f,f,f,f,f,f,f,f,f,f,f,f,f,t,4.4,t,2.7,t,131,t,0.99,t,132,f,,SVHC,-,860807007,otro
35,M,f,f,f,f,f,f,f,f,f,f,f,f,f,f,t,1.3,t,2,t,80,t,1.08,t,81,f,,SVHC,-,860807008,otro
79,F,t,f,f,f,f,f,f,f,t,f,f,f,f,f,t,1.9,t,2,t,189,t,1.05,t,180,f,,other,L,860807020,otro
21,F,f,f,t,f,f,f,f,f,t,f,f,f,f,f,t,7.1,t,2.9,t,48,t,1.01,t,48,f,,other,-,860807021,otro
62,F,f,t,f,f,f,f,f,f,f,f,f,f,f,f,t,1.3,f,,t,71,t,0.72,t,99,f,,other,-,860807022,otro
41,F,t,f,f,f,f,f,f,f,f,f,f,f,f,f,t,1.1,t,1.9,t,165,t,0.99,t,167,f,,other,L,860807023,otro
48,F,t,f,f,f,f,f,f,f,f,t,f,f,f,f,t,1.2,f,,t,105,t,0.72,t,146,f,,other,-,860807028,otro
54,F,f,f,f,f,f,f,f,f,f,f,f,f,f,f,t,0.11,f,,t,152,t,0.8,t,190,f,,other,R,860807053,otro
58,M,f,f,f,f,f,f,f,f,f,f,f,f,f,f,t,3.1,t,1.9,t,133,t,0.99,t,134,f,,SVI,-,860807056,otro
66,,f,f,f,f,f,f,f,f,f,f,f,f,f,f,t,1.6,t,2.5,t,147,t,0.89,t,165,f,,SVI,R,860807057,otro
58,M,f,f,f,f,f,f,f,f,f,f,f,f,f,f,t,1.5,t,2.5,t,161,t,1.27,t,127,t,86,SVI,I,860807059,otro
64,F,f,f,f,f,f,f,f,f,f,f,f,f,f,f,t,24,t,1.1,t,100,t,0.82,t,122,f,,other,GK,860807060,hipotiroidismo
45,F,t,f,f,f,f,f,f,f,f,f,f,f,f,t,t,0.39,t,2.5,t,120,t,1.04,t,115,f,,SVHC,-,860807068,otro
76,M,f,f,f,f,f,f,t,f,f,f,f,f,f,f,t,0.07,t,3.3,t,183,t,1,t,183,f,,other,A,860807069,hipertiroidismo
24,M,f,t,f,f,f,f,f,f,f,f,f,f,f,f,f,,f,,t,86,t,1.03,t,83,f,,other,-,860807071,otro
49,F,t,f,f,t,f,f,f,t,t,f,f,f,f,f,t,0.085,t,2.7,t,157,t,1.06,t,148,f,,other,-,860808002,otro
15,F,f,f,f,f,f,f,f,f,f,f,f,f,f,f,t,1.1,f,,t,126,t,1.16,t,109,f,,other,-,860808004,otro
34,F,f,f,f,f,t,f,f,f,t,f,f,f,f,f,t,0.06,t,3.9,t,148,t,1.01,t,147,f,,other,I,860808006,otro
23,F,f,f,f,f,f,f,f,f,f,f,f,f,f,f,t,1.1,f,,t,148,t,1.14,t,130,f,,other,-,860808009,otro
74,F,f,f,f,f,f,f,f,f,f,f,f,f,f,f,t,1.6,f,,t,157,t,1.24,t,127,f,,other,-,860808010,otro
59,M,f,f,f,f,f,f,f,f,f,f,f,f,f,t,t,1.7,t,1.5,t,120,t,0.76,t,158,f,,SVHC,R,860808011,otro
37,M,f,f,f,f,f,f,f,f,f,t,f,f,f,f,t,1.9,t,2.3,t,112,t,0.87,t,129,f,,SVHC,-,860808012,otro
43,F,f,f,f,f,f,f,f,f,f,f,f,f,f,t,t,0.85,t,1.8,t,93,t,0.73,t,127,f,,SVHC,-,860808013,otro
51,M,t,f,f,f,f,f,f,f,f,f,f,f,f,f,t,1.3,t,2.5,t,117,t,0.83,t,141,f,,other,-,860808016,otro
51,F,f,f,f,f,f,f,f,f,f,f,f,f,f,f,t,1.5,f,,t,113,t,0.92,t,123,f,,other,-,860808017,otro
46,F,f,f,f,f,f,f,f,f,f,f,f,f,f,f,t,2.2,t,2.4,t,116,t,0.8,t,145,t,22,SVI,-,860808041,otro
84,F,f,f,f,f,f,f,f,f,f,f,f,f,f,f,f,,f,,f,,f,,f,,f,,other,-,860808047,otro
53,F,f,f,f,f,f,f,f,f,f,f,f,f,f,f,t,16,f,,t,107,t,1.35,t,79,f,,other,G,860808066,hipotiroidismo
26,F,f,f,f,f,f,f,f,f,f,f,f,f,f,f,f,,f,,t,123,t,1.06,t,116,f,,other,-,860808094,otro
61,F,t,f,f,f,f,f,f,f,f,f,f,f,f,f,t,5.4,f,,t,167,t,0.93,t,180,f,,other,L,860808095,otro
49,F,t,f,t,f,f,f,f,f,f,f,f,f,f,f,t,0.075,t,3.9,t,224,t,1.24,t,181,f,,other,N,860808096,otro
29,F,t,f,f,f,f,f,f,f,f,f,f,f,f,f,t,0.68,f,,t,164,t,1.1,t,149,f,,other,-,860808097,otro
27,F,f,f,f,f,f,f,f,f,f,f,f,f,f,f,t,1.6,f,,t,129,f,,f,,f,,other,-,860811001,otro
48,F,f,f,f,f,f,f,f,f,f,f,f,f,f,f,t,0.06,t,1.9,t,123,t,0.74,t,166,f,,SVI,R,860811002,otro
58,M,f,f,f,f,f,f,f,f,f,f,f,f,f,f,t,1.4,t,1.5,t,98,t,0.72,t,136,f,,other,-,860811004,otro
38,F,f,f,f,f,f,f,f,f,f,f,f,f,f,t,t,1.9,t,2.3,t,180,t,1.04,t,173,f,,SVHC,R,860811006,otro
74,F,f,f,f,f,f,f,f,t,f,f,f,f,f,f,t,22,t,2,t,89,t,1.1,t,81,f,,other,G,860811007,hipotiroidismo
20,M,f,f,f,f,f,f,f,f,f,f,f,f,f,t,t,1,t,2.4,t,165,t,0.97,t,170,f,,SVHC,R,860811008,otro
70,F,f,f,f,f,f,f,f,f,f,f,f,f,f,f,t,1,t,1.7,t,127,t,0.92,t,138,f,,SVHC,-,860811009,otro
86,F,f,f,f,f,f,f,f,f,f,f,f,f,f,f,t,3.4,t,0.7,t,97,t,0.85,t,114,f,,SVHC,K,860811010,otro
66,F,f,f,f,f,f,f,f,f,f,f,f,f,f,f,t,0.38,t,4.2,t,179,t,1.67,t,107,f,,SVHC,I,860811011,otro
52,F,f,f,f,f,f,t,t,f,f,f,f,f,f,f,t,62,f,,t,2.5,t,1.19,t,2.5,f,,other,F,860811015,hipotiroidismo
29,F,f,f,f,f,f,f,f,f,f,f,f,f,f,f,t,1.4,t,2.1,t,146,t,1.2,t,121,f,,other,-,860811016,otro
49,M,t,f,f,f,f,f,f,f,f,f,f,f,f,f,t,0.23,f,,t,126,t,0.84,t,150,f,,other,-,860811017,otro
86,F,f,f,f,f,f,f,f,f,f,f,f,f,f,f,t,2.2,t,0.7,t,105,t,0.71,t,148,f,,SVI,K,860811027,otro
60,M,f,f,f,f,f,f,f,f,f,f,f,f,f,f,f,,f,,t,74,t,0.69,t,107,f,,other,-,860811051,otro
23,F,f,f,f,f,f,f,f,f,f,f,f,f,f,f,f,,t,2.2,t,126,t,1.16,t,109,f,,other,-,860811052,otro
24,F,f,f,f,f,t,f,f,f,t,f,f,f,f,f,t,0.94,t,3.7,t,190,t,1.95,t,97,f,,other,I,860811054,otro
27,F,f,f,f,f,f,f,f,f,f,f,f,f,f,f,t,1.5,t,0.4,t,42,t,1.17,t,36,f,,other,H|K,860811055,otro
71,M,f,f,f,f,f,f,f,f,f,f,f,f,f,f,t,4.5,t,1,t,85,t,0.79,t,107,f,,other,K,860811056,otro
75,F,f,f,f,f,f,f,f,f,f,f,f,f,f,f,t,6.6,t,1.4,t,115,t,0.94,t,122,f,,other,G,860811057,hipotiroidismo
21,M,f,f,f,f,f,f,f,f,f,f,f,f,f,f,t,0.35,t,0.9,t,68,f,,f,,f,,other,-,860811058,otro
25,M,f,f,f,f,f,f,f,f,f,f,f,f,f,f,t,0.47,t,2,t,78,f,,f,,f,,other,-,860811059,otro
70,M,f,f,f,f,f,f,f,f,f,f,f,f,f,f,t,4,t,0.4,t,48,t,0.51,t,94,f,,other,J,860811060,otro
20,M,f,f,f,f,f,f,f,f,f,f,f,f,f,f,t,0.48,t,1.4,t,120,f,,f,,f,,other,-,860811061,otro
57,M,f,f,f,f,f,f,f,f,f,f,f,f,f,f,t,4.3,t,1,t,50,t,0.82,t,61,f,,other,H|K,860811062,otro
49,M,f,f,f,f,f,f,f,f,f,f,f,f,f,f,t,0.88,t,1.2,t,110,t,0.8,t,138,f,,other,-,860811063,otro
74,F,t,f,f,f,f,f,f,t,f,f,f,f,f,f,t,4.1,t,1.2,t,123,t,0.94,t,131,f,,other,-,860811068,otro
51,F,f,t,f,f,f,f,f,f,f,f,f,f,f,f,f,,f,,t,137,t,0.84,t,163,f,,other,-,860811069,otro
33,M,t,f,f,f,f,f,f,f,f,f,f,f,f,f,t,0.025,f,,t,138,t,0.64,t,217,f,,other,L,860812001,otro
48,F,f,f,f,f,f,f,f,f,t,f,f,f,f,f,t,6.6,t,1.5,t,111,t,0.86,t,129,f,,other,G,860812006,hipotiroidismo
72,F,f,f,f,t,f,f,f,f,f,f,f,f,f,f,t,3.6,f,,t,87,t,0.98,t,89,f,,SVI,-,860812008,otro
43,M,f,f,f,f,f,f,f,f,f,f,f,f,f,t,t,1.9,t,3.3,t,110,t,1.19,t,92,f,,SVHC,-,860812009,otro
37,F,f,f,f,f,f,f,f,f,f,f,f,f,f,t,t,1.8,t,2,t,118,t,1.14,t,103,f,,SVHC,-,860812012,otro
67,F,f,f,f,f,f,f,f,f,f,f,f,f,f,f,t,0.75,t,1.7,t,147,t,0.89,t,165,f,,other,R,860812033,otro
67,M,f,f,f,f,f,f,f,f,f,f,f,f,f,f,t,2.2,t,2.8,t,99,t,0.67,t,148,f,,other,-,860812052,otro
53,F,t,f,f,f,f,f,f,f,f,f,f,f,f,f,t,22,f,,t,96,t,0.83,t,116,f,,other,M,860812061,otro
79,F,f,f,f,f,f,f,f,f,f,f,f,f,f,f,t,3,t,1,t,139,t,0.8,t,174,f,,SVI,-,860812062,otro
38,F,f,f,f,f,f,f,f,f,f,f,f,f,f,f,t,1.4,f,,t,101,t,0.9,t,112,f,,other,-,860812063,otro
74,M,f,f,f,f,f,f,f,f,f,f,f,f,f,f,t,2.2,t,1.3,t,80,t,0.74,t,108,f,,SVI,-,860812064,otro
74,,f,f,f,f,f,f,f,f,f,f,f,f,f,f,f,,f,,f,,f,,f,,t,24,SVI,-,860812065,otro
49,M,f,f,f,f,f,f,f,f,f,f,f,f,f,f,t,1.7,t,2.1,t,104,t,0.78,t,133,f,,other,-,860812066,otro
72,M,f,f,f,f,f,f,f,f,f,f,f,f,f,f,t,4.6,f,,t,106,t,0.95,t,112,f,,other,-,860812067,otro
19,F,t,f,f,f,f,f,f,f,f,f,f,f,f,f,t,48,f,,t,139,t,1.18,t,118,f,,other,M,860812068,otro
57,F,f,f,f,f,f,f,f,f,f,f,f,f,f,f,t,0.3,t,1.1,t,100,t,0.64,t,156,f,,SVI,-,860812088,otro
23,F,f,f,f,f,f,f,f,f,f,f,f,f,f,f,f,,f,,t,102,t,0.96,t,106,f,,other,-,860813001,otro
37,M,f,f,f,f,f,f,f,f,t,f,f,f,f,f,t,0.09,t,1.9,t,108,t,0.77,t,140,f,,other,-,860813002,otro
76,F,f,f,f,f,f,f,f,t,f,f,f,f,f,f,t,4.9,t,1,t,122,t,1.1,t,111,f,,other,K,860813006,otro
41,F,f,f,f,f,f,f,f,f,f,f,f,f,f,t,t,1.9,t,2,t,141,t,0.78,t,181,f,,SVHC,R,860813007,otro
41,M,f,f,f,f,f,f,f,f,f,f,f,f,f,t,t,1.6,t,1.8,t,111,t,0.81,t,137,f,,SVHC,-,860813015,otro
31,F,f,f,f,f,f,f,f,f,f,f,f,f,f,t,t,1.2,t,1.7,t,101,t,0.86,t,117,f,,SVHC,-,860813017,otro
22,M,f,f,f,f,f,f,f,f,f,f,f,f,f,t,t,1.5,t,1.7,t,106,t,0.72,t,147,f,,SVHC,-,860813018,otro
56,F,f,f,f,f,f,f,f,t,f,f,f,f,f,f,t,1.2,f,,t,116,t,1.03,t,113,f,,other,-,860813020,otro
19,M,f,f,f,f,f,f,f,f,f,f,f,f,f,f,t,1.6,t,2.8,t,86,t,0.89,t,97,f,,SVHC,-,860813021,otro
27,M,f,f,f,f,f,f,f,f,t,f,f,f,f,f,t,0.74,t,2,t,108,t,0.6,t,180,f,,other,R,860813057,otro
46,F,t,f,f,f,f,t,f,t,t,f,f,f,f,f,t,3.4,t,1.8,t,123,t,0.9,t,137,f,,other,-,860813061,otro
33,F,f,f,f,f,f,f,f,f,f,f,f,f,f,f,t,393,f,,t,15,t,1.17,t,13,f,,other,F,860813084,hipotiroidismo
73,F,f,f,f,f,f,f,f,f,f,f,f,f,f,f,t,15,t,2,t,80,t,0.83,t,96,f,,other,G,860813085,hipotiroidismo
78,F,f,f,f,f,f,f,f,f,f,f,f,f,f,f,t,2.5,t,1.5,t,128,f,,f,,t,29,SVI,-,860813091,otro
68,F,f,f,f,f,f,f,f,f,f,f,f,f,f,f,t,6,t,1.1,t,121,t,0.74,t,164,f,,SVI,-,860813092,otro
62,F,f,f,f,f,f,f,f,t,f,f,f,f,f,f,t,1.2,t,1.3,t,109,t,0.92,t,118,f,,SVI,-,860813093,otro
68,F,t,f,f,f,f,f,f,f,f,f,f,f,f,f,t,20,f,,t,95,t,0.98,t,97,f,,other,M,860813104,otro
68,M,f,f,f,f,f,f,f,f,f,f,f,f,f,t,t,1.5,t,2,t,101,t,0.88,t,115,f,,SVHC,-,860814006,otro
29,F,f,f,f,f,f,f,f,f,f,t,f,f,f,f,t,4.3,t,3.7,t,124,t,1.46,t,85,f,,SVHC,-,860814008,otro
46,F,f,f,f,f,f,f,f,f,f,f,f,f,f,f,t,3.5,t,2,t,106,t,0.9,t,118,f,,other,-,860814009,otro
46,M,f,f,f,f,f,f,f,t,f,f,f,f,f,f,t,1.5,t,2.3,t,96,t,0.87,t,110,f,,other,-,860814012,otro
37,F,f,f,f,f,f,f,f,f,f,f,f,f,f,f,t,3.7,t,2,t,47,t,0.75,t,63,f,,SVHC,R,860814014,otro
62,F,f,f,f,f,f,f,f,f,f,f,f,f,f,f,t,58,f,,t,36,t,1.01,t,36,f,,other,F,860814015,hipotiroidismo
72,M,f,f,f,f,f,f,f,f,f,f,f,f,f,f,t,2.3,t,2.1,t,70,t,0.76,t,92,f,,other,-,860814018,otro
55,F,t,f,f,f,f,f,f,f,f,f,f,f,f,f,t,2.2,t,1.8,t,129,t,0.98,t,132,f,,other,-,860814026,otro
70,M,t,f,f,f,f,f,t,t,f,f,f,f,f,f,t,37,t,1.3,t,94,t,1,t,94,f,,other,M,860814028,otro
67,F,t,f,f,f,f,f,f,f,f,f,f,f,f,f,t,4.8,t,1.2,t,128,t,0.92,t,139,f,,other,-,860814029,otro
53,M,f,f,f,f,f,f,t,f,f,f,f,f,f,f,t,1.1,t,1.9,t,76,t,0.67,t,113,f,,other,-,860814030,otro
57,M,f,t,f,f,f,f,f,f,f,f,f,f,f,f,t,1,f,,t,79,t,0.81,t,98,f,,other,-,860814048,otro
25,F,f,f,f,f,f,f,f,f,t,f,f,t,f,f,t,1.9,t,2.1,t,95,t,0.94,t,101,f,,other,-,860814049,otro
42,F,f,f,f,f,f,f,f,f,f,f,f,f,f,f,t,3.5,t,1.1,t,60,t,0.9,t,67,f,,SVI,K,860814052,otro
69,F,f,f,f,f,f,f,f,f,f,f,f,f,f,f,t,1.5,t,1,t,169,f,,f,,f,,SVI,R,860814053,otro
66,F,f,f,f,f,f,f,f,f,f,f,f,f,f,f,t,2.6,t,1.2,t,107,t,0.95,t,112,f,,SVI,-,860814056,otro
59,F,f,f,f,f,f,f,f,f,f,f,f,f,f,f,t,6.8,t,1.9,t,90,t,0.98,t,92,f,,other,G,860814057,hipotiroidismo
62,F,f,f,f,f,f,f,f,f,f,f,f,f,f,f,t,7.9,t,1.8,t,93,f,,f,,f,,other,G,860814058,hipotiroidismo
41,F,f,f,f,f,f,f,f,f,t,f,f,f,f,f,t,1.2,t,1.7,t,76,t,0.78,t,97,f,,other,-,860814059,otro
76,F,f,f,f,f,f,f,f,f,f,f,f,f,f,f,t,9.299999,f,,t,107,t,1.13,t,95,f,,other,G,860814061,hipotiroidismo
53,F,f,f,f,f,f,f,f,f,t,f,f,f,f,f,t,3.8,t,1.9,t,107,t,1.01,t,106,f,,other,-,860814065,otro
22,M,t,f,f,f,f,f,f,f,f,f,f,f,f,t,t,0.66,t,2.2,t,120,t,1.22,t,98,f,,SVHC,-,860814067,otro
68,M,f,t,f,f,f,f,f,f,f,f,f,f,f,f,f,,f,,t,86,t,0.93,t,92,f,,other,-,860814068,otro
68,,f,f,f,f,f,f,f,f,f,f,f,f,f,f,t,1,t,6.8,t,109,t,0.96,t,113,t,27,other,-,860815001,otro
59,M,f,f,f,f,f,f,f,f,f,f,f,f,f,f,t,0.075,t,2.4,t,146,t,1.08,t,135,f,,other,-,860815005,otro
66,F,f,f,f,f,f,f,f,f,f,f,f,f,f,f,t,2.2,t,2,t,90,t,0.9,t,100,f,,other,-,860815006,otro
34,F,f,f,f,f,f,f,f,f,f,f,f,f,f,f,t,0.075,t,3.4,t,93,t,1.07,t,87,f,,other,I,860815009,otro
45,F,f,f,f,f,f,f,f,f,t,f,f,f,f,f,t,3,t,2.1,t,107,t,1.17,t,92,f,,other,-,860815010,otro
41,F,f,f,f,f,f,f,f,f,f,f,f,f,f,f,t,0.96,t,2,t,102,t,0.97,t,105,f,,SVI,-,860815024,otro
65,F,f,f,f,f,f,f,f,f,f,f,f,f,f,f,t,11,f,,t,73,t,0.78,t,94,f,,other,G,860815025,hipotiroidismo
37,F,f,f,f,f,f,f,f,f,f,f,f,f,f,f,t,1.4,f,,t,98,t,1,t,98,f,,other,-,860815026,otro
32,F,f,f,f,f,f,f,f,f,f,f,f,f,f,f,t,0.15,f,,t,102,t,0.96,t,106,f,,other,-,860815027,otro
57,M,f,f,f,f,f,f,f,f,f,f,f,f,f,f,t,1.4,t,2.5,t,121,t,1.02,t,119,f,,SVHC,-,860815033,otro
15,F,f,f,f,f,f,f,f,f,f,f,f,f,f,f,t,1.2,t,2.1,t,113,t,0.9,t,126,f,,other,-,860815036,otro
97,F,f,f,f,f,f,f,f,f,f,f,f,f,f,f,t,2.9,t,0.5,t,101,t,0.64,t,158,f,,SVI,-,860815048,otro
97,M,f,f,f,f,f,f,f,f,f,f,f,f,f,f,t,2.3,t,1.8,t,93,t,0.89,t,104,t,29,SVI,-,860815049,otro
77,F,f,f,f,f,f,f,f,f,f,f,f,f,f,f,t,0.075,t,2.4,t,250,t,1.05,t,238,f,,SVI,AK,860815050,hipertiroidismo
72,F,t,f,f,f,f,f,f,f,f,f,f,f,f,f,t,1.5,f,,t,79,t,0.96,t,82,f,,other,-,860818004,otro
72,F,f,f,f,f,f,f,f,f,f,f,f,f,f,f,f,,t,2.7,f,,f,,f,,f,,other,-,860818009,otro
72,F,f,f,f,f,f,f,f,f,f,f,f,f,f,f,t,1.5,t,2.4,t,112,t,1.02,t,110,f,,other,-,860818015,otro
56,M,f,f,f,f,f,f,f,f,f,f,f,f,f,f,t,0.64,t,2.4,t,86,t,0.92,t,94,f,,other,-,860818016,otro
70,F,f,f,f,f,f,f,f,f,f,f,f,f,f,f,t,2,t,2.2,t,133,t,0.95,t,140,f,,SVI,-,860818017,otro
41,M,f,f,f,f,f,f,f,f,f,f,f,f,f,t,t,1.6,t,3.1,t,61,t,0.93,t,66,f,,SVHC,-,860818018,otro
41,M,f,f,f,f,f,f,f,f,f,f,f,f,f,t,t,3.6,t,3.4,t,99,t,1.07,t,93,f,,SVHC,-,860818021,otro
49,M,f,f,f,f,f,f,t,f,f,f,f,f,f,f,t,20,f,,t,5,t,1,t,5,f,,other,F,860818022,hipotiroidismo
49,F,t,f,f,f,f,f,f,f,f,f,f,f,f,f,t,0.8,t,1.8,t,98,t,1.13,t,87,f,,other,-,860818023,otro
28,F,f,f,f,f,t,f,f,f,t,f,f,f,f,f,t,0.1,t,9.5,t,90,t,1.12,t,80,f,,STMW,I,860818028,otro
42,F,f,f,f,f,f,f,f,f,f,f,f,f,f,f,t,1.5,t,3.2,t,108,t,1.06,t,102,f,,other,I,860818037,otro
55,F,f,f,f,f,f,f,f,t,f,f,f,t,f,f,t,2.6,t,2.4,t,74,t,0.97,t,76,f,,other,-,860818038,otro
60,F,f,f,f,f,f,t,f,f,f,f,f,f,f,f,f,,t,2.7,t,71,t,0.85,t,84,f,,other,-,860818040,otro
60,F,f,f,f,f,f,f,f,f,f,f,f,f,f,f,t,0.08,t,2.8,t,161,t,1.12,t,144,f,,other,-,860818042,otro
32,F,f,f,f,f,f,f,f,f,f,f,f,f,f,f,f,,f,,t,82,t,0.91,t,90,f,,other,-,860818043,otro
43,F,f,t,f,f,f,f,f,f,f,f,f,f,f,f,t,7.2,t,2.3,t,81,t,0.99,t,82,f,,other,G,860818044,hipotiroidismo
26,F,f,f,f,f,f,f,f,f,f,f,f,f,f,t,t,1.1,t,2.3,t,96,t,0.78,t,123,f,,SVHC,-,860818047,otro
56,M,f,f,f,f,f,f,f,f,f,f,f,f,f,f,t,5.1,t,2.9,t,133,t,1,t,133,f,,SVI,-,860818063,otro
56,M,f,f,f,f,f,f,f,f,f,f,f,f,f,f,t,3.1,t,0.9,t,57,t,0.61,t,93,f,,other,-,860818064,otro
65,M,f,f,f,f,f,f,f,f,f,f,f,f,f,f,t,1.8,t,2.3,t,119,t,1.04,t,114,f,,SVI,-,860818065,otro
53,F,f,f,f,f,f,f,f,f,f,f,f,f,f,f,t,2.9,t,0.9,t,50,t,0.62,t,81,f,,other,-,860818066,otro
76,F,f,f,f,f,f,f,f,f,t,f,f,f,f,f,t,3.1,t,1.4,t,96,t,1.02,t,94,f,,SVI,-,860818067,otro
28,F,f,f,f,f,f,f,f,f,f,f,f,f,f,f,t,2.4,t,0.9,t,58,t,1.28,t,45,f,,other,H|K,860818068,otro
67,M,f,f,f,f,f,f,f,f,f,f,f,f,f,f,t,3,t,1.6,t,80,t,0.64,t,125,f,,other,-,860818069,otro
47,F,f,f,f,f,f,f,f,f,f,f,f,f,f,f,t,3.1,t,2.4,t,93,t,1.1,t,85,f,,SVI,-,860818070,otro
49,M,f,f,f,f,f,f,f,f,f,f,f,f,f,f,t,0.27,t,1.6,t,75,t,0.77,t,97,f,,other,-,860818071,otro
83,F,f,f,f,f,f,f,f,f,f,f,f,f,f,f,t,4.9,t,1.2,t,55,t,0.74,t,74,f,,SVI,-,860818072,otro
70,F,f,f,f,f,f,f,f,f,f,f,f,f,f,f,t,2,t,2.1,t,110,t,0.87,t,126,f,,SVI,-,860818073,otro
62,M,f,f,f,f,f,f,f,f,f,f,f,f,f,f,t,2.7,t,2,t,103,t,0.72,t,143,f,,other,-,860818074,otro
75,M,f,f,f,f,f,f,f,f,f,f,f,f,f,f,t,1.9,t,2.3,t,103,t,0.95,t,108,f,,SVI,-,860818075,otro
71,F,t,f,f,f,f,f,f,f,f,f,f,f,f,f,t,0.83,t,3,t,154,t,1.14,t,135,f,,other,-,860818078,otro
41,F,f,f,f,f,f,f,f,t,f,f,f,f,f,f,t,0.89,t,2.3,t,98,t,0.98,t,100,f,,SVI,-,860818079,otro
42,F,t,f,f,f,f,f,f,t,f,f,f,f,f,f,t,0.13,t,2.1,t,84,t,0.75,t,112,f,,other,-,860818080,otro
47,M,f,f,t,f,f,f,f,f,f,f,f,f,f,f,t,2.3,t,2.3,t,75,t,0.89,t,84,f,,other,-,860818081,otro
47,F,f,f,f,f,f,f,f,f,f,f,f,f,f,f,t,11,t,2.1,t,95,t,1.07,t,89,f,,other,G,860818085,hipotiroidismo
51,F,t,f,f,f,f,f,f,f,f,f,f,f,f,f,t,0.08,f,,t,146,t,0.82,t,178,f,,other,-,860818086,otro
70,F,f,f,f,f,f,f,f,f,f,f,f,f,f,f,t,4.3,f,,t,78,t,0.98,t,80,f,,other,-,860819003,otro
43,F,f,f,f,f,f,f,f,f,f,f,f,f,f,f,t,2.5,t,2.6,t,95,t,1.06,t,90,f,,STMW,-,860819009,otro
57,F,f,f,f,f,f,f,f,f,t,f,f,f,f,f,f,,f,,f,,f,,f,,t,14,other,-,860819026,otro
38,F,t,f,f,f,f,f,f,f,f,f,f,f,f,f,t,1,f,,t,117,t,0.92,t,127,f,,other,-,860819029,otro
53,F,f,f,f,f,f,f,f,f,f,f,f,f,f,f,t,0.6,t,2.5,t,75,f,,f,,f,,other,-,860819031,otro
78,M,f,f,f,f,f,f,f,f,f,f,f,f,f,f,t,4.5,t,0.9,t,69,t,0.74,t,93,f,,SVI,K,860819045,otro
75,F,f,f,f,f,f,f,f,f,f,f,f,f,f,f,t,2.1,t,1.3,t,84,t,0.63,t,133,f,,other,-,860819046,otro
81,F,f,f,f,f,f,f,f,t,f,f,f,f,f,f,t,5.4,t,2.1,t,102,t,1.1,t,93,f,,SVI,-,860819047,otro
90,F,f,f,f,f,f,f,f,f,f,f,f,f,f,f,t,1.5,t,1.8,t,98,t,0.94,t,104,f,,other,-,860819048,otro
86,M,f,f,f,f,f,f,f,f,f,f,f,f,f,f,t,2.1,t,2.2,t,75,t,0.82,t,92,f,,other,-,860819051,otro
38,F,f,f,f,f,f,f,f,f,f,t,f,f,f,f,t,0.59,t,2.3,t,99,t,0.96,t,103,f,,SVHC,-,860819054,otro
30,F,f,f,f,f,f,f,f,f,f,f,f,f,f,f,t,2.1,t,1.8,t,101,t,1.03,t,98,f,,other,-,860819055,otro
38,F,f,f,f,f,f,f,f,f,f,f,f,f,f,f,t,0.39,t,2.1,t,111,t,0.91,t,122,f,,SVI,-,860819056,otro
48,M,f,f,f,f,f,f,f,f,f,f,f,f,f,f,t,4.4,t,0.6,t,65,t,0.66,t,98,f,,SVI,K,860819057,otro
73,F,f,f,f,f,f,f,f,f,f,f,f,f,f,f,t,1.1,t,3.6,t,161,t,0.69,t,233,f,,SVI,I,860819058,otro
47,F,t,f,f,f,f,f,f,f,f,f,f,f,f,f,t,0.25,t,2.4,t,150,t,1.1,t,136,f,,other,-,860819068,otro
47,M,f,f,f,f,f,f,f,f,f,t,f,f,f,f,t,1.2,t,2.1,t,105,t,0.89,t,118,f,,SVHC,-,860820003,otro
34,F,f,f,f,f,f,f,f,f,f,f,f,f,f,f,t,1.9,t,2.7,t,128,f,,f,,f,,SVHC,-,860820004,otro
34,M,f,f,f,f,f,f,f,f,f,t,f,f,f,f,t,10,t,2.2,t,86,t,0.91,t,95,f,,SVHC,G,860820005,hipotiroidismo
47,M,f,f,f,f,f,f,f,f,f,t,f,f,f,f,t,1.1,t,2.1,t,61,t,0.89,t,69,f,,SVHC,-,860820007,otro
48,M,f,f,t,f,f,f,f,f,f,f,f,f,f,f,t,0.21,t,3.8,t,168,t,0.98,t,171,f,,other,-,860820017,otro
53,F,f,f,f,f,f,f,f,f,f,f,f,f,f,f,t,14,t,1.3,t,77,t,0.94,t,82,f,,other,G,860820032,hipotiroidismo
53,,f,f,f,f,f,f,f,f,f,f,f,f,f,f,t,4,t,2.2,t,83,f,,f,,f,,other,-,860820049,otro
73,M,f,f,f,f,f,f,f,f,f,f,f,f,f,f,t,2,t,1.9,t,99,t,0.83,t,119,f,,SVI,-,860820053,otro
67,F,f,f,f,t,f,f,f,f,f,f,f,f,f,f,t,0.7,f,,t,99,t,0.94,t,105,f,,other,-,860820055,otro
78,F,f,f,f,f,f,f,f,f,f,f,f,f,f,f,t,38,t,1.4,t,74,t,0.98,t,76,f,,SVHC,G,860820058,hipotiroidismo
79,F,f,f,f,f,f,f,f,f,f,f,f,f,f,f,t,1.9,t,1.3,t,73,t,0.76,t,96,f,,other,-,860820059,otro
79,F,f,f,f,f,f,f,f,f,f,f,f,f,f,f,t,8.7,t,3.3,t,138,t,1.53,t,90,f,,other,GI,860820063,hipotiroidismo
70,M,f,f,f,f,f,f,f,f,f,f,f,f,f,f,t,1,t,2.3,t,112,t,1.04,t,108,f,,SVI,-,860820066,otro
79,M,f,f,f,f,f,f,f,f,f,f,f,f,f,f,t,3.7,t,1,t,81,t,0.82,t,99,f,,SVI,K,860820067,otro
56,F,f,f,f,f,f,f,f,f,f,f,f,f,f,f,t,0.105,t,1.5,t,108,t,0.81,t,133,f,,SVI,-,860820068,otro
62,M,f,f,f,f,f,f,f,f,f,f,f,f,f,f,t,0.88,t,1,t,90,t,0.67,t,134,f,,SVI,K,860820069,otro
62,F,f,f,f,f,f,f,t,f,f,f,f,f,f,f,t,6.5,f,,t,110,t,1.41,t,78,f,,other,G,860820071,hipotiroidismo
69,F,f,f,f,f,f,f,f,f,f,f,f,f,f,f,t,2.4,t,2.1,t,93,t,1.06,t,88,f,,other,-,860821025,otro
28,F,f,f,f,f,f,f,f,f,f,f,f,f,f,f,t,1.9,f,,t,74,t,1.27,t,58,f,,other,I,860821027,otro
30,M,f,f,f,f,f,f,f,f,f,f,f,f,f,f,t,2.1,t,1.7,t,111,t,0.82,t,135,f,,SVHC,-,860821031,otro
51,M,f,f,f,f,f,f,f,f,f,f,f,f,f,f,t,1.7,t,1.3,t,160,t,0.99,t,162,f,,SVHC,R,860821032,otro
16,F,t,f,f,f,f,f,f,f,f,f,f,f,f,f,t,252,t,1.7,t,5,t,1.08,t,5,f,,other,F,860821040,hipotiroidismo
61,M,t,f,f,f,f,f,f,t,f,f,f,f,f,f,t,1.2,t,2.3,t,96,t,0.72,t,133,f,,other,-,860821041,otro
67,F,f,f,f,f,f,f,f,f,f,f,f,f,f,f,t,2.6,t,2.6,t,157,t,1.16,t,135,f,,other,-,860821042,otro
56,M,f,f,f,f,f,f,f,f,f,f,f,f,f,f,t,0.76,t,2.3,t,90,t,0.94,t,96,f,,other,-,860821045,otro
52,F,f,f,f,f,f,f,f,f,f,f,f,f,f,f,t,0.19,t,3,t,108,t,1.13,t,96,f,,other,-,860821046,otro
28,F,f,t,f,f,f,f,f,f,f,f,f,f,f,f,t,1.7,t,2.9,t,119,t,1.41,t,84,f,,other,-,860821047,otro
52,F,f,f,f,f,f,f,f,f,f,f,f,f,f,f,t,1.9,t,1.7,t,107,t,1.01,t,106,f,,SVI,-,860821048,otro
60,,f,f,f,f,f,f,f,f,t,f,f,f,f,f,t,2.7,t,1.3,t,105,t,1.01,t,104,f,,other,-,860821049,otro
71,M,f,f,f,f,f,f,f,f,f,f,f,f,f,f,t,2.7,t,1.8,t,97,t,1.01,t,96,f,,SVI,-,860821050,otro
57,M,f,f,f,f,f,f,f,f,f,f,f,f,f,f,t,0.93,t,1.4,t,57,t,0.72,t,79,f,,other,-,860821057,otro
61,F,t,f,f,f,f,f,f,f,f,f,f,f,f,f,t,1.3,t,2,t,137,t,1.15,t,119,f,,other,-,860821062,otro
34,,f,f,f,f,f,f,f,f,f,f,f,f,f,f,f,,f,,t,82,t,1.08,t,76,f,,other,-,860821069,otro
29,F,f,f,f,f,f,f,f,f,f,f,t,f,f,f,t,7.9,t,2.4,t,151,t,1.63,t,93,f,,other,-,860821070,otro
60,F,f,f,f,f,f,f,f,f,t,f,f,f,f,f,t,1.1,t,3.1,t,62,t,0.94,t,66,f,,other,-,860821076,otro
73,M,f,f,f,f,f,f,f,f,f,f,f,f,f,f,t,2.1,t,2.3,t,104,t,0.94,t,110,f,,SVI,-,860821078,otro
65,F,f,f,f,t,f,f,f,f,f,f,f,f,f,f,t,2.8,t,2.7,t,105,t,1.16,t,91,f,,other,-,860822002,otro
66,F,f,f,t,f,f,f,t,f,t,f,f,f,f,f,t,0.09,t,3.4,t,153,t,2.33,t,66,f,,other,I,860822004,otro
47,F,f,f,f,f,f,f,f,f,f,f,f,f,f,f,t,3.2,t,4.2,t,126,t,1.1,t,115,f,,SVHC,I,860822009,otro
53,M,f,t,f,f,f,f,f,f,f,f,f,f,f,f,f,,t,2.1,t,75,t,0.86,t,87,f,,other,-,860822010,otro
48,F,t,f,f,f,f,f,f,f,f,f,f,f,f,f,t,6.7,f,,t,161,t,1.62,t,99,f,,other,-,860822013,otro
61,M,f,f,f,f,f,f,f,t,f,f,f,f,f,f,t,1.6,f,,t,115,t,1.08,t,106,f,,other,-,860822019,otro
62,F,f,f,f,f,f,f,f,t,f,f,f,f,f,f,t,2.2,f,,t,99,t,1.03,t,95,f,,other,-,860822021,otro
42,M,f,f,f,f,f,f,f,f,f,f,f,f,f,f,t,1.2,t,2,t,57,t,0.41,t,140,f,,SVHC,J,860822022,otro
32,F,f,f,f,f,f,f,f,f,f,t,f,f,f,f,t,1.6,t,1.7,t,125,t,0.96,t,130,f,,SVHC,-,860822023,otro
84,F,f,f,f,f,f,f,f,f,f,f,f,f,f,f,t,7.8,t,1.2,t,83,t,0.69,t,121,f,,SVI,G,860822026,hipotiroidismo
78,F,f,f,f,f,f,f,f,f,f,f,f,f,f,f,t,2.2,t,3.1,t,132,t,1.06,t,125,f,,SVI,-,860822042,otro
59,M,f,f,f,t,f,f,f,f,f,f,f,f,f,f,t,2.1,f,,t,87,t,0.96,t,91,f,,SVI,-,860822043,otro
72,F,f,f,f,f,f,f,f,t,f,f,f,f,f,f,t,1.1,t,2.1,t,104,t,0.91,t,114,f,,SVI,-,860822044,otro
72,F,f,f,f,f,f,f,f,f,f,f,f,f,f,f,t,3.6,t,1.4,t,89,t,0.76,t,117,f,,other,-,860822045,otro
76,M,f,f,f,f,f,f,f,f,f,f,f,f,f,f,t,1.3,t,2.4,t,136,t,1.07,t,127,f,,other,-,860822046,otro
43,F,f,f,f,f,f,f,f,f,f,f,f,f,f,f,t,0.83,t,3.3,t,144,t,1.18,t,122,f,,other,I,860822051,otro
49,M,f,f,f,f,f,f,f,f,f,f,f,f,f,f,t,1.1,f,,t,128,t,1.02,t,125,f,,other,-,860822052,otro
23,F,f,f,t,f,f,f,f,f,f,f,f,f,f,f,t,0.22,t,6.5,t,245,t,0.76,t,325,f,,other,-,860822070,otro
26,M,f,f,f,f,f,f,f,f,f,f,f,f,f,f,t,2,t,1.8,t,59,t,1,t,59,f,,SVI,K,860822071,otro
26,F,f,f,f,f,f,f,f,f,f,f,f,f,f,f,t,2.4,t,2.4,t,82,t,0.81,t,102,f,,SVHC,-,860822072,otro
26,F,f,f,f,f,f,f,f,f,f,f,f,f,f,f,t,5.1,t,2,t,80,t,0.77,t,104,f,,other,-,860822073,otro
84,F,f,f,f,f,f,t,f,f,f,f,f,f,f,f,t,0.9,t,1.7,t,99,t,0.79,t,125,f,,other,-,860825001,otro
84,F,f,f,f,f,f,f,f,f,f,f,f,f,f,f,t,1,t,1.1,t,129,t,0.86,t,150,f,,other,-,860825004,otro
84,M,f,f,f,f,f,f,f,f,f,f,f,f,f,f,t,1.7,t,2.2,t,106,f,,f,,f,,other,-,860825005,otro
29,F,f,f,f,f,f,f,f,f,f,f,f,f,f,f,t,1.1,t,2.6,t,99,t,0.93,t,106,f,,SVHC,-,860825021,otro
29,M,f,f,f,f,f,f,f,f,f,f,f,f,f,f,t,1.9,t,1.8,t,93,t,0.69,t,135,f,,SVHC,-,860825022,otro
26,F,f,f,f,f,f,f,f,f,f,f,f,f,f,f,t,2.2,t,2.4,t,110,t,0.85,t,129,f,,SVHC,-,860825023,otro
68,M,f,f,f,f,f,f,f,f,f,f,f,t,f,f,t,0.88,t,2.9,t,68,f,,f,,f,,other,-,860825024,otro
79,F,f,f,f,f,f,f,f,f,f,f,f,f,f,f,t,2.5,t,2,t,88,t,0.91,t,97,f,,other,-,860825029,otro
56,M,f,f,f,f,f,f,f,f,f,f,f,f,f,f,t,12,t,1.4,t,67,t,0.71,t,94,f,,other,G,860825030,hipotiroidismo
75,M,f,f,f,f,f,f,f,f,f,f,f,f,f,f,t,1.4,t,0.9,t,94,t,0.74,t,127,f,,other,K,860825031,otro
49,M,f,f,f,f,f,f,f,f,f,f,f,f,f,f,t,0.63,t,1.1,t,60,t,0.64,t,94,f,,other,-,860825032,otro
62,M,f,f,f,f,f,f,f,f,f,f,f,f,f,f,t,2,t,1.5,t,95,t,0.67,t,142,f,,other,-,860825034,otro
28,F,f,f,f,f,f,f,f,f,f,f,f,f,f,f,t,3,t,1,t,79,t,1.11,t,71,f,,other,-,860825036,otro
65,M,f,f,f,f,f,f,f,f,f,f,f,f,f,f,t,4.5,t,1.1,t,94,t,0.79,t,119,f,,other,-,860825037,otro
53,F,f,f,f,f,f,f,f,f,f,f,f,f,f,f,t,5.2,t,0.7,t,61,t,0.46,t,133,f,,other,-,860825038,otro
67,M,f,f,f,f,f,f,f,f,f,f,f,f,f,f,t,2.4,t,1.2,t,100,t,0.87,t,115,f,,other,-,860825039,otro
71,F,f,f,f,f,f,f,f,f,f,f,f,f,f,f,t,5.9,t,1.8,f,,f,,t,79,f,,other,-,860825045,otro
71,F,t,f,f,f,f,f,f,f,f,f,f,f,f,f,t,1.7,t,2.3,t,154,t,1.14,t,135,f,,other,-,860825049,otro
54,F,t,f,f,f,f,f,f,f,f,f,f,f,f,f,t,0.15,f,,t,127,t,0.89,t,143,f,,other,-,860825062,otro
39,F,f,f,f,f,f,f,f,f,f,f,f,f,f,f,f,,f,,t,89,t,1.17,t,76,f,,other,-,860825063,otro
22,M,f,f,f,f,f,f,f,f,f,f,f,f,f,f,t,1.1,t,2,t,81,t,0.88,t,92,f,,SVI,-,860825066,otro
69,M,f,f,f,f,f,f,f,f,f,f,f,f,f,f,t,1.6,t,2.1,t,109,t,0.97,t,112,f,,SVI,-,860825068,otro
68,F,f,f,f,f,f,f,f,f,f,f,f,f,f,f,t,2.2,t,2.4,t,117,t,1.04,t,113,f,,SVI,-,860825069,otro
75,F,f,f,f,f,f,f,f,f,f,f,f,f,f,f,t,5.1,t,2.1,t,90,t,1.07,t,84,f,,SVI,-,860825070,otro
66,F,t,f,f,f,f,t,f,f,f,f,f,f,f,f,t,0.09,t,2.2,t,198,t,0.97,t,204,f,,other,L,860825072,otro
59,M,t,f,f,f,f,f,f,t,f,f,f,f,f,f,t,15,t,1.4,t,155,t,1.05,t,148,f,,other,-,860825079,otro
1,M,f,f,f,f,f,f,f,f,f,f,f,f,f,f,t,16,t,2.7,t,150,t,1.09,t,138,f,,STMW,G,860826011,hipotiroidismo
61,M,f,f,f,f,f,f,f,f,f,f,f,f,f,f,t,1.8,t,0.3,t,23,t,0.51,t,45,f,,other,H|K,860826013,otro
57,F,f,f,f,f,f,f,f,f,f,f,f,f,f,f,t,2.4,f,,t,79,t,1.13,t,70,f,,other,-,860826032,otro
77,F,f,f,f,f,f,f,f,f,f,f,f,f,f,f,t,0.08,t,2.5,t,208,t,0.86,t,242,f,,other,R,860826050,otro
77,M,f,f,f,f,f,f,f,f,f,f,f,f,f,f,t,1.6,t,2.4,t,75,t,0.98,t,77,f,,other,-,860826051,otro
64,M,f,f,f,f,f,f,f,f,f,f,f,f,f,f,t,4.4,t,2.2,t,98,t,0.97,t,101,f,,other,-,860826057,otro
80,F,f,f,f,f,f,f,f,f,f,f,f,f,f,f,t,8.4,t,1.3,t,68,t,0.9,t,76,f,,SVI,G,860826060,hipotiroidismo
30,M,t,f,f,f,f,f,f,f,t,f,f,f,f,f,t,0.05,t,1.9,t,112,t,0.77,t,145,f,,other,-,860826061,otro
49,F,f,f,f,f,f,f,f,f,f,f,f,f,f,f,t,8.2,t,2.1,t,79,t,0.89,t,89,f,,SVI,G,860826063,hipotiroidismo
79,F,f,f,f,f,f,f,f,f,f,f,f,f,f,f,t,0.81,t,1.1,t,106,t,0.81,t,131,f,,SVI,K,860826064,otro
47,F,f,f,f,t,f,f,f,f,f,f,f,f,f,f,t,2.5,t,1.8,t,94,t,1,t,94,f,,SVI,-,860826066,otro
29,M,f,f,f,f,f,f,f,f,f,f,f,f,f,f,t,1,t,1.1,t,92,t,0.81,t,114,f,,other,-,860826068,otro
38,F,f,f,f,f,f,f,f,f,f,f,f,f,f,f,f,,t,2.7,t,166,t,1.49,t,111,f,,other,I,860826072,otro
42,F,f,f,f,f,f,f,f,f,f,f,f,f,f,f,t,1.9,t,1.6,t,101,t,0.87,t,116,f,,other,-,860826073,otro
81,F,f,f,f,f,f,f,f,f,f,f,f,f,f,f,t,0.06,t,3.2,t,138,t,1.08,t,128,f,,other,-,860826075,otro
70,F,t,f,f,f,f,f,t,t,f,f,f,f,f,f,t,0.1,t,2.1,t,126,t,0.83,t,152,f,,other,-,860826076,otro
55,M,t,f,f,f,f,f,f,f,f,f,f,f,f,f,t,4.6,f,,t,109,t,0.97,t,112,f,,other,-,860826077,otro
81,F,f,f,f,f,f,f,f,f,f,f,f,f,f,f,t,4.2,t,2.1,t,88,t,1.07,t,82,f,,SVI,-,860826081,otro
44,F,f,f,f,f,f,f,f,f,f,f,f,f,f,f,t,1.6,f,,t,78,t,0.8,t,98,f,,other,-,860826082,otro
44,F,f,f,f,t,f,f,f,f,f,f,f,f,f,f,t,1.6,t,1.7,t,118,t,1.1,t,107,f,,SVI,-,860826083,otro
62,M,f,t,f,f,f,f,f,f,f,f,f,f,f,f,t,0.41,t,3.1,t,108,t,1.07,t,101,f,,SVHD,-,860826084,otro
87,F,f,f,f,f,f,f,f,f,f,f,f,f,f,f,f,,t,1.6,f,,f,,f,,f,,other,-,860826086,otro
50,F,f,f,f,f,f,f,f,t,f,f,f,f,f,f,t,62,t,0.9,t,87,t,0.94,t,92,f,,other,GK,860827001,hipotiroidismo
32,M,f,f,f,f,f,f,f,f,f,f,f,f,f,f,t,1.6,t,2.7,t,114,t,0.93,t,123,f,,SVHC,-,860827006,otro
31,F,f,f,f,f,f,f,f,t,f,f,f,t,f,f,t,2.7,t,2.3,t,87,t,1.17,t,74,f,,SVI,-,860827008,otro
31,F,f,f,f,f,f,f,f,f,f,f,f,f,f,f,t,5.3,t,1.4,t,56,t,0.88,t,64,f,,SVHC,R,860827010,otro
56,M,f,f,f,f,f,f,f,f,f,f,f,f,f,t,t,2.4,t,2.7,t,80,t,0.94,t,85,f,,SVHC,-,860827011,otro
35,M,f,f,f,f,f,f,f,f,f,f,f,f,f,f,t,1.5,t,1.9,t,92,t,0.89,t,103,f,,SVHC,-,860827012,otro
37,F,f,f,f,f,f,f,f,f,f,f,f,f,f,f,t,1.1,t,2,t,92,t,0.96,t,96,f,,STMW,-,860827013,otro
24,M,f,t,f,f,f,f,f,f,f,f,f,f,f,f,f,,t,1.7,t,76,t,1.02,t,75,f,,other,-,860827037,otro
21,M,f,f,f,f,f,f,f,f,f,f,f,f,f,f,t,0.9,t,0.8,t,77,f,,f,,f,,SVI,K,860827038,otro
81,F,t,f,f,f,f,f,f,t,f,f,f,f,f,f,t,0.6,t,0.6,t,123,t,0.91,t,135,f,,SVI,K,860827039,otro
24,F,f,f,f,f,f,f,f,f,f,f,f,t,f,f,f,,f,,f,,f,,f,,t,33,other,S,860827051,otro
24,M,f,f,f,f,f,f,f,f,f,f,f,f,f,f,t,0.045,t,1.9,t,107,t,0.85,t,126,f,,other,-,860828002,otro
24,F,f,f,f,f,f,f,f,f,f,f,f,f,f,f,t,7.2,t,1.6,t,85,t,0.91,t,93,f,,other,G,860828004,hipotiroidismo
55,M,f,f,f,f,f,f,f,f,f,f,f,f,f,f,t,2.3,t,2.5,t,93,t,1.09,t,85,f,,SVHC,-,860828006,otro
62,M,f,f,f,t,f,f,f,f,f,f,f,f,f,f,t,2,t,1.5,t,77,f,,f,,f,,other,-,860828007,otro
54,F,f,f,f,f,f,f,f,f,f,f,f,f,f,f,t,2.8,t,2.4,t,104,t,0.74,t,141,f,,SVHC,-,860828009,otro
46,M,f,f,f,f,f,f,f,f,f,f,f,f,f,f,t,0.46,t,2.3,t,93,t,0.89,t,104,f,,SVHC,-,860828010,otro
33,M,f,f,f,f,f,f,f,f,f,f,f,f,f,f,t,4.3,t,2.3,t,125,t,0.95,t,132,f,,SVHC,-,860828011,otro
67,F,t,f,f,f,f,f,f,f,f,f,f,f,f,f,t,0.46,t,2.4,t,158,t,1.17,t,135,f,,other,-,860828025,otro
75,F,t,f,f,f,f,f,f,f,f,f,f,f,f,f,t,7,t,2.3,t,95,t,1.1,t,86,f,,other,M,860828027,otro
75,F,t,f,f,f,f,f,f,f,f,f,f,f,f,f,t,0.78,t,2.1,t,165,t,1,t,165,f,,other,L,860828028,otro
61,M,f,f,f,f,f,f,f,f,f,f,f,f,f,f,t,0.06,t,2.3,t,152,t,0.93,t,163,f,,other,R,860828029,otro
48,F,f,f,f,f,f,f,f,f,f,f,t,f,f,f,t,2.7,t,2.3,t,94,t,0.94,t,100,f,,other,-,860828030,otro
29,F,f,f,f,f,f,f,f,f,f,f,f,f,f,f,t,4.1,t,1.3,t,63,t,1.04,t,61,f,,other,-,860828031,otro
53,F,t,f,f,f,f,f,f,f,f,f,f,f,f,f,t,0.04,t,2.5,t,166,t,0.98,t,169,f,,other,N,860828032,otro
60,F,t,f,f,f,f,f,f,f,f,f,f,f,f,f,t,0.17,t,2.4,t,165,t,1,t,165,f,,other,L,860828033,otro
29,F,t,f,f,f,f,f,f,f,f,f,f,f,f,f,t,0.5,t,2.6,t,157,t,1.31,t,120,f,,other,-,860828035,otro
31,F,t,f,f,f,f,f,f,f,f,f,f,f,f,f,t,0.91,f,,t,128,t,0.87,t,147,f,,other,-,860828047,otro
51,F,t,f,f,f,f,f,f,t,t,f,f,f,f,f,t,0.46,f,,t,186,t,1.15,t,162,f,,other,L,860828051,otro
34,F,f,f,f,f,f,f,f,f,t,f,f,f,f,f,t,0.035,t,2.4,t,46,t,1.1,t,42,f,,other,-,860828053,otro
72,M,f,f,f,f,f,f,f,f,f,f,f,f,f,f,t,1,t,1.6,t,125,t,0.95,t,132,f,,SVI,-,860828057,otro
23,F,f,f,f,f,f,f,f,f,f,f,f,f,f,f,t,0.08,f,,t,169,t,1.44,t,117,f,,other,I,860828060,otro
75,F,t,f,f,f,f,f,f,f,f,f,f,f,f,f,t,3.2,f,,t,145,t,1,t,145,f,,other,-,860828074,otro
24,F,f,f,f,f,f,f,f,f,f,f,f,t,f,f,t,1.4,t,3,t,132,t,1.35,t,98,f,,other,-,860829001,otro
34,F,t,f,f,f,f,f,f,f,f,f,f,f,f,f,f,,t,2.5,t,186,t,1.33,t,140,f,,other,-,860829002,otro
15,M,f,f,f,f,f,f,f,f,f,f,f,f,f,f,t,3,t,2.3,t,84,t,0.98,t,86,f,,other,-,860829003,otro
15,F,f,f,f,f,f,f,f,f,f,f,f,f,f,f,t,1,t,1.8,t,121,t,1.25,t,97,f,,other,-,860829009,otro
15,F,f,f,f,f,f,f,f,f,f,f,f,t,f,f,t,1.5,t,1.9,t,138,t,0.98,t,141,f,,other,-,860829011,otro
70,M,f,f,f,f,f,f,f,f,f,f,f,f,f,f,t,2.3,t,1.6,t,86,t,0.72,t,119,f,,SVHC,-,860829012,otro
72,F,f,f,f,f,f,f,f,f,f,f,f,f,f,f,t,1.3,t,0.8,t,108,t,0.82,t,132,f,,other,K,860829021,otro
22,F,f,f,f,f,f,f,f,f,f,f,f,f,f,f,t,1.4,t,3.8,t,177,t,1.75,t,101,f,,STMW,I,860829033,otro
22,F,t,f,f,f,f,f,f,f,f,f,f,f,f,f,t,2,t,2.4,t,181,t,1.09,t,166,f,,other,L,860829046,otro
76,M,f,f,f,t,f,f,f,f,f,f,f,f,f,f,t,0.075,t,2.1,t,94,t,1,t,94,f,,other,-,860829055,otro
81,M,f,f,f,t,f,f,f,f,f,f,f,f,f,f,t,1.1,t,1.3,t,112,t,0.8,t,140,f,,other,-,860829056,otro
84,F,f,f,f,f,f,f,f,f,f,f,f,f,f,f,t,1,t,1.2,t,100,t,0.7,t,143,f,,SVI,-,860829057,otro
83,M,f,f,f,f,f,f,f,f,f,f,f,f,f,f,t,0.78,t,0.8,t,102,t,0.8,t,128,f,,SVI,K,860829058,otro
19,F,t,f,f,f,f,f,f,f,f,f,f,f,f,f,t,0.18,f,,t,224,t,1.34,t,167,f,,other,L,860829059,otro
17,F,f,f,f,f,f,f,f,f,f,f,f,f,f,f,t,3.6,t,2.2,t,111,t,1.01,t,110,f,,SVI,-,860829060,otro
85,F,f,f,f,f,f,f,f,f,f,f,f,f,f,f,t,3,t,2.5,t,194,t,1.08,t,180,f,,SVI,R,860829061,otro
77,F,f,f,f,f,f,f,f,f,f,f,f,f,f,f,t,3.1,t,1.3,t,106,t,0.88,t,120,f,,SVI,-,860829063,otro
69,F,f,f,f,f,f,f,f,f,f,f,f,f,f,f,t,0.47,f,,t,111,t,0.84,t,132,f,,other,-,860829066,otro
49,F,t,f,f,f,f,f,f,f,f,f,f,f,f,f,t,7.4,t,1.9,t,101,t,0.83,t,122,f,,SVHD,M,860901001,otro
52,M,f,f,f,f,f,f,f,f,f,f,f,f,f,f,t,2.7,t,2,t,83,t,0.63,t,132,f,,other,-,860901004,otro
66,M,f,f,f,f,f,f,f,f,f,f,f,f,f,f,t,0.33,t,2.2,t,134,t,0.95,t,141,f,,SVI,-,860901005,otro
73,F,f,f,f,f,f,f,f,f,f,f,f,t,f,f,t,0.025,t,4.4,t,235,t,0.92,t,255,f,,SVI,A,860901006,hipertiroidismo
57,F,f,f,f,f,f,f,f,t,f,f,f,f,f,f,t,0.94,t,2.6,t,115,t,1.11,t,104,f,,other,-,860901007,otro
57,M,f,f,f,f,f,f,f,f,f,f,f,f,f,f,t,1.7,t,2,t,95,t,0.9,t,106,f,,SVI,-,860901008,otro
57,M,t,f,f,f,f,f,f,t,f,f,f,f,f,f,t,6,t,2.3,t,115,f,,f,,f,,other,-,860901015,otro
42,F,f,f,f,f,f,f,f,f,f,f,f,f,f,f,t,0.63,t,2.5,t,111,t,0.97,t,114,f,,STMW,-,860901018,otro
22,M,f,f,f,f,f,f,f,f,f,f,f,f,f,f,t,1.3,f,,t,114,t,0.88,t,130,f,,other,-,860901045,otro
86,F,f,f,f,f,f,f,f,f,f,f,f,f,f,f,t,0.12,t,0.9,t,119,t,0.91,t,131,f,,other,K,860901047,otro
54,M,f,f,f,f,f,f,f,f,f,f,f,f,f,f,t,3.4,t,1.7,t,113,t,0.93,t,122,f,,SVI,-,860901048,otro
82,F,f,f,f,f,f,f,f,f,f,f,f,f,f,f,t,1.6,t,0.5,t,100,t,0.96,t,104,f,,SVI,K,860901051,otro
53,M,f,f,f,f,f,f,f,f,f,f,f,f,f,f,t,2.7,f,,t,108,t,0.93,t,116,f,,SVI,-,860901052,otro
51,F,f,f,f,f,f,f,f,f,f,f,f,f,f,f,t,4.9,t,0.8,t,81,t,0.85,t,95,f,,other,-,860901056,otro
70,M,f,f,f,f,f,f,f,f,f,f,f,f,f,f,t,0.46,t,0.7,t,78,t,0.59,t,132,f,,other,-,860901057,otro
71,M,f,f,f,f,f,f,f,f,f,f,f,f,f,f,t,2.3,t,0.7,t,108,t,0.69,t,156,f,,other,-,860901059,otro
4,F,f,f,f,f,f,f,f,f,f,f,f,f,f,f,t,4,t,1.2,t,94,t,0.58,t,162,f,,other,R,860901060,otro
24,F,f,f,f,f,f,f,f,f,t,f,f,f,f,f,t,0.08,t,0.4,t,58,t,0.76,t,76,f,,other,-,860901061,otro
62,M,f,f,f,f,f,f,f,f,f,f,f,f,f,f,t,1.6,t,1.5,t,105,t,0.76,t,138,f,,other,-,860901062,otro
69,M,f,f,f,f,f,f,f,f,f,f,f,f,f,f,t,0.055,t,0.3,t,65,t,0.42,t,155,f,,other,-,860901063,otro
65,M,f,f,f,f,f,f,f,f,f,f,f,f,f,f,t,4.2,t,0.6,t,58,t,0.73,t,79,f,,other,-,860901064,otro
56,M,f,f,f,f,f,f,f,f,f,f,f,f,f,f,t,14,t,1.9,t,94,t,0.86,t,109,f,,other,G,860901067,hipotiroidismo
67,M,f,f,f,f,f,f,f,f,f,f,f,f,f,f,t,5.5,t,2.2,t,107,t,0.86,t,124,f,,other,-,860901068,otro
60,F,f,f,f,f,f,f,f,f,f,f,f,f,f,f,t,11,t,2.3,t,91,t,0.96,t,95,f,,other,G,860901069,hipotiroidismo
58,F,f,f,f,f,f,f,f,f,f,f,f,f,f,f,t,0.87,t,1.3,t,94,t,1.02,t,92,f,,other,-,860902001,otro
57,F,f,f,f,f,f,f,f,f,f,f,f,f,f,f,t,0.59,t,0.9,t,110,t,0.88,t,125,t,26,other,-,860902004,otro
55,F,f,f,f,f,f,f,f,f,f,f,f,f,f,f,t,5.2,t,2.5,t,94,t,0.98,t,96,f,,SVI,-,860902006,otro
54,F,f,f,f,f,f,f,f,f,t,f,f,f,f,f,t,0.03,t,2.7,t,112,t,1,t,112,f,,other,-,860902012,otro
75,M,t,f,f,f,f,f,f,f,t,f,f,f,f,f,t,0.37,t,1.7,t,101,t,0.77,t,131,f,,other,-,860902017,otro
66,M,f,f,f,f,f,f,f,f,f,f,f,t,f,f,t,0.18,t,2.6,t,83,t,0.8,t,104,f,,other,-,860902018,otro
85,F,f,f,f,f,f,f,f,f,f,f,f,f,f,f,f,,f,,t,128,t,1.11,t,115,f,,SVI,-,860902023,otro
82,M,f,f,f,f,f,f,f,f,f,f,f,f,f,f,f,,f,,t,105,t,1.1,t,95,f,,other,-,860902024,otro
70,F,f,f,f,f,f,f,f,f,f,f,f,f,f,f,t,1.4,t,2.2,t,106,t,0.75,t,141,f,,SVI,-,860902025,otro
66,F,f,f,f,f,f,f,f,f,f,f,f,f,f,f,t,3.2,f,,t,95,t,0.87,t,109,f,,SVI,-,860902026,otro
70,F,f,f,f,f,f,f,f,f,f,f,f,f,f,f,t,2.4,t,1.6,t,145,t,0.97,t,149,f,,SVI,-,860902027,otro
54,M,f,f,f,f,f,f,f,f,f,f,f,f,f,f,t,2.9,t,1.5,t,133,t,0.96,t,139,f,,SVI,-,860902028,otro
80,M,f,f,f,f,f,f,f,f,f,f,f,f,f,f,t,2.6,t,0.5,t,76,t,0.59,t,129,f,,SVI,K,860902031,otro
73,F,f,f,f,f,f,f,f,f,f,f,f,f,f,f,t,0.56,t,1.3,t,111,t,0.86,t,128,f,,SVI,-,860902032,otro
13,M,f,f,f,f,f,f,f,f,f,f,f,f,f,f,t,0.36,t,2.2,t,161,t,1.24,t,130,f,,other,I,860902052,otro
13,F,f,f,f,f,f,f,f,f,f,f,f,f,f,f,f,,f,,f,,f,,f,,t,22,other,-,860903004,otro
32,M,f,f,f,f,f,f,f,f,f,f,f,f,f,f,t,3,t,2.9,t,107,t,0.87,t,123,f,,SVHC,-,860903005,otro
53,M,f,f,f,f,f,f,f,t,f,f,f,f,f,f,t,1,f,,t,101,t,1.02,t,99,f,,other,-,860903007,otro
51,M,f,f,f,f,f,f,f,f,f,f,f,f,f,t,t,0.88,t,2.1,t,88,t,0.85,t,104,f,,SVHC,-,860903008,otro
60,M,f,f,f,f,f,f,f,f,f,f,f,f,f,f,t,0.41,f,,t,96,t,0.87,t,110,f,,other,-,860903011,otro
50,F,f,f,f,f,f,f,f,f,f,f,f,f,f,f,f,,f,,f,,f,,f,,t,25,other,-,860903021,otro
39,F,f,f,f,f,f,f,f,f,f,f,f,f,f,f,f,,f,,f,,f,,f,,t,96,other,S,860903025,otro
38,F,f,f,f,f,f,f,f,f,f,f,f,f,f,f,t,7.3,t,1.7,t,95,f,,f,,f,,other,G,860903033,hipotiroidismo
38,F,f,f,f,f,f,f,f,f,f,f,f,f,f,f,t,0.37,t,2.5,t,180,t,1.23,t,146,f,,SVI,-,860903034,otro
55,F,f,f,f,f,f,f,f,f,f,f,f,f,f,f,t,3.5,t,2.4,t,119,t,1.7,t,70,f,,SVHC,-,860903035,otro
32,M,f,f,f,f,f,f,f,f,f,f,f,f,f,f,t,0.99,t,2.5,t,101,t,0.98,t,103,f,,SVI,-,860903037,otro
74,F,f,f,f,f,f,f,f,f,f,f,f,f,f,f,t,5,t,2.3,t,82,t,1.02,t,80,f,,other,-,860904001,otro
74,F,f,f,f,f,f,f,f,f,f,f,f,f,f,f,t,0.71,t,2.5,t,141,t,1.39,t,101,f,,other,-,860904002,otro
25,F,f,f,f,f,f,f,f,f,f,f,f,f,f,f,t,4.2,t,2.2,t,78,t,0.94,t,83,f,,other,-,860904004,otro
25,F,f,f,f,f,f,f,f,f,f,f,f,f,f,f,t,0.81,t,1.8,t,78,t,1.01,t,77,f,,other,-,860904005,otro
52,F,f,f,f,f,f,f,f,f,f,f,f,f,f,f,t,2.2,t,2.6,t,106,t,0.97,t,109,f,,other,-,860904006,otro
34,F,f,f,f,f,f,f,f,f,f,f,f,f,f,f,t,1.5,f,,f,,f,,f,,f,,other,-,860904007,otro
36,F,f,f,f,f,f,f,f,f,f,t,f,f,f,f,t,2.6,t,2.1,t,95,t,0.97,t,97,f,,SVHC,-,860904008,otro
70,F,f,f,f,f,f,f,f,f,f,t,f,f,f,f,t,5.3,t,2.7,t,103,t,1.29,t,80,f,,SVHC,-,860904009,otro
69,F,f,f,f,f,f,f,f,f,f,f,f,f,f,f,t,0.82,t,1.9,t,159,t,1.16,t,137,f,,other,-,860904018,otro
61,F,f,f,f,f,f,f,f,f,f,f,f,f,f,f,t,0.13,f,,t,107,t,1.08,t,99,f,,SVI,-,860904020,otro
11,M,f,f,f,f,f,f,f,f,f,f,f,f,f,f,t,2.1,t,2.8,t,92,t,0.97,t,95,f,,other,-,860904021,otro
65,F,f,f,f,f,f,f,f,f,f,f,f,f,f,f,t,1.7,t,0.3,t,70,t,0.61,t,115,f,,SVI,K,860904022,otro
28,F,f,f,f,t,f,f,f,f,f,f,f,f,f,f,t,2.5,t,0.7,t,87,t,1.08,t,81,f,,SVI,K,860904023,otro
78,F,f,f,f,f,f,f,f,f,f,f,f,f,f,f,f,,f,,t,89,t,0.97,t,92,f,,SVI,-,860904024,otro
51,F,f,f,f,f,f,f,f,f,f,f,f,f,f,f,t,0.99,t,1.9,t,91,t,0.95,t,96,f,,SVI,-,860904025,otro
79,F,f,f,f,f,f,f,f,f,f,f,f,f,f,f,t,1.5,t,2.2,t,102,t,0.9,t,113,f,,SVI,-,860904026,otro
69,F,f,f,f,f,f,f,f,f,f,f,f,f,f,f,t,0.07,t,2.7,t,123,t,1.29,t,95,f,,other,-,860904033,otro
48,F,f,f,f,f,f,f,f,f,f,f,f,f,f,f,t,1.1,t,2.5,t,111,t,1.3,t,85,f,,other,-,860904034,otro
32,F,f,f,f,f,f,f,f,f,f,f,f,f,f,f,t,0.055,t,2.2,t,164,t,1.35,t,122,f,,other,I,860904035,otro
61,F,f,f,f,f,f,f,f,f,f,f,f,f,f,f,t,1.3,t,1.8,t,72,t,1.04,t,69,f,,other,-,860904036,otro
28,M,f,f,f,f,f,f,f,f,f,f,f,f,f,f,f,,t,1.6,t,58,t,1.13,t,51,f,,other,-,860904043,otro
52,F,f,f,f,f,f,f,f,f,f,f,f,f,f,f,t,3.1,t,1.9,f,,f,,f,,f,,other,-,860904047,otro
40,M,f,f,f,f,f,t,f,t,f,f,f,f,f,f,f,,f,,t,85,t,1.12,t,76,f,,other,-,860904049,otro
57,M,t,t,f,f,f,f,f,f,f,f,f,f,f,f,t,0.13,t,2.4,t,116,t,0.89,t,130,f,,other,-,860904050,otro
33,M,f,f,f,f,f,f,f,f,f,f,f,f,f,f,t,0.96,t,2.7,t,112,t,1.03,t,109,f,,SVI,-,860905011,otro
60,F,f,f,f,f,f,f,f,f,f,f,f,f,f,f,t,5.7,t,2.2,t,108,t,1.15,t,94,f,,SVI,-,860905015,otro
56,M,f,f,f,f,f,f,f,f,f,f,f,f,f,f,t,0.97,t,1.9,t,96,t,0.93,t,103,f,,SVHC,-,860905016,otro
65,M,f,f,f,f,f,f,f,f,f,f,f,f,f,f,t,1.3,t,1.4,t,97,t,0.82,t,118,f,,SVI,-,860905018,otro
38,F,f,f,f,f,f,f,f,f,f,f,f,f,f,f,t,2.2,t,1.6,t,80,t,0.99,t,81,f,,SVHC,-,860905019,otro
45,F,f,f,f,f,f,f,f,f,f,f,f,f,f,f,t,1.3,t,1.2,t,95,t,0.84,t,113,f,,STMW,-,860905022,otro
67,F,f,f,f,f,f,f,f,f,f,f,f,f,f,f,t,2.1,t,1.3,t,100,t,0.82,t,122,f,,other,-,860905032,otro
15,F,f,f,f,f,f,f,f,f,f,f,f,f,f,f,t,1.5,f,,t,84,t,1.04,t,81,f,,other,-,860905033,otro
71,M,f,f,f,f,f,f,f,f,f,f,f,f,f,f,t,0.88,t,2.2,t,148,t,1.22,t,121,f,,other,-,860905036,otro
14,,f,f,f,f,f,f,f,f,f,f,f,f,f,f,t,4.1,t,3,t,114,t,1,t,114,f,,SVI,-,860905037,otro
79,M,f,f,f,f,f,f,f,f,f,f,f,f,f,f,t,1.5,t,1.5,t,139,t,0.97,t,143,f,,SVI,-,860905038,otro
79,F,f,f,f,f,f,f,f,f,f,f,f,f,f,f,f,,f,,f,,f,,f,,t,48,other,S,860905083,otro
57,F,f,f,f,f,f,f,f,f,f,f,f,f,f,f,t,1,t,1.9,t,83,t,1.01,t,82,f,,other,-,860908001,otro
76,M,f,f,f,f,f,f,f,f,f,f,f,f,f,f,t,2.7,t,1.8,t,99,t,0.8,t,124,f,,other,-,860908002,otro
26,M,f,f,f,f,f,f,f,f,f,f,f,f,f,f,t,1.8,f,,t,101,t,0.9,t,112,f,,other,-,860908003,otro
28,M,f,f,f,f,f,f,f,f,f,f,f,f,f,t,t,0.66,t,2.4,t,87,t,0.82,t,106,f,,SVHC,-,860908010,otro
47,F,f,f,f,f,f,f,f,f,f,t,f,f,f,f,t,2.1,t,2.4,t,106,t,1.12,t,95,f,,SVHC,-,860908011,otro
58,F,f,f,f,f,f,f,f,f,f,f,f,f,f,f,t,0.18,t,1.4,t,104,t,0.83,t,125,f,,SVI,-,860908012,otro
41,M,f,f,f,f,f,f,f,f,f,f,f,f,f,f,t,1.8,t,2.8,t,60,t,0.95,t,63,f,,SVHC,-,860908013,otro
20,F,f,f,f,f,f,f,f,f,f,f,f,f,f,f,t,2.8,f,,t,188,t,1.81,t,104,f,,STMW,I,860908014,otro
77,M,f,f,f,f,f,f,f,f,f,f,f,f,f,f,t,1.9,t,1.7,t,128,t,0.93,t,138,f,,other,-,860908017,otro
56,M,f,f,f,f,f,f,f,f,f,f,f,f,f,f,t,8.9,t,1.2,t,109,t,0.93,t,117,f,,other,G,860908018,hipotiroidismo
73,F,f,f,f,f,f,f,t,f,f,f,f,f,f,f,t,1.3,t,1.7,t,59,t,0.87,t,68,f,,other,-,860908026,otro
71,M,f,f,f,f,f,f,f,f,f,f,f,f,f,f,t,2.2,t,1.2,t,127,t,0.89,t,143,f,,other,-,860908029,otro
74,F,f,f,f,f,f,f,f,f,f,f,f,f,f,f,t,10,t,1.5,t,100,t,0.87,t,115,f,,other,G,860908030,hipotiroidismo
70,M,f,t,f,f,f,f,f,f,f,f,f,f,f,f,t,0.37,t,0.6,t,115,t,0.73,t,158,f,,other,-,860908031,otro
66,M,f,f,f,f,f,f,f,f,f,f,f,f,f,f,t,1.2,t,0.6,t,78,t,0.84,t,93,f,,SVI,K,860908032,otro
65,F,f,f,f,f,f,f,f,f,f,f,f,f,f,f,t,0.31,t,0.3,t,80,t,0.72,t,111,f,,other,-,860908033,otro
18,F,f,f,f,f,f,f,f,f,f,f,f,f,f,f,t,4.7,t,2.8,t,135,t,1.2,t,113,f,,other,-,860908045,otro
61,F,f,f,f,f,f,f,f,f,f,f,f,f,f,f,t,106,t,0.3,t,5,t,1.11,t,4.5,f,,other,F,860908048,hipotiroidismo
54,F,f,f,f,f,f,f,f,f,f,f,f,t,f,f,t,1.4,t,2.5,t,56,t,0.9,t,62,f,,SVI,K,860908060,otro
84,F,f,f,f,f,f,f,f,f,t,f,f,f,f,f,t,0.04,t,4.2,t,151,t,0.88,t,172,f,,other,A,860908063,hipertiroidismo
41,F,f,f,f,f,f,f,f,f,f,f,f,f,f,f,t,1.4,t,2.1,t,103,t,1.04,t,100,f,,other,-,860909001,otro
51,M,f,f,f,f,f,f,f,f,f,f,f,f,f,f,t,2.8,t,2.5,t,82,t,0.92,t,89,f,,other,-,860909002,otro
77,M,f,f,f,f,f,f,f,f,f,f,f,f,f,f,t,0.1,t,1.9,t,100,t,0.98,t,102,f,,SVI,-,860909003,otro
20,F,f,f,f,f,f,f,f,f,f,f,f,f,f,f,t,3.1,t,2.2,t,101,t,1.06,t,95,f,,other,-,860909004,otro
53,M,f,f,f,f,f,f,f,f,f,f,f,f,f,f,t,0.67,t,1.7,t,92,t,0.99,t,93,f,,SVHC,-,860909005,otro
84,M,f,f,f,f,f,f,f,f,f,f,f,f,f,f,t,3.2,t,1,t,81,t,0.73,t,111,f,,other,K,860909006,otro
58,F,f,f,f,f,f,f,f,f,f,f,f,f,f,f,t,11,t,3.5,t,146,t,1.1,t,133,f,,SVI,-,860909007,otro
20,M,f,f,f,f,f,f,f,f,f,f,f,f,f,f,t,3.7,t,2.8,t,158,t,0.96,t,165,f,,other,R,860909012,otro
59,F,f,f,f,f,f,f,f,f,f,f,f,f,f,f,t,3.3,t,2.3,t,140,t,1.1,t,127,f,,other,-,860909013,otro
65,F,f,f,f,f,f,f,f,f,f,f,f,f,f,f,t,1.6,t,1.9,t,131,t,0.95,t,138,f,,other,-,860909034,otro
86,M,f,f,f,f,f,f,f,f,f,f,f,f,f,f,t,6.5,t,0.4,t,105,t,0.8,t,131,f,,SVI,GK,860909036,hipotiroidismo
71,F,f,f,f,f,f,f,f,f,f,f,f,f,f,f,t,0.28,t,0.5,t,109,t,0.77,t,142,f,,SVI,K,860909052,otro
54,F,f,f,f,f,f,f,f,t,f,f,f,f,f,f,t,14,t,2,t,62,t,0.9,t,69,f,,other,G,860909062,hipotiroidismo
40,F,f,f,f,f,f,f,f,f,f,f,f,f,f,f,t,2.8,t,3.1,t,223,t,1.32,t,169,f,,SVHC,R,860910001,otro
62,F,f,f,f,f,f,f,f,f,f,f,f,f,f,f,t,1.7,t,2.7,t,129,t,1.1,t,117,f,,SVHC,-,860910002,otro
39,M,f,f,f,f,f,f,f,f,f,f,f,f,f,f,t,0.58,t,2.7,t,176,t,0.98,t,180,f,,SVHC,R,860910004,otro
31,F,f,f,f,f,f,f,f,f,f,f,f,f,f,f,t,0.05,t,3.1,t,152,t,1.15,t,132,f,,other,I,860910007,otro
35,M,f,f,f,f,f,f,f,f,f,f,f,f,f,f,t,1,t,1.9,t,115,t,0.86,t,134,f,,SVHC,-,860910012,otro
79,F,f,f,f,f,f,f,f,f,f,f,f,f,f,f,t,0.92,f,,t,101,t,0.91,t,111,f,,other,-,860910013,otro
23,F,f,f,f,f,f,f,f,f,f,f,f,f,f,f,t,1.1,f,,t,98,t,0.89,t,110,f,,STMW,-,860910016,otro
73,F,f,f,f,f,f,f,f,f,f,f,f,f,f,f,t,4.5,t,3.1,t,109,t,1.09,t,100,f,,other,-,860910017,otro
77,F,f,f,f,f,f,f,f,f,f,f,f,f,f,f,t,0.03,t,13.299999,t,410,t,0.79,t,519,f,,other,A,860910041,hipertiroidismo
28,F,f,f,f,t,f,f,f,f,f,f,f,f,f,f,t,2.2,t,1.1,t,89,t,0.93,t,96,f,,SVI,K,860910042,otro
62,F,t,f,f,f,f,f,f,f,f,f,f,f,f,f,t,1.3,t,2.1,t,110,t,1.14,t,96,f,,SVHD,-,860910043,otro
49,M,f,f,f,f,f,f,f,f,f,f,f,f,f,f,t,1.7,t,3,t,125,t,1.24,t,101,f,,other,-,860910063,otro
54,F,f,f,f,f,f,f,f,f,f,f,f,f,f,f,t,0.03,f,,f,,f,,f,,f,,other,-,860910069,otro
69,M,f,f,f,f,f,f,f,f,f,f,f,f,f,f,t,3.1,f,,t,109,t,0.8,t,136,f,,SVI,-,860910075,otro
53,M,f,f,f,f,f,f,f,f,f,f,f,f,f,f,t,1.5,f,,t,96,t,1.03,t,93,f,,other,-,860911001,otro
53,F,f,f,f,f,f,f,f,f,f,f,f,f,f,f,t,1.4,f,,t,83,t,0.8,t,104,f,,other,-,860911002,otro
61,F,f,f,f,f,f,f,f,f,f,f,f,f,f,f,t,0.38,f,,t,110,t,1.01,t,109,f,,other,-,860911003,otro
88,F,f,f,f,f,f,f,f,f,f,f,f,f,f,f,t,0.49,t,0.9,t,110,t,0.87,t,126,f,,other,K,860911005,otro
66,F,t,f,f,t,f,f,f,f,f,f,f,f,f,f,t,0.89,t,1.7,t,125,t,0.98,t,128,f,,other,-,860911006,otro
40,M,f,f,f,f,f,f,f,f,f,f,f,f,f,f,t,4.2,t,2,t,144,t,1.16,t,124,f,,SVHC,-,860911007,otro
23,M,f,f,f,f,f,f,f,f,f,f,f,f,f,t,t,1.3,t,1.6,t,79,t,0.66,t,120,f,,SVHC,-,860911008,otro
32,M,f,f,f,f,f,f,f,f,f,f,f,f,f,t,t,2.6,t,3,t,138,t,1.24,t,111,f,,SVHC,-,860911009,otro
39,F,f,f,f,f,f,f,f,f,f,f,f,f,f,t,t,1.2,t,2.5,t,117,t,1.04,t,113,f,,SVHC,-,860911010,otro
38,F,f,f,f,f,f,f,f,f,f,f,f,f,f,f,t,0.57,f,,t,88,t,0.94,t,94,f,,SVHC,-,860911011,otro
38,F,f,f,f,f,f,f,f,f,t,f,f,f,f,f,t,3.1,f,,t,134,t,1.07,t,125,f,,other,-,860911016,otro
72,F,f,f,f,f,f,f,f,f,f,f,f,f,f,f,t,1.1,t,0.3,t,85,t,0.61,t,139,f,,SVI,K,860911024,otro
72,M,f,f,f,t,f,f,f,f,f,f,f,f,f,f,t,1.8,t,1.7,t,114,t,1.03,t,111,f,,SVI,-,860911025,otro
54,F,f,f,f,f,f,f,f,f,f,f,f,f,f,f,t,1.8,f,,t,115,t,0.98,t,117,f,,other,-,860911028,otro
41,F,f,f,f,f,f,f,f,f,f,f,f,f,f,f,t,9.4,t,0.8,t,80,t,1.35,t,59,f,,other,-,860911030,otro
37,F,f,f,f,f,f,f,f,f,f,f,f,f,f,f,t,0.62,t,2,t,95,t,0.83,t,115,f,,SVI,-,860911035,otro
27,M,f,f,f,f,f,f,f,f,f,f,f,f,f,f,f,,f,,t,80,t,0.94,t,85,f,,other,-,860911041,otro
71,F,f,f,f,f,f,f,f,f,f,f,f,f,f,f,t,18,t,1.9,t,97,t,0.93,t,104,f,,other,G,860911042,hipotiroidismo
71,F,f,f,f,f,f,f,f,f,f,f,f,f,f,f,t,3.8,t,1.7,t,92,t,1.03,t,90,f,,other,-,860911043,otro
77,F,f,f,f,f,f,f,f,f,f,f,f,f,f,f,t,1.3,t,1.5,t,125,t,1.06,t,118,f,,other,-,860911065,otro
62,M,f,f,f,f,f,f,f,f,f,f,f,f,f,f,f,,f,,t,74,t,0.95,t,78,f,,other,-,860911068,otro
56,F,f,f,f,f,f,f,f,f,f,f,f,f,f,f,t,44,t,1.6,t,28,t,0.97,t,29,f,,other,F,860911069,hipotiroidismo
37,M,f,f,f,f,f,f,f,f,f,f,f,f,f,f,t,1.5,t,2.2,t,100,t,0.87,t,115,f,,other,-,860911072,otro
64,F,f,f,f,f,f,f,f,f,f,f,f,f,f,f,t,0.37,t,2.6,t,108,t,1.07,t,101,f,,other,-,860911073,otro
56,F,f,f,f,f,f,f,f,f,f,f,f,f,f,f,t,0.03,t,6.4,t,191,t,0.97,t,197,f,,other,A,860911074,hipertiroidismo
39,F,f,f,f,f,f,f,f,f,f,f,f,f,f,f,t,0.81,t,2.1,t,117,t,0.96,t,122,f,,other,-,860911084,otro
80,M,f,f,f,f,f,f,f,f,f,f,f,f,f,f,t,1.6,t,1.3,f,,f,,f,,f,,other,-,860911086,otro
34,F,f,f,f,f,f,f,f,f,f,f,f,f,f,f,t,3.5,t,1.7,t,5,t,1.2,t,4.15,f,,other,R,860911087,otro
17,M,f,f,f,f,f,f,f,f,f,f,f,f,f,f,t,1.6,t,3.3,t,84,f,,f,,f,,other,-,860911099,otro
19,M,f,f,f,f,f,f,f,f,f,f,f,f,f,t,t,2.3,t,3,t,93,t,0.95,t,98,f,,SVHC,-,860912008,otro
34,F,f,f,f,f,f,f,f,f,f,f,f,f,f,t,t,2.9,t,2,t,68,t,0.88,t,77,f,,SVHC,-,860912009,otro
70,M,f,f,f,f,f,f,f,f,f,f,f,f,f,f,t,1.5,t,1.3,t,139,t,0.98,t,142,f,,SVI,-,860912019,otro
66,F,f,f,f,f,f,f,f,f,f,f,f,f,f,f,t,1.7,f,,t,132,t,1.13,t,117,f,,other,-,860912029,otro
66,M,f,f,f,f,f,f,f,f,f,f,f,f,f,f,t,0.68,f,,t,76,t,1,t,76,f,,SVI,-,860912031,otro
60,F,f,f,f,f,f,f,f,f,f,f,f,f,f,f,t,27,t,1.2,t,139,t,1.09,t,128,t,21,SVI,G,860912032,hipotiroidismo
76,F,f,f,f,f,f,f,f,f,f,f,f,f,f,f,t,5.5,t,1.3,t,128,t,1.06,t,121,f,,SVI,-,860912033,otro
36,M,f,f,f,f,f,f,f,f,t,f,f,f,f,f,t,0.03,t,4,t,178,t,1.14,t,156,f,,other,A,860912035,hipertiroidismo
62,M,f,f,f,f,f,f,f,f,f,f,f,f,f,f,t,1.2,f,,t,87,t,0.95,t,92,f,,SVI,-,860912036,otro
72,F,f,f,f,f,f,f,f,f,f,f,f,f,f,f,t,1.2,t,0.5,t,79,t,0.63,t,126,f,,SVI,K,860912052,otro
78,F,f,f,f,f,f,f,f,f,f,f,f,f,f,f,t,12,t,0.5,t,60,t,0.62,t,97,f,,SVI,GK,860912053,hipotiroidismo
34,M,f,f,f,f,f,f,f,f,f,f,f,f,f,f,t,0.67,t,1.3,t,72,t,0.75,t,96,f,,SVHC,-,860912060,otro
34,M,f,f,t,f,f,f,f,f,f,f,f,f,f,f,t,0.04,t,2.8,t,155,t,1,t,155,f,,other,-,860912069,otro
24,F,f,f,t,f,f,f,f,f,f,f,f,f,f,f,t,0.11,t,3.8,t,96,t,0.81,t,119,f,,other,-,860912072,otro
24,F,f,f,f,f,f,f,f,t,f,f,f,f,f,f,t,3.9,f,,t,90,t,1.02,t,88,f,,other,-,860915007,otro
69,F,t,f,f,f,f,f,f,t,f,f,f,f,f,f,t,0.11,f,,t,141,t,0.9,t,157,f,,STMW,-,860915011,otro
78,F,f,f,f,f,f,f,f,f,f,f,f,f,f,f,t,3,t,0.5,t,104,t,1.05,t,99,f,,SVI,K,860915037,otro
71,F,f,f,f,f,f,f,f,f,f,f,f,f,f,f,t,0.05,f,,t,178,t,1.13,t,158,f,,SVI,A,860915038,hipertiroidismo
80,F,f,f,f,f,f,f,f,f,f,f,f,f,f,f,t,0.94,t,1.1,t,133,t,0.83,t,160,f,,SVI,-,860915039,otro
80,F,f,f,f,f,f,f,f,f,f,f,f,f,f,f,t,33,f,,t,234,t,2.15,t,109,f,,SVI,I,860915040,otro
58,F,f,f,f,f,f,f,f,f,f,f,f,t,f,f,t,59,t,1.9,t,38,t,1.13,t,34,f,,SVI,F,860915041,hipotiroidismo
58,M,f,f,f,f,f,f,f,f,f,f,f,f,f,f,t,0.93,f,,t,84,t,0.61,t,139,f,,SVI,-,860915042,otro
72,M,f,f,f,f,f,f,f,f,f,f,f,f,f,f,t,7.7,f,,t,50,t,0.66,t,76,f,,SVI,-,860915043,otro
47,F,f,f,f,f,f,f,f,f,f,f,f,f,f,f,t,1.3,f,,t,143,t,1.11,t,129,f,,other,-,860915046,otro
44,F,f,f,f,f,f,f,f,f,f,f,f,t,f,f,t,1.2,f,,t,72,t,0.84,t,86,f,,other,-,860915048,otro
73,F,t,f,f,f,f,f,f,f,f,f,f,f,f,f,t,0.04,f,,t,138,t,0.94,t,146,f,,other,-,860915053,otro
58,F,f,f,f,f,f,f,f,t,f,f,f,f,f,f,t,2.6,t,2.9,t,119,t,1.12,t,106,f,,other,-,860915056,otro
58,F,t,f,f,f,f,f,f,f,f,f,f,f,f,f,t,0.22,t,2,t,134,t,0.66,t,203,f,,other,-,860915058,otro
62,M,f,f,f,f,f,f,f,f,f,f,f,f,f,f,t,1.1,t,2.2,t,116,t,1.04,t,112,f,,SVI,-,860915059,otro
65,M,f,f,f,f,f,f,f,f,f,f,f,f,f,f,t,7.7,t,1.4,t,79,t,0.92,t,86,f,,other,G,860915060,hipotiroidismo
56,M,f,f,f,f,f,f,f,f,f,f,f,f,f,f,t,9.099999,t,0.8,t,81,t,0.66,t,123,f,,other,GK,860915061,hipotiroidismo
37,F,f,f,f,f,f,f,f,f,f,f,f,f,f,f,t,0.13,t,1.8,t,118,t,0.91,t,130,f,,other,-,860915062,otro
66,M,f,f,f,f,f,f,f,f,f,f,f,f,f,f,t,0.32,t,0.7,t,87,t,0.91,t,96,f,,other,-,860915064,otro
39,M,f,f,f,f,f,f,f,f,f,f,f,f,f,f,t,0.045,t,1.3,t,86,t,1.02,t,84,f,,other,-,860915065,otro
41,M,f,f,f,f,f,f,f,f,f,f,f,f,f,f,t,0.12,t,1.4,t,184,t,0.62,t,297,f,,SVI,R,860915068,otro
68,F,f,f,f,f,f,f,f,f,f,f,f,f,f,t,t,1.8,t,1.6,t,99,t,0.82,t,121,f,,SVHC,-,860915069,otro
61,F,f,f,f,f,f,t,f,f,f,f,f,f,f,f,t,118,f,,t,18,t,1.05,t,17,f,,SVI,F,860915070,hipotiroidismo
66,M,f,f,f,f,f,f,f,f,f,f,f,f,f,f,t,1.7,t,0.7,t,69,t,0.93,t,74,f,,other,-,860915071,otro
74,F,f,f,f,f,f,f,f,f,f,f,f,f,f,f,t,9.299999,t,2.4,t,117,t,1.07,t,108,f,,other,G,860915072,hipotiroidismo
70,M,f,f,f,f,f,f,f,f,f,f,f,f,f,f,t,0.46,t,1.5,t,118,t,0.75,t,157,f,,other,R,860915073,otro
74,F,f,f,f,f,f,f,f,f,f,f,f,f,f,f,t,0.59,t,1,t,90,t,0.77,t,117,f,,SVI,K,860915074,otro
62,F,f,f,f,f,f,f,f,t,f,f,f,f,f,f,t,2.2,t,2.5,t,85,t,0.92,t,92,f,,SVI,-,860915075,otro
30,M,f,f,f,f,f,f,f,f,f,f,f,f,f,t,t,0.31,t,2.9,t,143,t,1.39,t,103,f,,SVHC,I,860915076,otro
51,F,f,f,f,f,f,f,f,f,f,f,f,f,f,f,t,3.4,t,2.2,t,78,t,1.04,t,75,f,,other,-,860916001,otro
42,F,f,f,f,f,f,f,f,f,f,f,f,f,f,f,t,0.045,t,2.8,t,142,t,1.05,t,135,f,,other,-,860916021,otro
77,F,f,f,f,f,f,f,f,f,f,f,f,f,f,f,t,0.12,t,1.4,t,91,t,0.81,t,112,f,,SVI,-,860916033,otro
74,F,f,f,f,f,f,f,f,f,f,f,f,f,f,f,t,0.37,f,,t,165,t,1.64,t,101,f,,other,I,860916057,otro
79,F,f,f,f,t,f,f,f,f,f,f,f,f,f,f,t,3.9,t,0.9,t,90,t,0.62,t,145,f,,SVI,K,860916058,otro
68,M,f,f,f,f,f,f,f,f,f,f,f,f,f,f,t,3.8,f,,t,134,t,1.02,t,131,f,,other,-,860916059,otro
91,F,f,f,f,t,f,f,f,f,f,f,f,f,f,f,t,11,f,,t,82,t,0.88,t,93,f,,SVI,G,860916061,hipotiroidismo
87,F,f,f,f,f,f,f,f,f,f,f,f,f,f,f,t,3.3,t,1.1,t,64,t,0.55,t,116,f,,SVI,K,860916063,otro
87,F,f,f,f,f,f,f,f,t,f,f,f,f,f,f,t,176,f,,t,52,t,1.23,t,42,f,,other,F,860916064,hipotiroidismo
47,F,f,f,f,f,f,f,f,f,f,f,f,f,f,f,t,1.7,f,,t,78,t,0.96,t,81,f,,other,-,860916065,otro
71,F,f,f,f,f,f,f,f,f,f,f,f,f,f,f,t,4.2,f,,t,112,t,0.89,t,126,f,,other,-,860916067,otro
22,F,f,f,f,f,f,f,f,f,f,f,f,f,f,f,t,3.4,f,,t,213,t,1.76,t,121,f,,other,I,860916068,otro
49,F,f,f,f,f,f,f,f,f,t,f,f,t,f,f,t,1.9,f,,t,122,t,0.78,t,156,f,,SVI,-,860916069,otro
69,M,f,f,f,f,f,f,f,f,f,f,f,f,f,f,t,2.8,t,2.2,t,83,t,0.8,t,104,f,,SVHC,-,860916073,otro
32,M,f,f,f,f,f,f,f,f,f,f,f,f,f,f,t,2.1,f,,t,91,t,0.81,t,112,f,,other,-,860916095,otro
32,F,f,f,f,f,f,f,f,f,f,f,f,f,f,f,t,16,t,1.6,t,62,t,0.88,t,71,f,,SVHD,G,860917002,hipotiroidismo
88,M,f,f,f,f,f,f,f,f,f,f,f,f,f,f,t,1.5,f,,t,140,t,1.14,t,123,f,,SVI,-,860917005,otro
78,M,f,f,f,f,f,f,f,f,f,f,f,f,f,t,t,1.5,f,,t,105,t,0.62,t,169,f,,SVI,-,860917016,otro
77,M,f,f,f,f,f,f,f,f,f,f,f,f,f,f,t,1.6,f,,t,47,t,0.68,t,69,f,,SVI,J,860917019,otro
21,M,f,f,f,f,f,f,f,f,f,f,f,f,f,f,t,1.3,f,,t,93,t,0.73,t,127,f,,SVI,-,860917020,otro
48,M,f,f,f,f,f,f,f,f,f,f,f,f,f,f,t,4.1,f,,t,97,t,0.98,t,99,f,,other,-,860917051,otro
42,F,f,f,f,f,f,f,f,t,f,f,f,f,f,f,t,4.8,f,,t,57,t,0.8,t,71,f,,other,-,860917053,otro
41,M,f,f,f,f,f,f,f,f,f,f,f,f,f,f,f,,f,,f,,f,,f,,t,23,other,-,860917056,otro
55,F,f,f,f,f,f,f,f,f,f,f,f,f,f,t,t,0.85,t,2.6,t,112,t,1.01,t,111,f,,SVHC,-,860917058,otro
55,F,f,f,f,f,f,f,f,f,f,f,f,f,f,f,t,4.2,t,1.6,t,69,t,0.99,t,70,f,,SVI,-,860918004,otro
19,M,f,f,f,f,f,f,f,f,f,f,f,f,f,t,t,1.1,t,1.7,t,111,t,0.83,t,134,f,,SVHC,-,860918006,otro
48,F,f,f,f,t,f,f,f,f,f,f,f,f,f,f,t,2.1,f,,t,129,t,1.28,t,101,f,,SVHC,I,860918007,otro
26,M,f,f,f,f,f,f,f,f,f,f,f,f,f,f,t,0.89,t,2,t,80,t,0.7,t,114,f,,SVHC,-,860918008,otro
33,F,f,f,f,f,f,f,f,f,f,f,f,f,f,t,t,0.99,t,2.3,t,130,t,1.01,t,129,f,,SVHC,-,860918009,otro
66,F,f,f,f,f,f,f,f,f,t,f,f,f,f,f,t,0.05,t,2.5,t,130,t,0.86,t,151,f,,other,-,860918015,otro
54,M,f,f,f,f,f,f,f,f,t,f,f,f,f,f,t,0.04,t,3.1,t,231,t,0.96,t,241,f,,other,-,860918017,otro
72,F,f,f,f,f,f,f,f,f,f,f,f,f,f,f,t,1.6,f,,t,141,t,0.97,t,145,f,,other,-,860918018,otro
36,F,f,f,f,f,f,f,f,f,f,f,f,f,f,f,t,1.1,f,,t,111,t,1.11,t,100,f,,other,-,860918020,otro
65,F,f,f,f,f,f,f,f,f,f,f,f,f,f,f,t,7.7,t,1.1,t,156,t,1.01,t,155,f,,SVI,-,860918021,otro
67,M,f,f,f,f,f,f,f,f,f,f,f,f,f,f,t,3.2,t,0.9,t,92,t,0.87,t,106,f,,SVI,K,860918022,otro
28,F,f,f,f,t,f,f,f,f,f,f,f,f,f,f,t,1.1,f,,t,90,t,1.11,t,81,f,,SVI,-,860918024,otro
80,F,f,f,f,f,f,f,f,t,f,f,f,f,f,f,t,5.3,t,1.1,t,97,t,0.87,t,112,f,,SVI,K,860918025,otro
72,F,f,f,f,f,f,f,f,f,f,f,f,f,f,f,t,0.45,t,2.5,t,126,t,1.08,t,117,f,,other,-,860918026,otro
21,F,f,f,t,f,f,f,f,f,f,f,f,f,f,f,t,7,t,2.4,t,45,t,1.11,t,41,f,,other,O,860918027,otro
73,M,f,f,f,f,f,f,f,f,f,f,f,f,f,f,t,2.1,t,0.9,t,91,t,0.54,t,169,f,,SVI,KJ,860918028,otro
68,F,f,f,f,f,f,f,f,f,f,f,f,f,f,f,t,0.32,t,0.8,t,82,t,0.63,t,130,f,,SVI,K,860918030,otro
57,F,f,f,f,f,f,f,f,f,t,f,f,f,f,f,t,0.23,t,2.4,t,108,t,1.03,t,105,f,,other,-,860918031,otro
68,M,f,f,f,f,f,t,f,f,f,f,f,t,f,f,t,0.48,t,3,t,97,t,1.05,t,92,f,,other,-,860918032,otro
41,F,f,f,f,f,f,f,f,f,f,f,f,f,f,f,t,1.1,f,,t,102,t,1.07,t,95,f,,other,-,860918033,otro
53,F,t,f,f,f,f,f,f,f,f,f,f,f,f,f,t,2.7,f,,t,117,t,0.95,t,123,f,,other,-,860918034,otro
18,F,f,f,f,f,f,f,f,f,f,f,f,f,f,f,t,1.4,f,,t,120,t,1.41,t,85,f,,other,I,860918036,otro
47,F,f,f,f,f,f,f,f,f,f,f,f,f,f,f,t,2.4,t,2,t,122,t,1.1,t,111,f,,other,-,860918038,otro
66,F,f,f,f,f,f,f,f,f,f,f,f,f,f,f,t,3.7,t,2.4,t,133,t,1.29,t,103,f,,other,-,860918039,otro
65,F,f,f,f,f,f,f,f,f,f,f,f,f,f,f,t,0.05,t,2.9,t,138,t,1.22,t,113,f,,other,-,860918053,otro
65,F,f,f,f,f,f,f,f,f,f,f,f,f,f,f,t,1.6,t,2.1,t,104,t,1.32,t,79,f,,other,-,860918054,otro
49,F,f,f,f,f,f,f,f,f,f,f,f,f,f,f,t,0.11,t,1.6,t,186,t,0.97,t,191,f,,other,R,860918064,otro
80,F,f,f,f,f,f,f,f,t,f,f,f,f,f,f,t,2.7,t,2,t,130,t,1.05,t,124,f,,other,-,860918075,otro
28,F,f,f,f,f,f,f,f,f,f,f,f,f,f,f,t,0.82,t,1.3,t,57,t,0.69,t,83,f,,other,-,860918090,otro
76,F,f,f,f,f,f,f,f,f,f,f,f,f,f,f,t,1.8,f,,t,160,t,1.15,t,139,f,,other,I,860919008,otro
46,M,f,f,f,f,f,f,f,f,f,f,f,f,f,f,t,1.1,t,2.3,t,90,t,0.87,t,103,f,,other,-,860919010,otro
22,F,f,f,f,f,f,f,f,f,f,f,f,f,f,f,t,0.3,t,3,t,161,t,1.74,t,93,f,,STMW,I,860919027,otro
68,F,f,f,f,f,f,f,f,f,f,f,f,f,f,f,t,1.2,t,2.4,t,111,t,0.91,t,122,f,,other,-,860919043,otro
61,M,f,f,f,f,f,f,f,f,f,f,f,f,f,f,t,1.2,t,2,t,121,t,0.89,t,136,f,,SVI,-,860919066,otro
76,F,f,f,f,f,f,f,f,f,f,f,f,f,f,f,t,8.5,t,1,t,109,t,0.88,t,124,f,,SVI,GK,860919067,hipotiroidismo
57,,f,f,f,f,f,f,f,f,f,f,f,f,f,f,t,0.13,f,,t,197,t,0.89,t,221,f,,other,R,860919068,otro
85,F,f,f,f,f,f,f,f,f,f,f,f,f,f,f,t,0.58,t,1.7,t,107,t,0.85,t,126,f,,other,-,860919069,otro
61,F,f,f,f,f,f,f,f,f,f,f,f,f,f,f,t,7.8,f,,t,72,t,0.93,t,77,f,,SVI,G,860919070,hipotiroidismo
23,,f,f,f,f,f,f,f,f,f,f,f,f,f,f,t,2.9,f,,t,109,t,0.9,t,121,f,,other,-,860919071,otro
78,F,f,f,f,f,f,f,f,f,f,f,f,f,f,f,t,1.3,t,2.3,t,120,t,1.16,t,103,f,,other,-,860919072,otro
86,F,f,f,f,f,f,f,f,f,f,f,f,f,f,f,t,2.4,f,,t,97,t,0.91,t,107,f,,other,-,860919074,otro
61,F,f,f,f,f,f,f,f,f,f,f,f,f,f,f,t,0.17,t,2.4,t,122,t,1,t,122,f,,other,-,860919081,otro
58,F,f,f,f,f,f,f,f,f,f,f,f,f,f,f,t,0.14,t,2,t,175,t,1.06,t,165,f,,other,R,860919082,otro
70,F,f,f,f,f,f,f,f,f,f,f,f,f,f,f,t,20,f,,t,72,t,0.96,t,75,f,,other,G,860919083,hipotiroidismo
20,F,f,f,f,f,f,f,f,f,t,f,f,f,f,f,t,0.46,t,2,t,119,t,1.1,t,108,f,,other,-,860922001,otro
55,F,f,f,f,f,f,f,f,f,f,f,t,f,f,f,t,0.43,f,,t,107,t,0.98,t,109,f,,other,-,860922002,otro
26,F,f,f,f,f,f,f,f,f,f,f,f,t,f,f,t,1.14,f,,t,92,t,0.93,t,99,f,,other,-,860922005,otro
59,F,f,f,f,f,f,f,f,t,f,f,f,f,f,f,t,0.75,f,,t,129,t,1.03,t,125,f,,other,-,860922006,otro
54,F,f,f,f,f,f,f,f,f,f,f,f,f,f,f,t,1.1,f,,t,98,t,0.95,t,103,f,,other,-,860922007,otro
28,M,f,f,f,f,f,f,f,f,f,f,f,f,f,t,t,1.12,t,2.6,t,122,t,0.95,t,127,f,,SVHC,-,860922008,otro
30,F,f,f,f,f,f,f,f,f,f,f,f,f,f,f,t,1.4,f,,t,91,t,0.89,t,102,f,,other,-,860922014,otro
35,F,f,f,f,f,f,f,f,f,f,f,f,f,f,f,t,31,f,,t,67,t,0.92,t,73,f,,STMW,G,860922019,hipotiroidismo
4,F,f,f,f,f,f,f,f,f,f,f,f,f,f,f,t,0.22,f,,t,162,t,1.18,t,137,f,,other,I,860922021,otro
78,F,f,f,f,f,f,f,f,f,f,f,f,f,f,f,t,191,t,0.8,t,5,t,1.03,t,4.85,f,,other,F,860922046,hipotiroidismo
29,F,f,f,f,f,f,f,f,f,f,f,f,f,f,f,t,2.4,f,,t,94,t,0.92,t,102,f,,other,-,860922050,otro
57,F,t,f,f,f,f,f,f,f,f,f,f,f,f,f,t,0.06,f,,t,171,t,0.92,t,186,f,,other,N,860922053,otro
69,M,f,t,f,f,f,f,f,f,f,f,f,f,f,f,t,2.9,f,,t,86,t,0.75,t,115,f,,other,-,860922057,otro
28,M,f,f,f,f,f,f,f,f,f,f,f,f,f,f,t,0.29,f,,t,61,t,0.51,t,120,f,,other,-,860922058,otro
39,M,f,f,f,f,f,f,f,f,f,f,f,f,f,f,t,0.77,f,,t,85,t,0.71,t,120,f,,other,-,860922059,otro
72,F,f,f,f,f,f,f,f,f,f,f,f,f,f,f,t,2.6,f,,t,24,t,0.56,t,43,f,,other,K,860922060,otro
49,F,f,f,f,f,f,f,f,f,f,f,f,f,f,f,t,2,f,,t,89,t,0.87,t,102,f,,SVI,-,860922061,otro
39,F,f,f,f,f,f,f,f,f,f,f,f,f,f,f,t,0.92,f,,t,115,t,1.08,t,106,f,,SVI,-,860922062,otro
46,F,f,f,f,f,f,f,f,f,f,f,f,f,f,f,t,0.06,f,,t,117,t,0.86,t,136,f,,other,-,860923001,otro
40,F,f,f,f,f,f,f,f,f,t,f,f,f,f,f,t,6,t,2,t,125,t,1.04,t,120,f,,SVHC,-,860923003,otro
40,M,f,f,f,f,f,f,f,f,f,f,f,f,f,f,t,73,f,,t,43,t,0.87,t,49,f,,other,F,860923004,hipotiroidismo
69,M,f,f,f,f,f,f,f,f,t,f,f,f,f,f,t,1.3,f,,t,98,t,0.84,t,117,f,,other,-,860923007,otro
57,,f,f,f,f,f,f,f,f,f,f,f,f,f,f,t,2.9,t,2.5,t,118,t,1.21,t,98,f,,other,-,860923011,otro
32,M,f,f,f,f,f,f,f,f,f,f,f,f,f,f,t,2.9,t,2,t,88,t,0.84,t,105,f,,other,-,860923033,otro
76,F,f,f,f,f,f,f,f,f,f,f,f,f,f,f,t,1.8,f,,t,110,t,0.99,t,111,f,,SVI,-,860923063,otro
76,M,f,f,f,f,f,f,f,f,f,f,f,f,f,f,t,1,f,,t,95,t,0.92,t,103,f,,SVI,-,860923068,otro
64,F,f,f,f,f,f,f,f,f,f,f,f,f,f,f,t,0.84,f,,t,94,t,0.97,t,97,f,,SVI,-,860923069,otro
73,M,f,f,f,f,f,f,f,f,f,f,f,f,f,f,t,2.3,t,1.9,t,102,t,1,t,102,f,,SVI,-,860923070,otro
73,M,f,f,f,f,f,f,f,f,f,f,f,f,f,f,t,0.56,f,,t,109,t,1.01,t,108,f,,SVI,-,860923072,otro
14,F,f,f,f,f,f,f,f,f,f,f,f,f,f,f,t,1.6,f,,t,114,t,1.03,t,111,f,,other,-,860923073,otro
44,M,f,f,f,f,f,f,f,f,f,f,f,f,f,f,t,0.06,t,1.6,t,113,t,0.88,t,128,f,,other,-,860923075,otro
29,M,f,f,f,f,f,f,f,f,f,f,f,f,f,t,t,0.95,t,2,t,136,t,1.01,t,134,f,,SVHC,-,860924024,otro
29,F,f,f,f,f,f,f,f,t,f,f,f,f,f,f,f,,t,2.3,t,102,f,,f,,f,,other,-,860924027,otro
61,M,f,f,f,f,f,f,f,f,f,f,f,f,f,f,t,1.2,f,,t,69,t,0.81,t,85,f,,other,-,860924028,otro
61,F,t,f,f,f,f,f,f,f,f,f,f,f,f,f,t,11,t,2.4,t,59,t,0.88,t,67,f,,other,M,860924029,otro
61,M,f,f,f,f,f,f,f,f,f,f,f,f,f,f,t,0.62,t,2,t,104,t,0.95,t,109,f,,other,-,860924030,otro
73,F,f,f,f,f,f,f,f,f,f,f,f,f,f,f,t,0.82,t,1.7,t,73,t,0.87,t,84,f,,other,-,860924031,otro
19,F,f,f,f,f,f,f,f,f,f,f,f,f,f,f,t,2.6,f,,t,92,t,0.83,t,111,f,,SVI,-,860924032,otro
75,F,f,f,f,f,f,f,f,f,f,f,f,f,f,t,t,3.6,t,2.1,t,106,t,1.05,t,101,f,,SVHC,-,860924033,otro
32,F,f,f,f,f,f,f,f,f,f,f,t,f,f,f,f,,f,,t,64,t,0.76,t,84,f,,other,-,860924036,otro
57,F,f,f,f,f,f,f,f,f,f,f,f,f,f,f,t,1.7,t,1.9,t,87,t,1.12,t,78,f,,other,-,860924042,otro
54,F,f,f,f,f,f,f,f,f,f,f,f,f,f,f,t,1.3,f,,t,107,t,1.18,t,91,f,,other,-,860924043,otro
48,F,f,f,f,f,f,f,f,f,f,f,f,f,f,f,t,1.3,t,1.5,t,124,t,1.08,t,115,f,,SVI,-,860924045,otro
41,F,f,f,f,f,f,f,f,f,f,f,f,f,f,t,t,1.3,f,,t,124,t,0.86,t,144,f,,SVHC,-,860924072,otro
62,M,f,f,f,f,f,f,f,f,f,t,f,f,f,f,t,3.7,t,1.4,t,83,t,0.81,t,102,f,,SVHC,-,860925005,otro
66,F,f,f,f,f,f,t,f,f,f,f,f,f,f,f,t,1.8,f,,t,105,t,1.08,t,97,f,,other,-,860925006,otro
75,M,f,f,f,t,f,f,f,f,f,f,f,f,f,f,t,3.4,f,,t,91,t,0.84,t,108,f,,other,-,860925007,otro
75,F,f,f,f,f,f,f,f,f,f,f,f,f,f,f,t,2.8,f,,t,156,t,1.46,t,107,f,,other,-,860925008,otro
51,F,f,f,f,f,f,f,f,f,f,f,f,f,f,f,f,,f,,f,,f,,f,,t,31,other,S,860925022,otro
25,F,f,f,f,f,t,f,f,f,f,f,f,f,f,f,t,1.8,f,,t,180,t,1.89,t,95,f,,STMW,I,860925023,otro
58,M,t,f,f,f,f,f,f,f,f,f,f,f,f,f,t,0.03,t,2.1,t,130,t,0.87,t,149,f,,other,-,860925026,otro
30,F,f,f,f,f,f,f,f,f,f,f,t,f,f,f,t,3.5,t,2.4,t,95,t,1.08,t,88,f,,other,-,860925034,otro
62,F,t,f,f,f,f,f,f,f,f,f,f,f,f,f,t,1.8,t,0.9,t,121,t,0.96,t,126,f,,other,-,860925046,otro
34,M,f,f,f,f,f,f,f,f,f,f,f,f,f,f,t,0.015,t,4,t,239,t,0.9,t,266,f,,other,A,860925047,hipertiroidismo
69,M,f,f,f,f,f,f,f,f,f,f,f,f,f,f,t,1.6,t,2.9,t,119,t,1.07,t,111,f,,SVI,-,860925055,otro
48,F,f,f,t,f,f,f,f,f,f,f,f,f,f,f,t,0.03,t,3.1,t,96,t,0.92,t,104,f,,other,-,860925057,otro
48,F,t,f,f,f,f,f,f,t,f,f,f,f,f,f,t,0.07,t,1.7,t,104,f,,f,,f,,other,-,860925059,otro
78,F,f,f,f,f,f,f,f,f,f,f,f,f,f,f,t,1.3,f,,t,117,t,0.98,t,119,f,,SVI,-,860925066,otro
66,F,f,f,f,f,f,f,f,f,f,f,f,f,f,f,t,0.61,t,1.3,t,107,f,,f,,f,,SVI,-,860925067,otro
66,M,f,f,f,f,f,f,f,f,f,f,f,f,f,f,t,12,t,2.2,t,96,f,,f,,f,,other,G,860925068,hipotiroidismo
69,F,t,f,f,f,f,f,f,f,f,f,f,f,f,f,t,1.8,t,2,t,126,t,1.02,t,124,f,,other,-,860925069,otro
74,F,f,f,f,f,f,f,f,f,f,t,f,f,f,t,t,1.2,t,1.3,t,95,t,1.02,t,93,f,,SVHC,-,860925070,otro
34,F,f,f,f,f,f,f,f,f,t,f,f,f,f,f,t,0.22,t,2.8,t,95,t,1.1,t,86,f,,other,-,860925073,otro
33,F,f,f,f,f,f,f,f,f,f,f,f,f,f,t,t,1.7,t,2.5,t,115,t,1.12,t,103,f,,SVHC,-,860925076,otro
30,,f,f,f,f,f,f,f,f,f,f,f,f,f,f,t,0.69,f,,t,94,t,1.1,t,86,f,,other,-,860926002,otro
76,F,f,f,f,f,f,f,f,f,f,f,f,f,f,f,t,1.1,t,1.4,t,74,t,0.73,t,101,f,,other,-,860926003,otro
76,,f,f,f,f,f,f,f,f,f,f,f,f,f,f,t,0.79,f,,t,96,t,0.99,t,97,f,,other,-,860926004,otro
75,F,f,f,f,f,f,f,f,f,f,f,f,f,f,f,t,5.1,t,2.4,t,126,t,1.13,t,112,f,,other,-,860926005,otro
77,F,f,f,f,f,f,f,f,f,f,f,f,f,f,f,t,0.055,t,2.4,t,146,t,0.92,t,159,f,,other,R,860926006,otro
58,F,f,f,f,f,f,f,f,f,f,t,f,f,f,f,t,1.1,t,2.6,t,134,f,,t,119,f,,SVHC,-,860926008,otro
45,F,f,f,f,f,f,f,f,f,f,t,f,f,f,t,t,1.1,t,1.2,t,70,t,0.98,t,71,f,,SVHC,-,860926009,otro
42,M,f,f,f,f,f,f,f,f,f,f,f,f,f,f,t,2.4,f,,t,99,t,0.85,t,117,f,,SVHC,-,860926010,otro
50,F,f,f,f,f,f,f,f,f,f,f,f,f,f,f,t,1.9,t,1.8,t,120,t,1.01,t,119,f,,other,-,860926018,otro
38,F,f,f,f,f,f,f,f,f,f,f,f,f,f,f,f,,f,,f,,f,,f,,t,47,other,S,860926043,otro
60,M,f,f,f,f,f,f,f,f,f,f,f,f,f,f,t,2,t,2.1,t,100,t,0.95,t,105,f,,SVI,-,860926044,otro
55,M,f,f,f,f,f,f,f,f,f,f,f,f,f,f,t,2.8,t,0.9,t,122,t,0.9,t,136,f,,SVI,K,860926045,otro
82,F,f,f,f,f,f,f,f,f,f,f,f,f,f,f,t,1.1,t,2,t,126,t,1.09,t,116,f,,SVHC,-,860926077,otro
58,F,f,f,f,f,f,f,f,f,f,f,f,f,f,f,t,2.4,t,1.2,t,119,f,,f,,f,,SVI,-,860926078,otro
52,M,f,f,f,f,f,f,f,f,f,f,f,f,f,f,t,1.7,f,,t,109,t,1.1,t,99,f,,other,-,860926079,otro
49,F,f,f,f,f,f,f,f,f,f,f,f,f,f,f,t,0.43,t,1.5,t,168,t,1.11,t,151,f,,SVI,-,860926080,otro
23,M,f,f,f,f,f,f,f,f,f,f,f,f,f,t,t,0.75,t,2.2,t,106,t,0.88,t,120,f,,SVHC,-,860926083,otro
66,M,f,f,f,f,f,f,f,f,f,t,f,f,f,t,t,6,t,2,t,91,t,1.07,t,85,f,,SVHC,-,860929002,otro
34,F,f,f,f,f,f,f,f,f,f,t,f,f,f,t,t,5.8,t,1.1,t,47,t,0.99,t,48,f,,SVHC,K,860929003,otro
40,F,f,f,f,f,f,f,f,f,f,f,f,f,f,f,t,2,t,1.8,t,115,t,1.12,t,103,f,,SVHC,-,860929005,otro
79,F,f,f,f,f,f,f,f,f,f,f,f,f,f,f,t,3,f,,t,84,t,0.83,t,101,f,,other,-,860929008,otro
29,F,f,f,f,f,f,f,f,f,f,f,f,f,f,f,t,1.6,f,,t,178,t,2.02,t,88,f,,STMW,I,860929013,otro
32,F,f,f,f,f,t,f,f,f,f,f,f,t,f,f,t,1.6,f,,t,170,t,1.73,t,98,f,,STMW,I,860929014,otro
29,F,t,f,f,f,f,f,f,f,f,f,f,f,f,f,t,0.66,t,2.1,t,109,t,1.14,t,96,f,,other,-,860929033,otro
48,F,t,f,f,f,f,f,f,f,f,f,f,f,f,f,t,0.055,t,3.4,t,219,t,1.51,t,145,f,,other,-,860929035,otro
48,,f,f,f,f,f,f,f,f,f,f,f,f,f,f,t,0.65,f,,t,98,t,0.81,t,121,f,,other,-,860929053,otro
49,F,f,f,f,f,f,f,f,f,t,f,f,f,f,f,f,,f,,t,148,t,1.07,t,138,f,,SVI,-,860929054,otro
39,F,f,f,f,f,f,f,f,f,f,f,f,f,f,f,t,1.9,f,,t,92,t,1.03,t,89,f,,other,-,860929055,otro
44,F,f,f,f,f,f,f,f,f,f,f,f,f,f,f,t,4.6,f,,t,69,t,0.9,t,77,f,,other,-,860929057,otro
61,M,f,f,f,f,f,f,f,f,f,f,f,f,f,f,t,2.4,f,,t,87,t,0.8,t,109,f,,SVI,-,860929058,otro
46,M,f,f,f,f,f,f,f,f,f,f,f,f,f,t,t,3,t,1.8,t,115,t,1.01,t,114,f,,SVHC,-,860929059,otro
19,M,f,f,f,f,f,f,f,f,f,f,f,f,f,f,t,0.48,f,,t,74,t,0.58,t,128,f,,SVI,-,860929060,otro
83,M,f,f,f,f,f,f,f,f,f,f,f,f,f,f,t,2.3,f,,t,72,t,0.62,t,116,f,,other,-,860929061,otro
37,F,f,f,f,f,f,f,f,f,t,f,f,f,f,f,t,0.48,f,,t,40,t,0.52,t,77,f,,other,J,860929062,otro
37,M,f,f,f,f,f,f,f,f,f,f,f,f,f,f,t,1.6,f,,t,109,t,0.67,t,163,f,,SVI,-,860929065,otro
59,M,t,f,f,f,f,f,f,f,f,f,f,f,f,f,t,0.06,t,2.1,t,99,t,0.73,t,136,f,,other,-,860929066,otro
59,M,f,f,f,f,f,f,f,f,f,f,f,f,f,f,t,1.5,f,,t,113,t,0.92,t,123,f,,other,-,860930003,otro
31,F,f,f,f,f,f,f,f,f,f,f,f,t,f,f,t,1.4,t,1.8,t,97,f,,f,,f,,SVI,-,860930005,otro
48,M,f,f,f,f,f,f,f,f,f,f,f,f,f,t,t,1.2,t,2.4,t,122,t,1.04,t,117,f,,SVHC,-,860930006,otro
39,,f,f,f,f,f,f,f,f,f,f,f,f,f,f,t,3.5,t,2.6,t,106,t,1.09,t,97,f,,SVHC,-,860930007,otro
68,F,f,f,f,f,f,f,f,f,f,f,f,f,f,f,t,1.9,t,2,t,100,t,0.92,t,109,f,,other,-,860930011,otro
62,F,f,f,f,f,f,f,f,f,f,f,f,f,f,f,t,0.82,f,,t,110,t,0.81,t,136,f,,other,-,860930018,otro
20,F,f,f,f,f,f,f,f,f,f,f,f,f,f,f,t,4.3,t,3.1,t,105,t,1.02,t,103,f,,other,I,860930021,otro
74,M,f,f,f,f,f,f,f,f,f,f,f,f,f,f,t,1.2,t,0.9,t,99,t,0.99,t,100,f,,SVI,K,860930023,otro
54,F,f,f,f,f,f,f,f,f,f,f,f,f,f,f,t,3.3,f,,t,95,t,0.84,t,113,f,,other,-,860930028,otro
54,F,f,f,f,f,f,f,f,f,f,f,f,f,f,f,t,5.9,f,,t,123,t,1.02,t,121,f,,other,-,860930032,otro
44,M,f,f,f,f,f,f,f,f,t,f,f,t,f,f,f,,f,,f,,f,,f,,t,20,other,-,860930039,otro
33,F,f,f,f,f,f,f,f,f,f,f,f,f,f,f,t,0.055,f,,t,148,t,0.95,t,156,f,,SVI,A,860930050,hipertiroidismo
32,M,f,f,f,f,f,f,f,f,f,f,f,f,f,t,t,1.5,t,2.7,t,163,t,1.14,t,143,f,,SVHC,-,860930051,otro
29,M,f,f,f,f,f,f,f,f,f,f,f,f,f,t,t,1.4,t,3.3,t,139,t,1,t,139,f,,SVHC,-,860930052,otro
78,F,f,f,f,f,f,f,f,f,f,f,f,f,f,f,t,1.4,f,,t,161,t,0.88,t,183,f,,SVI,R,860930056,otro
43,F,f,f,f,f,f,f,f,f,f,f,f,f,f,f,f,,f,,t,126,t,1.03,t,122,f,,other,-,860930071,otro
61,F,f,f,f,f,f,f,f,f,f,f,f,f,f,f,t,65,f,,t,51,t,1.05,t,49,f,,other,F,860930073,hipotiroidismo
23,F,f,f,f,f,f,f,f,f,f,f,f,f,f,f,t,3.2,f,,t,96,t,0.96,t,100,f,,other,-,860930076,otro
56,M,f,t,f,f,f,f,f,f,f,f,f,f,f,f,t,2.4,f,,t,101,t,0.79,t,128,f,,other,-,861001002,otro
34,F,f,f,f,f,f,f,f,f,f,f,f,f,f,f,t,0.04,f,,t,158,t,0.91,t,174,f,,other,R,861001003,otro
46,F,f,f,f,f,f,f,f,f,f,f,f,f,f,f,t,1.1,t,3.4,t,126,t,1.22,t,103,f,,other,I,861001008,otro
70,F,f,f,f,f,f,f,f,f,f,f,f,f,f,f,t,1.7,f,,t,97,t,1.13,t,86,f,,other,-,861001039,otro
69,F,t,f,f,f,f,f,f,f,f,f,f,f,f,f,t,0.08,f,,t,114,t,0.45,t,253,f,,SVI,-,861001047,otro
39,M,f,f,f,f,f,f,f,f,t,f,f,f,f,f,t,0.005,t,2.8,t,148,t,1.09,t,136,f,,other,-,861001061,otro
74,F,f,f,f,f,f,f,f,f,f,f,f,f,f,f,t,5.1,f,,t,93,t,0.77,t,121,f,,SVI,-,861001062,otro
81,F,t,f,f,f,f,f,f,f,f,f,f,f,f,f,t,1.7,t,1.6,t,112,t,0.91,t,123,f,,other,-,861001063,otro
72,M,f,f,f,f,f,f,f,f,f,f,f,f,f,f,t,1.1,t,1.8,t,126,t,0.81,t,156,f,,SVI,R,861001066,otro
83,F,f,f,f,f,f,f,f,f,f,f,f,f,f,f,t,170,f,,t,29,t,1.03,t,28,f,,SVI,F,861001067,hipotiroidismo
72,F,f,f,f,f,f,f,f,f,f,f,f,f,f,f,t,3.1,f,,t,107,t,1,t,107,f,,other,-,861001068,otro
77,F,f,f,f,f,f,f,f,f,f,f,f,f,f,f,t,1.2,f,,t,101,t,0.9,t,112,f,,other,-,861001069,otro
58,,f,f,f,f,f,f,f,f,f,f,f,f,f,f,t,4.3,t,3,t,105,t,0.99,t,106,f,,SVHC,-,861001070,otro
62,F,f,f,f,f,f,f,f,f,f,f,f,f,f,f,t,1.4,f,,t,118,t,1,t,118,f,,other,-,861002001,otro
46,F,f,f,f,f,f,f,f,f,f,f,f,f,f,f,t,0.62,t,3.3,t,130,t,1.2,t,108,f,,other,I,861002002,otro
33,F,f,f,f,f,f,f,f,f,f,f,f,f,f,f,t,0.98,t,2.4,t,113,t,1.08,t,105,f,,SVHC,-,861002003,otro
73,F,f,f,f,f,f,f,f,f,f,f,f,f,f,f,t,1.3,f,,t,106,t,0.74,t,143,f,,other,-,861002007,otro
73,,f,f,f,f,f,f,f,f,f,f,f,f,f,f,t,24,f,,t,244,t,2.16,t,113,f,,other,I,861002008,otro
73,,f,f,f,f,f,f,f,f,f,f,f,f,f,f,t,1.9,f,,t,84,t,1,t,84,f,,other,-,861002009,otro
67,F,f,f,f,f,f,f,f,f,f,f,f,f,f,f,t,0.09,t,1,t,101,t,1.16,t,87,f,,other,-,861002010,otro
71,F,f,f,f,f,f,f,f,f,t,f,f,f,f,f,t,9.9,t,1.8,t,89,t,0.99,t,90,f,,other,G,861002011,hipotiroidismo
68,,f,f,f,f,f,f,f,f,t,f,f,f,f,f,t,0.33,t,3.1,t,103,t,1.1,t,94,f,,other,-,861002012,otro
74,M,f,f,f,f,f,f,f,f,f,f,f,f,f,f,f,,f,,t,74,t,0.87,t,85,f,,other,-,861002013,otro
60,,f,f,f,f,f,f,f,f,f,f,f,f,f,f,t,0.73,t,3,t,148,t,1.29,t,115,f,,other,I,861002014,otro
74,F,f,f,f,f,f,f,f,f,t,f,f,f,f,f,t,4.3,t,1.2,t,27,t,1.03,t,26,f,,other,O,861002019,otro
53,M,f,t,f,f,f,f,f,f,f,f,f,f,f,f,f,,f,,t,108,t,0.82,t,132,f,,other,-,861002020,otro
74,F,f,f,f,f,f,f,f,f,f,f,f,f,f,f,t,3.5,f,,t,144,t,0.89,t,162,f,,SVI,-,861002031,otro
77,F,f,f,f,f,f,f,f,f,f,f,f,f,f,f,t,1.7,t,0.7,t,87,t,0.81,t,107,f,,SVI,K,861002032,otro
66,M,f,f,f,f,f,f,f,f,f,f,f,f,f,f,t,1.3,f,,t,86,t,0.68,t,126,f,,SVI,-,861002033,otro
78,F,f,f,f,f,f,f,f,f,t,f,f,f,f,f,t,0.57,f,,t,138,t,0.76,t,182,f,,SVI,-,861002034,otro
68,F,t,f,f,f,f,f,f,f,f,f,f,f,f,f,t,1.5,t,0.9,t,76,t,0.63,t,121,f,,SVI,K,861002035,otro
76,F,f,f,f,f,f,f,f,f,f,f,f,f,f,f,t,2.3,t,1.6,t,125,t,0.95,t,132,f,,SVI,-,861002036,otro
32,F,f,t,f,f,f,f,f,f,f,f,f,f,f,f,f,,f,,t,77,t,0.73,t,105,f,,other,-,861002073,otro
66,F,f,f,f,f,f,f,f,f,t,f,f,f,f,f,t,2.6,t,2.2,t,109,f,,f,,f,,other,-,861002074,otro
23,F,t,f,f,f,f,f,f,t,f,f,f,f,f,f,t,0.31,t,1.7,t,147,t,1.04,t,141,f,,other,-,861002075,otro
62,M,t,f,f,f,f,f,f,f,f,f,f,f,f,f,t,0.16,t,2.1,t,77,t,0.9,t,86,f,,other,-,861003002,otro
50,F,f,f,f,f,f,f,f,t,f,f,f,f,f,f,t,1.5,f,,t,92,t,0.87,t,106,f,,other,-,861003005,otro
54,M,f,f,f,f,f,f,f,f,f,f,f,f,f,t,t,1.4,t,1.5,t,107,t,0.86,t,124,f,,SVHC,-,861003010,otro
29,M,f,f,f,f,f,f,f,f,f,f,f,f,f,f,t,1.9,t,2.1,t,81,t,0.92,t,88,f,,SVHC,-,861003011,otro
59,F,t,f,f,f,f,f,f,f,f,f,f,f,f,f,t,1,t,2.1,t,108,t,1.04,t,104,f,,other,-,861003018,otro
60,F,f,f,f,t,f,f,f,f,f,f,f,t,f,f,f,,t,2.6,f,,f,,f,,f,,other,-,861003047,otro
76,F,f,f,f,f,f,f,f,f,f,f,f,f,f,f,t,0.74,f,,t,134,t,1.02,t,131,f,,SVI,-,861003055,otro
48,M,f,f,f,f,f,f,f,f,f,f,f,f,f,f,t,2.2,f,,t,112,t,0.97,t,116,f,,other,-,861003056,otro
23,F,f,f,f,f,f,f,f,f,f,f,f,f,f,f,t,1.2,f,,t,95,t,0.88,t,108,f,,other,-,861003057,otro
93,F,f,f,f,f,f,f,f,f,f,f,f,f,f,f,f,,f,,t,137,t,1.05,t,131,f,,other,-,861003058,otro
93,F,f,f,f,f,f,f,f,f,f,f,f,f,f,f,t,5.6,f,,t,83,t,0.87,t,95,f,,other,-,861003060,otro
63,F,f,f,f,f,f,f,f,f,f,f,f,f,f,f,t,0.07,t,1.1,t,145,t,0.87,t,167,f,,SVI,-,861007005,otro
51,F,f,f,f,f,f,f,f,f,f,f,f,f,f,f,t,3.4,t,2.2,t,108,t,1.12,t,96,f,,other,-,861007006,otro
76,F,f,f,f,f,f,f,f,f,f,f,f,f,f,f,t,12,t,1.5,t,126,t,0.95,t,133,f,,SVI,G,861007007,hipotiroidismo
70,F,f,f,f,f,f,f,f,f,f,f,f,f,f,f,t,2.2,f,,t,112,t,0.73,t,153,f,,SVI,-,861007008,otro
77,,f,f,f,f,f,f,f,f,f,f,f,f,f,f,t,2.2,f,,t,78,t,0.55,t,142,f,,other,-,861007011,otro
61,F,f,f,f,f,f,f,f,f,f,f,f,f,f,f,t,2.6,t,2.4,t,98,t,0.93,t,105,f,,SVI,-,861007017,otro
39,F,f,f,f,f,f,f,f,f,f,f,f,f,f,f,t,2.7,f,,t,109,t,1,t,109,f,,other,-,861007021,otro
76,F,f,f,f,f,f,f,f,f,t,f,f,f,f,f,t,0.45,f,,t,184,t,1.21,t,152,f,,other,-,861007025,otro
33,F,f,f,f,f,f,f,f,f,f,f,f,f,f,f,t,0.96,f,,t,95,t,0.82,t,116,f,,STMW,-,861007029,otro
66,F,t,f,f,f,f,f,f,f,f,f,f,f,f,f,t,2.5,t,1.3,t,94,t,0.89,t,106,f,,other,-,861007033,otro
52,F,f,f,f,f,f,f,f,f,f,f,f,f,f,f,t,0.4,t,1.1,t,132,t,0.93,t,142,f,,SVI,K,861007060,otro
72,F,f,f,f,f,f,f,f,f,f,f,f,f,f,f,t,4.9,t,0.5,t,35,t,0.85,t,41,f,,SVI,K,861007062,otro
43,F,f,f,f,f,f,f,f,f,f,f,f,f,f,f,t,4.5,t,0.2,t,44,t,0.64,t,69,f,,SVI,-,861007063,otro
21,M,f,f,f,f,f,f,f,f,f,f,f,f,f,f,t,22,t,1.5,t,107,t,0.91,t,118,f,,SVI,G,861007064,hipotiroidismo
66,M,f,f,f,f,f,f,f,f,f,f,f,f,f,f,t,0.81,t,1.1,t,143,t,0.91,t,157,f,,SVI,-,861007065,otro
28,M,f,f,f,f,f,f,f,f,f,f,f,f,f,f,t,1.4,t,2.3,t,120,t,0.94,t,128,f,,SVI,-,861007068,otro
72,F,f,f,f,t,f,f,f,f,f,f,f,f,f,f,t,3.8,t,1.2,t,122,t,1.17,t,104,f,,SVI,-,861007069,otro
75,F,f,f,f,t,f,f,f,f,f,f,f,f,f,f,t,0.41,t,1.7,t,134,t,0.84,t,160,f,,SVI,R,861007070,otro
75,F,f,f,f,f,f,f,f,f,t,f,f,f,f,f,t,1.7,t,3.1,t,90,t,0.96,t,94,f,,other,-,861007071,otro
65,M,f,f,f,f,f,f,f,f,f,f,f,f,f,f,t,0.75,t,1.1,t,78,t,0.71,t,110,f,,SVI,K,861007077,otro
67,F,f,f,f,f,f,f,t,f,f,f,f,f,f,f,t,0.77,f,,t,95,t,1.02,t,93,f,,other,-,861007079,otro
26,M,f,f,f,f,f,f,f,f,f,t,f,f,f,f,t,3.1,t,2.6,t,95,t,0.89,t,107,f,,SVHC,-,861007083,otro
81,F,f,f,t,f,f,f,f,f,t,f,f,f,f,f,t,1.2,t,2.3,t,89,t,1.14,t,78,f,,other,-,861007085,otro
43,F,f,f,f,f,f,f,f,f,f,f,f,f,f,f,t,1.6,f,,t,75,t,0.91,t,82,f,,other,-,861007087,otro
45,M,f,f,f,f,f,f,f,f,f,f,f,f,f,f,t,2.8,f,,t,89,t,0.97,t,92,f,,other,-,861008004,otro
45,,f,f,f,f,f,f,f,f,f,f,f,f,f,f,t,3.5,t,5.1,t,175,t,0.91,t,192,f,,other,I,861008024,otro
61,F,t,f,f,f,f,f,f,f,f,f,f,f,f,f,t,8.099999,t,1.2,t,92,t,0.96,t,96,f,,other,M,861008033,otro
68,F,f,f,f,f,f,f,f,f,f,f,f,f,f,f,t,0.07,f,,t,147,t,0.95,t,155,f,,other,-,861008043,otro
60,F,t,f,f,f,f,f,f,f,f,f,f,f,f,f,t,3.4,t,1.2,t,109,t,0.86,t,127,f,,other,-,861008046,otro
30,M,f,f,f,f,f,f,f,f,f,f,f,f,f,t,t,3.4,f,,t,94,t,0.83,t,113,f,,SVHC,-,861008058,otro
47,F,f,f,f,f,f,f,f,f,t,f,f,f,f,f,t,1.4,f,,t,135,t,1.06,t,127,f,,other,-,861008059,otro
43,,f,f,f,f,f,f,f,f,f,f,f,f,f,f,t,1.9,f,,t,77,t,0.9,t,86,f,,other,-,861008061,otro
43,F,f,f,f,f,f,f,f,f,f,f,f,f,f,t,t,1.6,f,,t,134,t,0.86,t,156,f,,SVHC,-,861008062,otro
66,F,f,f,f,f,f,f,f,f,f,f,f,f,f,t,t,0.93,f,,t,114,t,1.02,t,112,f,,SVI,-,861008063,otro
45,M,f,f,f,f,f,f,f,f,f,t,f,f,f,t,t,2.5,f,,t,108,t,0.98,t,110,f,,SVHC,-,861008064,otro
1,M,f,f,f,f,f,f,f,f,t,f,f,f,f,f,t,6.5,f,,t,133,t,1.26,t,106,f,,STMW,G,861008071,hipotiroidismo
46,F,f,f,f,f,f,f,f,t,f,f,f,f,f,f,t,2.6,t,0.8,t,97,t,0.89,t,109,f,,SVI,K,861008077,otro
33,F,f,f,f,f,f,f,f,t,f,f,f,f,f,f,t,41,f,,t,95,t,1.02,t,93,f,,other,G,861008088,hipotiroidismo
33,F,f,f,f,f,f,f,f,f,f,f,f,f,f,f,t,0.61,f,,t,184,t,1.5,t,123,f,,other,I,861009001,otro
56,,f,f,f,f,f,f,f,f,f,f,f,f,f,f,t,3.9,f,,t,83,t,0.86,t,97,f,,other,-,861009002,otro
56,F,f,f,f,f,f,f,f,f,f,f,f,f,f,f,t,5,f,,t,98,t,1.01,t,97,f,,other,-,861009004,otro
56,F,f,f,f,f,f,f,f,f,f,f,f,f,f,f,t,3.6,f,,t,91,t,0.8,t,114,f,,other,-,861009005,otro
73,F,f,f,f,f,f,f,f,f,f,f,f,f,f,f,t,1.3,f,,t,134,t,1.03,t,130,f,,other,-,861009006,otro
44,F,f,f,f,f,f,f,f,f,f,f,f,f,f,f,t,1.8,f,,t,97,t,1.05,t,92,f,,other,-,861009007,otro
55,M,f,f,f,f,f,f,f,f,f,f,f,f,f,f,t,1.1,f,,t,84,t,0.82,t,102,f,,other,-,861009008,otro
50,F,f,f,f,f,f,f,f,f,f,f,f,f,f,f,t,3.7,f,,t,118,t,0.99,t,119,f,,SVHC,-,861009009,otro
74,F,f,f,f,f,f,f,f,f,f,f,f,f,f,f,t,2,f,,t,99,t,0.94,t,105,f,,SVHC,-,861009010,otro
51,F,f,f,f,f,f,f,f,f,f,f,f,t,f,f,t,1.4,t,2.3,t,122,t,1.1,t,111,f,,other,-,861009017,otro
25,F,f,f,f,f,t,f,f,f,t,f,f,f,f,f,t,1.8,f,,t,158,t,1.58,t,100,f,,STMW,I,861009021,otro
74,F,t,f,f,f,f,f,f,f,f,f,f,f,f,f,t,0.075,t,2.2,t,191,t,0.97,t,197,f,,other,N,861009023,otro
29,F,f,f,f,f,f,f,f,f,f,f,f,f,f,f,t,1.5,t,1.6,t,83,t,1.01,t,82,f,,other,-,861009024,otro
60,M,f,f,f,f,f,f,f,f,f,f,f,f,f,f,t,0.07,t,2,t,144,t,0.78,t,185,f,,other,R,861009025,otro
67,F,t,f,f,f,f,f,f,t,f,f,f,f,f,f,t,7.7,t,1.4,t,83,t,1.04,t,80,f,,other,M,861009029,otro
57,F,f,f,f,f,f,f,f,f,t,f,f,f,f,f,t,0.07,t,1.6,t,75,t,1.09,t,69,f,,other,-,861009041,otro
59,F,t,f,f,f,f,f,f,f,f,f,f,f,f,f,t,2,f,,t,157,t,1.05,t,150,f,,other,-,861009042,otro
34,F,f,f,f,f,f,f,f,f,f,f,f,f,f,f,t,1.3,f,,t,189,t,1.77,t,107,f,,other,I,861009060,otro
90,F,f,f,f,f,f,f,f,f,f,f,f,f,f,f,t,4.5,t,0.1,t,28,t,0.79,t,35,f,,SVI,K,861009061,otro
92,F,f,f,f,f,f,f,f,f,f,f,f,f,f,f,t,0.14,t,0.9,t,92,t,0.91,t,101,f,,SVI,K,861009063,otro
22,F,f,f,f,f,f,f,f,f,f,f,f,f,f,f,t,3,t,2.2,t,134,t,0.97,t,138,f,,other,-,861009065,otro
22,F,t,f,f,f,f,f,f,f,t,f,f,f,f,f,t,0.09,t,2.2,t,189,t,1.02,t,185,f,,other,N,861009066,otro
55,F,f,f,f,f,f,f,f,f,f,f,f,f,f,f,t,4.5,t,1.2,t,151,t,1.14,t,132,f,,SVI,-,861009069,otro
33,F,f,f,f,f,f,f,f,f,f,f,f,t,f,f,t,6.7,f,,t,90,t,1.02,t,88,f,,other,G,861009077,hipotiroidismo
34,F,f,f,f,f,f,f,f,f,t,f,f,f,f,f,t,0.24,t,2.7,t,117,t,1.08,t,108,f,,other,-,861009081,otro
39,F,f,f,f,f,f,f,f,f,f,f,f,f,f,t,t,2,t,2.4,t,96,t,0.98,t,98,f,,SVHC,-,861010003,otro
49,F,f,f,f,f,f,f,f,f,t,f,f,f,f,f,t,0.075,t,3.3,t,239,t,1.28,t,187,f,,other,A,861010004,hipertiroidismo
49,F,f,f,f,f,f,f,f,f,f,f,f,f,f,f,t,1.4,f,,t,97,t,0.71,t,137,f,,other,-,861010006,otro
81,F,f,f,f,f,f,f,f,f,f,f,f,f,f,f,t,3.2,f,,t,75,t,1,t,75,f,,other,-,861010018,otro
54,F,f,f,f,f,f,f,t,f,f,f,f,f,f,f,t,0.075,t,5,t,216,t,0.86,t,251,f,,other,A,861010020,hipertiroidismo
31,M,f,f,f,f,f,f,f,f,f,f,f,f,f,t,t,1.6,f,,t,164,t,1.04,t,158,f,,SVHC,R,861010049,otro
31,M,f,f,f,f,f,f,f,f,f,f,f,f,f,f,t,0.47,f,,t,92,t,0.91,t,101,f,,SVI,-,861010050,otro
76,F,f,f,f,f,f,f,f,f,f,f,f,f,f,t,t,3.4,t,1.9,t,126,t,1.18,t,107,f,,SVI,-,861010051,otro
74,M,f,f,f,f,f,f,f,f,f,f,f,f,f,f,t,0.7,f,,t,90,t,0.77,t,117,f,,SVI,-,861010052,otro
18,F,f,f,f,f,f,f,f,f,f,f,f,f,f,f,t,1.3,f,,t,61,t,0.77,t,79,f,,other,-,861010054,otro
18,F,f,f,f,f,f,f,f,f,f,f,f,f,f,f,t,5.9,t,2.1,t,93,t,0.96,t,97,f,,other,-,861010056,otro
73,F,f,f,f,f,f,f,f,f,t,f,f,f,f,f,t,7.3,t,2.1,t,139,t,1.15,t,121,f,,other,G,861010057,hipotiroidismo
49,F,f,f,t,f,f,f,f,f,f,f,f,f,f,f,t,0.1,t,3.1,t,139,t,1.14,t,122,f,,other,-,861010058,otro
62,F,f,f,f,f,f,f,f,t,f,f,f,f,f,f,f,,f,,t,98,t,1,t,98,f,,other,-,861010063,otro
76,F,f,f,f,f,f,f,f,f,f,f,f,f,f,f,t,2.9,t,1.6,t,109,t,0.83,t,131,f,,other,-,861013002,otro
45,M,t,f,f,f,f,f,f,f,f,t,f,f,f,t,t,1.7,t,1.8,t,94,t,0.86,t,109,f,,SVHC,-,861013003,otro
45,M,f,f,f,f,f,f,f,f,f,t,f,f,f,f,t,2.3,t,2.2,t,98,t,0.93,t,105,f,,SVHC,-,861013004,otro
43,F,f,f,f,f,f,f,f,f,f,f,f,f,f,f,t,5.5,t,0.4,t,47,t,0.88,t,53,f,,other,H|K,861013005,otro
76,M,f,f,f,t,f,f,f,f,f,f,f,f,f,f,t,0.26,t,0.1,t,34,t,0.61,t,56,f,,other,-,861013006,otro
35,F,f,f,f,f,f,f,f,f,f,t,f,f,f,f,t,1.1,t,1.8,t,111,t,1.02,t,109,f,,SVHC,-,861013007,otro
38,F,f,f,f,f,f,f,f,f,f,f,f,f,f,f,t,0.085,t,4,t,221,t,1.09,t,203,f,,other,A,861013008,hipertiroidismo
54,F,f,f,f,f,f,f,f,f,f,f,f,f,f,f,t,0.69,t,3.4,t,147,t,1.35,t,109,f,,other,I,861013010,otro
64,F,f,f,f,f,f,f,f,f,f,f,f,f,f,f,t,0.32,f,,t,99,t,1.01,t,98,f,,other,-,861013012,otro
64,F,t,f,f,f,f,f,f,f,f,f,f,f,f,f,t,2.6,f,,t,162,t,0.97,t,167,f,,other,L,861013014,otro
39,M,t,f,f,f,f,f,f,f,f,f,f,f,f,f,t,0.105,t,4.1,t,131,t,0.95,t,138,f,,other,B,861013023,hipertiroidismo
58,F,f,f,f,f,f,f,f,f,f,f,f,f,f,f,t,6.4,f,,t,117,t,1.04,t,113,f,,other,G,861013048,hipotiroidismo
38,F,f,f,f,f,f,f,f,f,f,f,f,f,f,f,t,5.5,f,,t,131,t,1.15,t,114,f,,other,-,861013049,otro
29,F,f,f,f,f,f,f,f,f,f,f,f,f,f,f,t,2.1,t,1.6,t,99,t,0.87,t,114,f,,other,-,861013053,otro
46,F,f,f,f,f,f,f,f,f,f,f,f,f,f,f,t,0.27,f,,t,117,t,1.08,t,108,f,,other,-,861013054,otro
58,F,t,f,f,f,f,f,f,f,f,f,f,f,f,f,t,0.52,f,,t,116,t,0.98,t,118,f,,other,-,861013057,otro
1,F,f,f,f,f,f,f,f,f,f,f,f,f,f,f,t,2.1,f,,t,117,t,0.97,t,121,f,,other,-,861014001,otro
55,F,f,f,f,f,f,f,f,f,f,t,f,f,f,f,t,7.2,f,,t,106,t,0.83,t,128,f,,SVI,G,861014002,hipotiroidismo
33,M,f,f,f,f,f,f,f,f,f,t,f,f,f,f,t,4.5,t,2.1,t,83,t,0.95,t,87,f,,SVHC,-,861014003,otro
72,,f,f,f,f,f,f,f,f,f,f,f,f,f,f,t,8.799999,t,0.6,t,40,t,0.83,t,48,f,,other,FK,861014004,hipotiroidismo
66,,f,f,f,f,f,f,f,f,f,f,f,f,f,f,t,2,t,2,t,177,t,1.18,t,150,f,,other,-,861014005,otro
66,,f,f,f,f,f,f,f,f,f,f,f,f,f,f,t,8.9,f,,t,119,t,1.19,t,100,f,,other,G,861014006,hipotiroidismo
21,,f,f,f,f,f,f,f,f,f,f,f,f,f,f,t,8.5,t,1.6,t,112,t,0.91,t,123,f,,other,G,861014007,hipotiroidismo
66,F,f,f,f,f,f,f,f,f,f,f,f,f,f,f,t,7.8,f,,t,77,t,0.76,t,101,f,,other,G,861014016,hipotiroidismo
45,F,t,f,f,f,f,f,f,f,f,f,f,t,f,f,t,0.21,f,,t,179,t,0.99,t,181,f,,other,L,861014039,otro
65526,F,f,f,f,f,f,f,f,f,f,f,f,f,f,f,t,1.5,f,,t,132,t,1.02,t,129,f,,other,-,861014041,otro
63,M,f,f,f,f,f,f,f,f,f,f,f,f,f,t,t,3.2,t,1.9,t,114,t,1,t,114,f,,SVHC,-,861014048,otro
87,F,f,f,f,f,f,f,f,f,f,f,f,f,f,f,t,6.4,t,0.05,t,40,t,0.68,t,59,f,,SVI,FK,861014054,hipotiroidismo
32,F,f,f,f,f,f,f,f,f,f,f,f,f,f,f,t,0.1,f,,t,153,t,0.67,t,228,f,,SVI,A,861014055,hipertiroidismo
58,F,f,f,f,f,f,f,f,f,f,f,f,f,f,f,t,1,t,1.9,t,112,t,0.95,t,118,f,,SVI,-,861014056,otro
31,F,t,f,f,f,f,f,f,f,f,f,f,f,f,f,t,166,t,0.6,t,32,t,1.04,t,31,f,,SVI,F,861014057,hipotiroidismo
87,F,f,f,f,f,f,f,f,f,f,f,f,f,f,f,t,2,t,1.3,t,98,t,0.91,t,108,f,,SVI,-,861014058,otro
82,F,f,f,f,f,f,f,f,f,f,f,f,f,f,f,t,1.9,f,,t,122,t,1.12,t,109,f,,SVI,-,861014059,otro
64,F,f,f,f,f,f,f,f,f,f,f,f,f,f,f,t,6.2,t,2,t,73,t,1,t,73,f,,other,G,861014068,hipotiroidismo
26,F,f,f,f,f,f,f,f,f,f,f,f,f,f,f,t,1.7,f,,t,144,t,1.7,t,85,f,,other,I,861014069,otro
29,F,f,f,f,f,f,f,f,f,f,f,f,f,f,f,t,4.9,f,,t,146,t,1.32,t,111,f,,other,I,861014070,otro
24,F,t,f,f,f,f,f,f,f,f,f,f,t,f,f,t,0.065,t,2.6,t,176,t,1.07,t,164,t,28,other,N,861015018,otro
25,F,f,f,f,f,f,f,f,f,f,f,f,f,f,f,t,1.5,f,,t,156,t,1.36,t,115,f,,other,-,861015020,otro
25,M,f,f,f,f,f,f,f,f,f,f,f,f,f,f,f,,f,,f,,f,,f,,t,16,other,-,861015039,otro
44,M,f,f,f,f,f,f,f,f,f,t,f,f,f,f,t,1.9,t,1.8,t,94,t,0.89,t,106,f,,SVHC,-,861015044,otro
44,F,f,f,f,f,f,f,f,f,f,f,f,f,f,f,t,5.4,f,,t,75,t,0.82,t,91,f,,SVHC,-,861015047,otro
86,F,f,f,f,f,f,f,f,f,f,f,f,f,f,f,t,4,f,,t,106,t,0.83,t,128,f,,other,-,861015053,otro
42,F,f,f,f,f,f,f,f,f,f,f,f,f,f,f,t,0.065,t,2.3,t,130,t,1.03,t,126,f,,other,-,861015055,otro
73,F,f,f,f,f,f,f,f,f,f,f,f,t,f,f,t,0.04,t,3.8,t,292,t,0.91,t,321,f,,other,A,861015065,hipertiroidismo
66,M,f,f,f,f,f,f,f,f,f,f,f,f,f,f,t,2.6,t,2.2,t,193,t,1.22,t,158,f,,other,R,861015066,otro
69,F,f,f,f,f,f,f,f,f,f,f,f,f,f,f,t,1.8,t,1.6,t,109,t,0.93,t,117,f,,SVI,-,861015067,otro
22,F,f,f,f,f,f,f,f,f,f,f,f,f,f,f,t,1.4,f,,t,88,t,0.73,t,121,f,,other,-,861015074,otro
70,F,f,f,f,f,f,f,f,f,f,f,f,f,f,f,t,4.4,t,2.8,t,118,t,1.01,t,117,f,,SVHC,-,861015081,otro
28,M,f,f,f,f,f,f,f,f,f,f,f,f,f,f,t,1.1,t,2.3,t,99,t,0.86,t,115,f,,SVHC,-,861015082,otro
38,F,t,f,f,f,f,f,f,t,f,f,f,f,f,f,t,4.3,t,1.5,t,142,t,0.97,t,146,f,,other,-,861015086,otro
35,F,f,f,f,f,f,f,f,f,t,f,f,f,f,f,t,0.52,t,2.6,t,91,t,0.97,t,94,f,,other,-,861015088,otro
35,F,f,f,f,f,f,f,f,f,f,f,f,f,f,f,f,,f,,f,,f,,f,,t,29,other,-,861015090,otro
52,F,t,f,f,f,f,f,f,f,f,f,f,f,f,f,t,0.04,f,,t,176,t,1.49,t,118,f,,other,-,861015104,otro
42,F,f,f,f,f,t,f,f,f,f,f,f,f,f,t,t,3.8,t,2.3,t,127,t,0.97,t,131,f,,SVHC,-,861016001,otro
73,F,f,f,f,f,f,f,f,f,f,f,f,f,f,f,t,0.05,t,2.5,t,202,t,1,t,202,f,,other,AK,861016002,hipertiroidismo
63,F,f,f,f,f,f,f,f,f,f,f,f,f,f,f,t,7.3,f,,t,142,t,1.26,t,113,f,,other,G,861016003,hipotiroidismo
63,F,f,f,f,f,f,f,f,f,f,f,f,f,f,f,t,3,f,,t,101,t,0.96,t,105,f,,other,-,861016006,otro
71,F,f,f,f,f,f,f,f,f,f,f,f,f,f,f,t,3.4,f,,t,106,t,0.93,t,114,f,,other,-,861016007,otro
16,F,t,f,f,f,f,f,f,t,f,f,f,f,f,f,t,0.21,t,2.4,t,126,t,0.93,t,135,f,,other,-,861016008,otro
19,F,f,f,f,f,f,f,f,f,f,f,f,f,f,t,t,0.91,t,2.2,t,96,t,0.88,t,109,f,,SVHC,-,861016010,otro
61,F,f,f,f,f,f,f,f,f,f,f,f,f,f,t,t,2.2,t,1.8,t,123,t,1.04,t,118,f,,SVHC,-,861016011,otro
54,F,t,f,f,f,f,f,f,f,f,f,f,f,f,f,t,3.1,t,1.9,t,98,t,1.01,t,97,f,,other,-,861016028,otro
65,F,t,f,f,f,f,f,f,f,f,f,f,f,f,f,t,1.4,t,1.9,t,109,t,0.92,t,118,f,,other,-,861016029,otro
56,F,f,t,f,f,f,f,f,f,f,f,f,f,f,f,t,1.6,t,3,t,104,t,1.15,t,90,f,,other,-,861016037,otro
56,F,t,f,f,f,f,f,f,f,f,f,f,f,f,f,f,,f,,t,167,t,1.54,t,108,f,,other,-,861016038,otro
74,M,t,f,f,f,f,f,f,f,f,f,f,f,f,f,t,0.04,t,2.1,t,166,t,0.89,t,186,f,,other,N,861016041,otro
55,F,t,f,f,f,f,f,f,f,f,f,f,f,f,f,t,0.04,f,,t,188,t,0.83,t,226,f,,other,N,861016043,otro
76,F,f,f,f,f,f,f,f,f,f,f,f,f,f,f,t,1.3,t,2.2,t,142,t,1.31,t,108,f,,other,-,861016044,otro
48,F,f,f,f,f,f,f,f,f,t,f,f,f,f,f,t,0.63,f,,t,132,t,1.07,t,123,f,,other,-,861016060,otro
15,F,f,f,f,f,f,f,f,f,f,f,f,t,f,f,t,0.04,t,3,t,129,t,0.97,t,133,f,,other,I,861016065,otro
71,F,f,t,f,f,f,f,f,f,f,f,f,f,f,f,t,1.2,t,2,t,103,t,0.99,t,104,f,,other,-,861016068,otro
69,M,t,t,f,f,f,f,f,f,f,f,f,f,f,f,t,0.04,t,1.4,t,163,t,0.82,t,199,f,,other,N,861016073,otro
54,F,f,f,f,f,f,f,f,f,f,f,f,f,f,t,t,0.85,t,1.3,t,102,t,0.91,t,113,f,,SVHC,-,861016077,otro
76,F,f,f,f,f,f,f,f,f,f,f,f,f,f,f,t,3.1,t,2.4,t,122,f,,f,,f,,SVI,-,861016078,otro
70,F,f,f,f,f,f,f,f,f,f,f,f,f,f,f,t,2.6,f,,t,97,t,1.12,t,87,f,,SVI,-,861016079,otro
95,M,f,f,f,f,f,f,f,f,f,f,f,f,f,f,t,4.4,t,0.4,t,54,t,0.62,t,87,f,,SVI,K,861016080,otro
51,F,f,f,f,f,f,f,f,f,f,f,f,f,f,f,t,0.52,f,,t,137,t,1.11,t,123,f,,SVI,-,861016082,otro
47,F,f,f,f,f,f,f,f,f,f,t,f,f,f,f,t,2.5,t,2.5,t,108,t,1.23,t,88,f,,SVHC,-,861016085,otro
28,M,f,f,f,f,f,f,f,f,f,f,f,f,f,t,t,3.7,t,2.4,t,107,t,0.96,t,112,f,,SVHC,-,861016088,otro
54,F,f,f,f,f,f,f,f,f,f,f,f,t,f,f,t,2.6,f,,t,83,t,1.07,t,78,f,,other,-,861016090,otro
53,M,f,f,f,f,f,f,f,t,f,f,f,f,f,f,t,0.72,f,,t,120,t,0.88,t,139,f,,other,-,861016094,otro
59,M,f,t,f,f,f,f,f,f,f,f,f,f,f,f,t,2.5,t,2.7,t,74,t,1.12,t,66,f,,other,-,861017001,otro
61,F,f,f,f,f,f,f,f,f,t,f,f,f,f,f,t,2.5,t,2,t,101,t,0.85,t,119,f,,other,-,861017002,otro
70,M,f,f,f,f,f,f,f,f,f,f,f,f,f,f,t,1.9,f,,t,112,t,0.95,t,118,f,,other,-,861017005,otro
48,F,f,f,f,f,f,f,f,f,f,f,f,t,f,f,t,20,t,2.8,t,74,f,,f,,f,,other,G,861017006,hipotiroidismo
75,F,f,f,f,f,f,f,f,f,f,f,f,f,f,f,t,0.57,f,,t,135,t,0.88,t,153,f,,other,-,861017008,otro
51,M,f,f,f,f,f,f,f,f,f,f,f,f,f,f,t,1,t,2.6,t,89,t,0.89,t,100,f,,SVHC,-,861017009,otro
51,F,t,f,f,f,f,f,f,f,f,f,f,f,f,f,t,0.11,t,2.1,t,135,t,1.08,t,125,f,,other,-,861017017,otro
36,F,t,f,f,f,f,f,f,f,f,f,f,f,f,f,t,0.04,f,,t,169,t,0.98,t,172,f,,other,N,861017018,otro
64,F,t,f,f,f,f,f,f,f,f,f,f,f,f,f,t,0.045,t,2.4,t,132,t,0.95,t,139,f,,other,-,861017019,otro
38,F,f,f,f,f,f,f,f,f,f,f,f,t,f,f,t,1.4,f,,t,93,t,0.83,t,112,f,,other,-,861017022,otro
79,F,f,f,f,f,f,f,f,f,f,f,f,f,f,f,t,1.8,f,,t,152,t,1.03,t,148,f,,other,-,861017048,otro
79,F,f,f,f,f,f,f,f,f,f,f,f,f,f,f,t,1.3,f,,t,78,t,0.83,t,94,f,,other,-,861017049,otro
81,F,f,f,f,f,f,f,f,f,f,f,f,f,f,f,t,2.1,f,,t,137,t,1.15,t,119,f,,SVI,-,861017050,otro
74,M,f,f,f,f,f,f,f,f,f,f,f,f,f,f,t,1.1,t,1.7,t,80,t,0.95,t,84,f,,SVI,-,861017052,otro
16,F,t,f,f,f,f,f,f,f,f,f,f,f,f,f,t,0.055,t,2.6,t,109,t,0.99,t,110,f,,SVI,-,861017053,otro
66,F,f,f,f,f,f,f,f,f,f,f,f,f,f,f,t,3.4,t,2.7,t,90,t,0.99,t,91,f,,other,-,861017072,otro
49,F,t,f,f,f,f,f,f,f,f,f,f,f,f,f,t,3.7,t,2,t,91,t,0.85,t,107,f,,SVHD,-,861017077,otro
37,M,f,f,f,f,f,f,f,f,f,f,f,f,f,f,t,2.1,f,,t,86,t,0.77,t,112,f,,SVI,-,861020004,otro
27,F,f,f,f,f,f,f,f,f,f,f,f,f,f,t,t,1.8,t,2.2,t,91,t,0.85,t,107,f,,SVHC,-,861020005,otro
37,F,t,f,f,f,f,f,f,f,f,f,f,f,f,f,t,1.8,f,,t,228,t,1.65,t,138,f,,STMW,I,861020007,otro
26,F,f,f,f,f,f,f,f,f,f,f,f,f,f,f,t,460,t,0.5,t,22,t,1.38,t,16,f,,SVI,F,861020008,hipotiroidismo
26,M,f,f,f,f,f,f,f,f,f,f,t,f,f,f,t,1.6,f,,t,136,t,1.07,t,128,f,,SVI,-,861020009,otro
13,M,f,f,f,f,f,f,f,f,f,f,f,f,f,f,t,3.3,t,2.3,t,105,t,0.85,t,124,f,,other,-,861020011,otro
17,F,t,f,f,f,f,f,f,f,f,f,f,f,f,f,t,15,t,1.8,t,132,t,0.89,t,148,f,,other,M,861020012,otro
77,F,f,f,f,f,f,f,f,t,f,f,f,f,f,f,t,1.3,t,1.2,t,123,t,0.98,t,126,f,,SVI,-,861020016,otro
72,,f,f,f,f,f,f,f,f,f,f,f,f,f,t,t,4.1,t,1.3,t,101,t,0.78,t,130,f,,other,-,861020017,otro
72,,f,f,f,f,f,f,f,f,f,f,f,f,f,f,t,1.4,t,2.3,t,65,t,0.87,t,75,t,25,other,-,861020020,otro
72,F,f,f,f,f,f,f,f,t,f,f,f,f,f,f,f,,t,1,t,16,t,1.1,t,15,f,,other,E,861020023,hipotiroidismo
72,F,f,f,f,f,f,f,f,t,f,f,f,f,f,f,t,192,f,,f,,f,,f,,f,,other,F,861020024,hipotiroidismo
39,F,t,f,f,f,f,f,f,f,f,f,f,f,f,f,t,0.11,t,2.4,t,135,t,0.92,t,147,f,,other,-,861020030,otro
39,F,f,f,f,f,f,t,f,f,f,f,f,f,f,f,t,4.3,t,1.8,t,92,f,,f,,f,,other,-,861020033,otro
75,F,t,f,f,f,f,f,f,f,f,f,f,f,f,f,t,1.7,t,2,t,111,t,1.08,t,103,f,,other,-,861020035,otro
75,,f,f,f,f,f,f,f,f,f,f,f,f,f,f,t,1.4,f,,t,77,t,0.71,t,109,f,,other,-,861020037,otro
72,F,t,f,f,f,f,f,f,f,f,f,f,f,f,f,t,1.6,t,2.2,t,128,t,1.12,t,114,f,,other,-,861020038,otro
29,M,f,f,f,f,f,f,f,f,f,f,f,f,f,f,t,1.7,t,2,t,93,t,0.81,t,115,f,,SVI,-,861020040,otro
74,M,f,f,f,t,f,f,f,f,f,f,f,f,f,f,t,1.2,f,,t,80,t,0.95,t,84,f,,SVI,-,861020041,otro
23,F,t,f,f,f,f,f,f,f,f,f,f,f,f,f,t,0.015,f,,t,127,t,0.93,t,137,f,,other,-,861020043,otro
44,M,f,f,f,f,f,f,f,f,f,f,f,f,f,f,t,4.6,f,,t,79,t,0.83,t,95,f,,SVI,-,861020044,otro
40,M,f,f,f,f,f,f,f,f,f,f,f,f,f,t,t,2.6,t,2.4,t,105,t,0.99,t,106,f,,SVHC,-,861020045,otro
79,F,f,f,f,f,f,f,f,f,f,f,f,f,f,t,t,1.2,t,2.9,t,127,t,1,t,127,f,,SVHC,-,861020046,otro
61,F,f,f,f,f,f,f,f,f,f,f,f,f,f,f,t,3.3,f,,t,110,t,1.11,t,99,f,,other,-,861020060,otro
84,F,f,f,f,f,f,f,f,f,t,f,f,f,f,f,t,4,t,1.7,t,64,t,0.96,t,67,f,,other,-,861020067,otro
64,F,f,f,f,f,f,f,f,f,f,f,f,f,f,f,t,1.7,f,,t,80,t,0.94,t,85,f,,other,-,861021002,otro
37,F,f,f,f,f,f,f,f,f,f,f,f,f,f,f,t,1.9,f,,t,134,t,1.2,t,112,f,,other,-,861021003,otro
28,F,f,f,f,f,f,f,f,f,f,f,f,f,f,f,t,0.51,f,,t,203,t,1.95,t,104,f,,STMW,I,861021004,otro
71,M,f,f,f,f,f,f,f,f,f,f,f,f,f,f,t,2,t,2.5,t,107,t,1,t,105,f,,other,-,861021031,otro
76,M,f,f,f,f,f,f,f,f,f,f,f,f,f,f,t,1.3,f,,t,58,t,0.65,t,89,f,,SVI,-,861021032,otro
76,,f,f,f,f,f,f,f,f,f,f,f,f,f,f,t,2.2,f,,t,77,t,0.6,t,128,f,,SVI,-,861021033,otro
87,F,f,f,f,f,f,f,f,f,f,f,f,f,f,f,t,14,f,,t,89,t,1.01,t,88,f,,SVI,G,861021034,hipotiroidismo
70,F,f,f,f,f,f,f,f,f,f,f,f,f,f,f,t,2.3,t,2.6,t,117,t,1.08,t,108,f,,SVI,-,861021038,otro
51,F,t,f,f,f,f,f,t,t,f,f,f,f,f,f,t,0.035,t,4.3,t,167,t,1.02,t,164,f,,other,N,861021060,otro
34,M,f,f,f,f,f,f,f,f,f,f,f,f,f,f,t,1.4,f,,t,76,t,0.76,t,100,f,,SVI,-,861022008,otro
34,F,f,f,f,f,f,f,f,f,t,f,f,f,f,f,f,,f,,f,,f,,f,,t,20,other,-,861022031,otro
21,F,f,f,f,f,f,f,f,f,f,f,f,f,f,f,f,,t,2,f,,f,,f,,f,,other,-,861022033,otro
57,F,f,f,f,f,f,f,f,f,t,f,f,f,f,f,t,31,t,4.1,t,230,t,2,t,115,f,,SVI,I,861022036,otro
66,M,f,f,f,f,f,f,f,f,f,f,f,f,f,f,t,2,t,1.9,t,91,t,0.96,t,95,f,,SVI,-,861022040,otro
84,F,f,f,f,f,f,f,f,f,f,f,f,f,f,f,t,2,f,,t,136,t,0.75,t,181,f,,SVI,-,861022041,otro
79,M,f,f,f,f,f,f,f,f,f,f,f,f,f,f,t,0.28,t,1.5,t,138,t,0.99,t,139,f,,SVI,-,861022042,otro
67,F,f,f,f,f,f,f,f,f,f,f,f,f,f,f,t,2.7,t,1.9,t,138,t,0.95,t,145,f,,SVI,-,861022043,otro
76,F,f,f,f,f,f,f,f,f,f,f,f,f,f,f,t,2.1,t,2.2,t,107,t,0.9,t,119,f,,SVI,-,861022044,otro
87,F,f,f,f,f,f,f,f,f,f,f,f,f,f,f,t,10,t,0.2,t,43,t,0.63,t,68,f,,SVI,-,861022045,otro
27,M,f,f,f,f,f,f,f,f,f,f,f,f,f,f,t,0.98,t,2.6,t,144,t,1.01,t,143,f,,SVHC,-,861022048,otro
86,F,f,f,f,f,f,f,f,f,t,f,f,f,f,f,t,1.6,t,0.4,t,76,t,1.06,t,72,f,,SVI,K,861022050,otro
32,M,f,f,f,f,f,f,f,f,f,f,f,f,f,f,t,0.33,t,2.3,t,77,t,0.83,t,93,f,,other,-,861022056,otro
79,F,t,f,f,f,f,f,f,f,f,f,f,f,f,f,t,7.1,t,2.6,t,153,t,1.23,t,124,f,,other,-,861022062,otro
44,F,f,f,f,f,f,t,f,f,f,f,f,f,f,f,t,7.5,f,,t,86,t,1.42,t,61,f,,other,-,861022073,otro
81,F,t,f,f,f,f,f,f,f,f,f,f,f,f,f,t,4.8,f,,t,130,t,1.18,t,110,f,,other,-,861022076,otro
62,F,f,f,f,f,f,f,f,f,f,f,f,f,f,f,f,,f,,t,131,t,1.13,t,116,f,,other,-,861023001,otro
75,M,f,f,f,f,f,f,f,t,f,f,f,f,f,f,t,1.4,t,1.6,t,86,t,0.89,t,97,f,,other,-,861023002,otro
41,,f,f,f,f,f,f,f,f,f,f,f,f,f,f,t,2,t,2.4,t,103,t,1.02,t,101,f,,SVHC,-,861023003,otro
41,,f,f,f,f,f,f,f,f,f,t,f,f,f,t,t,1.1,f,,t,103,t,0.99,t,104,f,,SVHC,-,861023004,otro
32,,f,f,f,f,f,f,f,f,f,f,f,f,f,t,t,1,f,,t,61,t,0.99,t,62,f,,SVHC,-,861023005,otro
50,M,f,f,f,f,f,f,f,f,f,f,f,f,f,f,t,0.2,t,1.8,t,130,t,1.12,t,116,f,,other,-,861023008,otro
56,M,t,f,f,f,f,f,f,f,f,f,f,f,f,f,t,0.035,t,2.7,t,212,t,1.15,t,184,f,,other,N,861023014,otro
41,F,t,f,f,f,f,f,f,f,f,f,f,f,f,f,t,5.6,t,1.4,t,130,t,1.16,t,112,f,,other,-,861023015,otro
63,F,t,f,f,f,f,f,f,t,f,f,f,f,f,f,t,0.035,t,1.5,t,147,t,0.93,t,158,f,,other,L,861023017,otro
63,M,f,t,f,f,f,f,f,f,f,f,f,f,f,f,f,,f,,t,56,t,1,t,56,f,,other,-,861023021,otro
61,F,f,f,f,f,f,f,f,t,f,f,f,f,f,f,t,109,t,1.3,t,44,t,0.98,t,45,f,,other,F,861023039,hipotiroidismo
22,F,f,f,f,f,f,f,f,f,t,f,f,f,f,f,f,,f,,f,,f,,f,,t,24,other,-,861023049,otro
67,F,f,f,f,f,f,f,f,f,f,f,f,f,f,f,t,0.055,t,3.1,t,157,t,0.92,t,171,f,,other,A,861023055,hipertiroidismo
46,F,f,f,f,f,f,f,f,f,f,f,f,f,f,f,t,1.2,t,2.3,t,98,t,0.93,t,105,f,,other,-,861023056,otro
45,F,t,f,f,f,f,f,f,f,f,f,f,f,f,f,t,0.11,f,,t,129,t,0.85,t,152,f,,other,-,861023065,otro
36,F,f,f,f,f,f,f,f,f,f,f,f,f,f,f,f,,f,,t,103,t,0.81,t,127,f,,other,-,861023066,otro
60,M,f,f,f,f,f,f,f,f,f,f,f,f,f,f,t,0.035,t,7.6,t,236,t,0.91,t,259,f,,other,A,861023067,hipertiroidismo
29,F,t,f,f,f,f,f,f,f,f,f,f,f,f,f,t,0.035,t,2.7,t,201,t,0.84,t,239,f,,other,N,861023068,otro
60,F,f,t,f,f,f,f,f,f,f,f,f,f,f,f,f,,f,,t,99,t,1.03,t,96,f,,other,-,861023069,otro
34,F,f,f,f,f,f,f,f,f,f,f,f,f,f,f,t,0.78,f,,t,179,t,0.81,t,221,f,,other,R,861023070,otro
56,F,f,f,f,f,f,f,f,f,f,f,f,f,f,f,t,15,t,2.1,t,133,t,0.97,t,137,f,,other,G,861023071,hipotiroidismo
40,M,f,f,f,f,f,f,f,f,f,f,f,f,f,f,t,0.15,t,1.6,t,173,t,0.9,t,192,f,,SVI,R,861023075,otro
40,,f,f,f,f,f,f,f,f,f,f,f,f,f,f,t,2.1,f,,t,81,t,0.78,t,104,f,,other,-,861023077,otro
63,M,f,f,f,f,f,f,f,f,f,f,f,f,f,f,t,0.34,f,,t,142,t,0.99,t,143,f,,other,-,861023078,otro
72,F,f,f,f,f,f,f,f,f,f,f,f,f,f,f,t,1.9,t,1.8,t,148,t,1.25,t,118,f,,other,-,861023079,otro
72,M,f,f,f,f,f,f,f,f,f,f,f,f,f,f,t,0.85,t,1.7,t,81,t,0.89,t,91,f,,SVHC,-,861023081,otro
2,F,f,f,f,f,f,f,f,t,f,f,f,f,f,f,t,136,f,,t,53,t,0.77,t,69,f,,STMW,-,861023088,otro
35,M,f,f,f,f,f,f,f,f,f,f,f,f,f,f,t,0.06,f,,f,,f,,t,143,f,,other,-,861023091,otro
65,M,f,f,f,f,f,f,f,f,f,t,f,f,f,f,t,3.6,f,,t,97,t,1.07,t,91,f,,SVHC,-,861023092,otro
62,F,f,f,f,f,f,f,f,f,f,f,f,f,f,f,t,0.74,f,,t,97,t,1.01,t,96,f,,other,-,861023094,otro
35,M,f,f,f,f,f,f,f,f,f,f,f,f,f,f,f,,f,,t,114,t,0.8,f,,f,,other,-,861023096,otro
21,,f,f,f,f,f,f,f,f,f,f,f,t,f,f,f,,f,,t,164,t,1.61,t,102,f,,other,I,861024002,otro
39,F,f,f,f,f,f,f,f,f,f,f,f,f,f,f,f,,f,,f,,f,,f,,t,35,other,S,861024004,otro
24,F,f,f,f,f,f,f,f,f,f,f,f,f,f,f,f,,f,,f,,f,,f,,t,30,other,-,861024015,otro
34,F,f,f,f,f,f,f,f,f,f,f,f,f,f,f,f,,f,,f,,f,,f,,t,43,other,S,861024016,otro
34,M,f,f,f,f,f,f,f,f,f,f,f,f,f,f,t,3.4,f,,t,105,t,1.01,t,104,f,,other,-,861024022,otro
34,,f,f,f,f,f,f,f,f,f,f,f,f,f,f,t,11,f,,t,69,t,0.96,t,72,f,,other,G,861024033,hipotiroidismo
34,,f,f,f,f,f,f,f,f,f,f,f,f,f,f,t,2.2,f,,t,106,t,1.11,t,96,f,,other,-,861024034,otro
69,,f,f,f,f,f,f,f,f,f,f,f,f,f,f,t,3.5,f,,t,130,t,1.07,t,122,f,,other,-,861024035,otro
52,M,f,f,f,f,f,f,f,f,f,f,f,f,f,f,t,2.5,f,,t,93,t,0.88,t,106,f,,other,-,861024036,otro
36,F,t,f,f,f,f,f,f,f,t,f,f,f,f,f,f,,f,,f,,f,,f,,t,106,other,S,861024060,otro
36,F,f,f,f,f,f,f,f,f,f,f,f,f,f,f,t,1.7,f,,t,100,t,0.91,t,110,f,,other,-,861024063,otro
62,F,f,f,f,f,f,f,f,t,f,f,f,f,f,f,f,,t,0.6,f,,f,,f,,f,,other,-,861024068,otro
48,F,t,t,f,f,f,f,f,f,f,f,f,f,f,f,t,12,f,,t,108,t,1.03,t,105,f,,other,M,861024071,otro
48,,t,f,f,f,f,f,f,f,f,f,f,f,f,f,t,0.06,t,1.4,t,129,t,0.9,t,143,f,,other,-,861024072,otro
46,M,f,f,f,t,f,f,f,f,f,f,f,f,f,f,t,2,t,0.9,t,102,t,0.94,t,109,f,,SVI,K,861024075,otro
67,F,t,f,f,f,f,f,f,f,f,f,f,f,f,f,t,0.85,t,2,t,140,t,1.36,t,103,f,,other,-,861024077,otro
64,F,f,t,f,f,f,f,f,f,f,f,f,f,f,f,t,1.4,f,,t,99,t,0.92,t,108,f,,other,-,861024082,otro
22,F,f,f,f,f,f,f,f,f,t,f,f,t,f,f,t,1.5,t,2,f,,f,,t,107,f,,other,-,861024084,otro
53,F,f,f,f,f,f,f,f,f,f,f,f,f,f,f,t,6.4,t,0.3,t,13,t,0.94,t,14,f,,SVI,FK,861027005,hipotiroidismo
70,F,f,f,f,f,f,f,f,f,f,f,f,f,f,f,t,0.04,f,,t,46,t,0.58,t,79,f,,other,J,861027008,otro
53,F,t,f,f,f,f,f,f,f,f,f,f,f,f,f,t,0.24,f,,t,153,t,0.95,t,161,f,,other,L,861027017,otro
59,F,t,f,f,f,f,f,f,f,f,f,f,f,f,f,t,1.4,t,2.4,t,131,t,1.08,t,121,f,,other,-,861027026,otro
59,,f,f,f,f,f,f,f,f,f,f,f,f,f,f,t,3.3,t,1,t,92,t,0.9,t,102,f,,SVI,K,861027028,otro
74,M,f,f,f,f,f,f,f,f,f,f,f,f,f,f,t,2.7,t,1.7,t,115,t,1.11,t,104,f,,SVHC,-,861027029,otro
26,F,f,f,f,f,f,f,f,f,f,f,f,f,f,f,t,1.1,f,,t,96,t,0.89,t,108,f,,other,-,861027054,otro
34,,f,f,f,f,f,f,f,f,f,t,f,f,f,f,t,4.4,f,,t,127,t,1.35,t,94,f,,SVHC,I,861027056,otro
24,F,f,f,f,f,f,f,f,t,f,f,f,f,f,f,t,11,t,1.9,t,92,t,0.84,t,110,f,,other,G,861027066,hipotiroidismo
60,F,f,f,f,f,f,f,f,f,f,f,f,f,f,f,t,0.13,t,1.3,t,146,t,0.91,t,160,f,,other,R,861027071,otro
66,F,f,f,f,f,f,f,f,f,f,f,f,f,f,f,t,0.04,t,4.9,t,249,t,0.86,t,290,f,,other,A,861028001,hipertiroidismo
30,M,f,f,f,f,f,f,f,f,f,f,f,f,f,t,t,0.79,t,1.8,t,81,t,0.86,t,94,f,,SVHC,-,861028004,otro
80,F,f,f,f,f,f,f,f,f,f,f,f,f,f,f,t,6.1,f,,t,116,t,0.94,t,123,f,,SVI,G,861028005,hipotiroidismo
33,M,f,f,f,f,f,f,f,f,f,f,f,f,f,f,t,1.8,f,,t,166,t,1.77,t,94,f,,other,I,861028013,otro
49,F,f,f,f,f,f,f,f,f,f,f,f,f,f,f,f,,f,,t,102,t,0.94,t,109,f,,other,-,861028052,otro
39,M,f,f,f,f,f,f,f,f,f,f,f,f,f,f,t,0.04,t,1,t,61,t,0.77,t,79,f,,other,-,861028067,otro
48,M,f,f,f,f,f,f,f,f,f,f,f,f,f,f,t,1.9,t,1,t,60,t,0.74,t,81,f,,other,-,861028070,otro
37,M,t,f,f,f,f,f,f,f,f,f,f,f,f,f,t,0.94,t,1.9,t,99,t,0.86,t,115,f,,other,-,861029001,otro
37,F,f,f,f,f,f,f,f,f,f,f,f,f,f,f,t,0.03,t,1.8,t,161,t,0.81,t,199,f,,other,AK,861029002,hipertiroidismo
22,F,f,f,f,f,f,f,f,f,f,f,f,f,f,f,t,0.91,f,,t,134,t,0.91,t,147,f,,other,-,861029003,otro
93,F,f,f,f,f,f,f,f,f,f,f,f,f,f,f,t,0.98,f,,t,88,t,0.66,t,133,f,,SVI,-,861029004,otro
76,F,f,f,f,f,f,f,f,f,f,f,f,f,f,f,t,1.8,t,1.6,t,123,t,0.96,t,128,f,,SVI,-,861029005,otro
70,F,f,f,f,f,f,f,f,f,f,f,f,f,f,f,t,1.8,t,1.1,t,91,t,0.79,t,115,f,,SVI,K,861029006,otro
44,F,f,f,f,f,f,f,f,f,f,f,f,f,f,f,t,2.3,t,1.9,t,74,t,0.79,t,94,f,,SVHC,-,861029007,otro
31,M,f,f,f,f,f,f,f,f,f,f,f,f,f,f,t,1.8,t,2.4,t,107,t,0.83,t,129,f,,SVHC,-,861029020,otro
71,F,f,f,f,f,f,f,f,f,f,f,f,f,f,f,f,,f,,f,,f,,f,,t,28,other,-,861029028,otro
71,F,f,f,f,f,f,f,f,f,f,f,f,f,f,f,t,2.3,t,2.5,t,160,t,1.18,t,136,f,,other,I,861029033,otro
71,M,f,f,f,f,f,f,f,f,t,f,f,f,f,f,f,,f,,f,,f,,f,,t,28,other,-,861029050,otro
46,M,f,f,f,f,f,f,f,f,f,f,f,f,f,f,t,3.2,t,1.1,t,123,t,0.94,t,131,f,,SVI,K,861029055,otro
81,F,f,f,f,f,f,f,f,f,f,f,f,f,f,f,t,0.28,t,1.3,t,91,t,1.02,t,89,f,,SVI,-,861029056,otro
77,M,f,f,f,f,f,f,f,f,f,f,f,f,f,f,t,2,f,,t,97,t,0.79,t,123,f,,SVI,-,861029060,otro
66,F,f,f,f,f,f,t,f,t,f,f,f,f,f,f,t,2,t,1.8,t,115,t,0.97,t,119,f,,other,-,861029061,otro
56,F,t,f,f,f,f,f,f,f,f,f,f,f,f,f,t,1.4,f,,t,111,t,0.93,t,119,f,,other,-,861029067,otro
50,F,f,f,f,f,f,f,f,f,f,f,f,f,f,f,f,,f,,f,,f,,f,,t,33,other,S,861029070,otro
70,F,t,f,f,f,f,f,f,f,f,f,f,f,f,f,t,0.03,t,2.1,t,204,t,0.93,t,219,f,,other,L,861029083,otro
10,M,f,f,f,f,f,f,f,f,f,f,f,f,f,f,t,2,f,,t,98,t,0.99,t,99,f,,other,-,861030009,otro
24,F,f,f,f,f,f,f,f,f,f,f,f,f,f,f,t,1.8,f,,t,164,t,1.34,t,122,f,,other,I,861030010,otro
49,F,f,f,f,f,f,f,f,f,f,f,f,f,f,f,t,3.4,f,,t,95,t,0.87,t,109,f,,other,-,861030011,otro
31,M,f,f,f,f,f,f,f,f,f,f,f,f,f,f,t,1.9,f,,t,108,t,0.94,t,115,f,,other,-,861030012,otro
31,M,f,f,f,f,f,f,f,f,f,f,f,f,f,f,t,2.9,f,,t,113,t,0.76,t,149,f,,other,-,861030013,otro
14,F,f,f,f,f,f,f,f,f,f,f,f,f,f,f,t,1.5,f,,t,104,t,0.98,t,106,f,,other,-,861030014,otro
66,M,f,f,f,f,f,f,f,f,f,f,f,f,f,f,t,2.6,f,,t,85,t,0.7,t,121,f,,SVI,-,861030016,otro
46,M,f,f,f,f,f,f,f,f,f,f,f,f,f,f,t,2.2,t,1.3,t,114,t,0.84,t,136,f,,SVI,-,861030017,otro
71,F,f,f,f,f,f,f,f,f,f,f,f,f,f,f,t,11,t,1.3,t,81,t,0.91,t,89,f,,other,G,861030018,hipotiroidismo
43,M,f,f,f,f,f,f,f,f,t,f,f,f,f,f,t,0.005,t,3,t,130,t,0.84,t,155,f,,other,B,861030019,hipertiroidismo
30,F,t,f,f,f,f,f,f,f,f,f,f,f,f,f,t,1.4,f,,t,143,t,0.97,t,147,f,,other,-,861030020,otro
30,,f,f,f,f,f,f,f,f,f,f,f,f,f,f,t,15,t,5.6,t,278,t,0.78,t,356,t,25,other,D,861030025,hipertiroidismo
60,M,t,f,f,f,f,f,f,f,f,f,f,f,f,f,t,0.005,f,,t,155,t,0.78,t,199,f,,other,N,861030031,otro
62,F,t,f,f,f,f,f,t,f,f,f,f,f,f,f,t,0.66,t,2.1,t,150,t,1.19,t,126,f,,other,-,861030032,otro
25,F,f,f,f,f,f,f,f,f,f,f,f,t,f,f,t,1,t,3.2,t,117,t,1.11,t,105,f,,other,C,861030033,hipertiroidismo
47,F,t,f,f,f,f,f,f,f,f,f,f,f,f,f,f,,f,,f,,f,,f,,t,25,other,-,861030036,otro
33,F,f,f,f,f,f,f,f,f,f,f,f,f,f,f,t,0.8,t,2.3,t,114,t,1.04,t,110,f,,other,-,861030044,otro
58,F,t,f,f,f,f,f,f,f,f,f,f,f,f,f,t,0.29,f,,t,131,t,0.99,t,132,f,,other,-,861030046,otro
58,,f,f,f,f,f,f,f,f,f,f,f,f,f,f,t,1.3,t,2.7,t,116,t,1.13,t,103,f,,SVHC,-,861030057,otro
24,M,f,t,f,f,f,f,f,f,f,f,f,f,f,f,f,,f,,t,77,t,0.95,t,81,f,,other,-,861030068,otro
24,F,f,f,f,f,f,f,f,f,f,f,f,f,f,f,t,3.3,f,,t,146,t,1.78,t,82,f,,other,I,861030087,otro
37,F,f,f,f,f,f,f,f,f,f,f,f,f,f,f,t,1.9,f,,t,118,t,1.28,t,92,f,,other,I,861031007,otro
23,F,f,f,f,f,f,f,f,f,f,f,f,f,f,f,t,3.6,f,,t,140,t,1.5,t,93,f,,other,I,861031008,otro
26,F,f,f,f,f,f,f,f,f,f,f,f,f,f,f,t,1.8,f,,t,122,t,1.03,t,119,f,,other,-,861031010,otro
45,M,f,f,f,f,f,f,f,t,f,f,f,f,f,t,t,3.5,f,,t,107,t,0.98,t,109,f,,other,-,861031013,otro
53,F,f,f,f,f,f,f,f,t,f,f,f,f,f,f,t,2,t,1.5,t,89,t,1.03,t,86,f,,other,-,861031014,otro
70,M,t,f,f,f,f,f,f,f,f,f,f,f,f,f,t,7.8,t,1.9,t,52,t,0.77,t,68,f,,other,M,861031015,otro
49,F,f,f,f,f,f,f,f,f,t,f,f,f,f,f,t,0.025,t,3.7,t,178,f,,f,,f,,other,A,861031031,hipertiroidismo
88,F,f,f,f,f,f,f,f,f,f,f,f,f,f,f,t,1.5,t,0.8,f,,f,,f,,f,,other,K,861031033,otro
33,F,f,f,f,f,f,f,f,f,f,f,f,f,f,f,t,1.7,f,,t,103,t,1.15,t,90,f,,SVI,-,861031035,otro
74,M,f,f,f,f,f,f,f,f,f,f,f,f,f,f,t,3.5,f,,t,62,t,0.78,t,80,f,,SVI,-,861031036,otro
69,F,f,f,f,f,f,f,f,f,f,f,f,f,f,f,t,0.34,t,0.9,t,150,t,0.9,t,167,f,,SVI,-,861031037,otro
70,M,f,f,f,f,f,f,f,f,f,f,f,f,f,f,t,0.27,t,0.7,t,117,t,0.84,t,139,f,,SVI,K,861031038,otro
59,F,f,f,f,f,f,f,f,f,f,f,f,f,f,f,t,47,f,,t,19,t,0.94,t,20,f,,SVI,F,861031039,hipotiroidismo
67,F,f,f,f,f,f,f,f,f,f,f,f,f,f,f,t,2.6,f,,t,75,t,0.57,t,132,f,,other,-,861031040,otro
83,F,f,f,f,f,f,f,f,f,f,f,f,f,f,f,t,2.2,t,1.5,t,115,t,0.84,t,137,f,,SVI,-,861031045,otro
83,F,f,f,f,f,f,f,f,f,t,f,f,f,f,f,t,0.83,f,,t,125,t,0.94,t,133,f,,other,-,861031068,otro
49,F,f,f,f,f,f,f,t,f,f,f,f,f,f,f,t,0.27,t,1.8,t,98,t,1.08,t,91,f,,other,-,861031069,otro
49,F,f,f,f,f,f,f,f,f,f,f,f,t,f,f,t,2.5,t,2.5,t,100,t,1.03,t,97,f,,other,-,861103001,otro
82,F,f,f,f,f,f,f,f,f,f,f,f,f,f,f,t,1.5,f,,t,86,t,0.8,t,108,f,,SVI,-,861103002,otro
59,F,f,f,f,f,f,f,f,f,f,f,f,f,f,f,t,2,f,,t,117,t,1.1,t,106,f,,other,-,861103003,otro
43,F,f,f,f,f,f,f,f,f,f,f,f,f,f,f,t,0.46,f,,t,126,t,0.82,t,154,f,,other,-,861103004,otro
69,F,f,f,f,f,f,f,f,t,f,f,f,f,f,f,t,0.035,t,1.4,t,158,f,,f,,f,,SVI,AK,861103005,hipertiroidismo
40,F,f,f,f,f,f,f,f,f,f,f,f,f,f,f,t,1.2,f,,t,157,t,1.52,t,103,f,,STMW,I,861103011,otro
24,F,f,f,f,f,t,f,f,f,f,f,f,f,f,f,t,1.2,f,,t,114,t,1.11,t,103,f,,STMW,-,861103012,otro
54,F,f,f,f,f,f,f,f,t,f,f,f,f,f,f,t,40,t,1.9,t,48,t,0.79,t,61,f,,other,F,861103013,hipotiroidismo
81,F,t,f,f,f,f,f,f,f,t,f,f,f,f,f,t,3.9,t,1.4,t,102,t,1.02,t,100,f,,other,-,861103024,otro
86,F,f,f,f,f,f,f,f,f,f,f,f,f,f,f,t,2,f,,t,127,t,1.08,t,118,f,,SVHC,-,861103030,otro
49,M,f,f,f,f,f,f,f,f,f,f,f,f,f,t,t,1.8,f,,t,80,t,0.66,t,121,f,,SVHC,-,861103031,otro
65,F,f,f,f,f,f,f,f,f,f,f,f,f,f,f,t,0.035,f,,t,148,t,1.03,t,144,f,,other,-,861103032,otro
65,M,f,f,f,f,f,f,f,f,f,f,f,f,f,f,t,1.9,f,,t,86,t,0.86,t,100,f,,SVHC,-,861103036,otro
65,F,f,f,f,f,f,f,f,f,f,f,f,f,f,t,t,1.9,f,,t,114,t,0.9,t,127,f,,SVHC,-,861103037,otro
41,F,f,f,f,f,f,f,f,f,f,f,f,f,f,f,f,,t,1.7,t,83,t,0.79,t,105,f,,other,-,861103041,otro
32,F,t,f,f,f,f,f,f,f,f,f,f,f,f,f,t,177,f,,t,72,t,1,t,72,f,,other,M,861103042,otro
42,F,f,f,f,f,f,f,f,t,t,f,f,f,f,f,f,,t,1.9,f,,f,,f,,f,,other,-,861103050,otro
59,F,f,f,f,f,f,f,f,f,f,f,f,t,f,f,t,0.83,t,2.3,t,119,t,1.11,t,107,f,,SVI,-,861104007,otro
50,F,f,f,f,f,f,t,f,f,f,f,f,f,f,f,t,0.05,f,,t,129,t,1.04,t,124,f,,other,-,861104008,otro
63,M,f,f,f,f,f,f,f,f,f,f,f,f,f,f,t,2.6,t,2.5,t,109,t,1.07,t,102,f,,SVI,-,861104009,otro
54,F,f,f,f,f,f,f,f,f,f,f,f,f,f,f,t,1.4,f,,t,102,t,1.1,t,93,f,,SVI,-,861104010,otro
28,,f,f,f,f,f,f,f,f,f,f,f,f,f,f,t,1.8,t,1.7,t,120,t,0.91,t,132,f,,other,-,861104011,otro
78,F,t,f,f,f,f,f,f,f,f,f,f,f,f,f,t,2.8,f,,t,68,t,1,t,68,f,,other,-,861104012,otro
76,M,f,f,f,f,f,f,f,f,f,f,f,f,f,f,t,0.83,t,2.1,t,134,t,1.07,t,125,f,,SVI,-,861104013,otro
42,M,f,f,f,f,f,f,f,f,f,f,f,f,f,f,t,2.7,t,1.7,t,167,f,,f,,f,,SVI,R,861104015,otro
46,F,f,f,f,f,f,f,f,f,f,f,f,f,f,f,t,0.83,f,,t,80,t,0.88,t,91,f,,SVHC,-,861104016,otro
75,F,f,f,f,f,f,f,f,f,f,f,f,f,f,f,t,1.7,t,1.6,t,112,t,1.14,t,98,f,,other,-,861104041,otro
75,,f,f,f,f,f,f,f,f,f,f,f,f,f,f,t,3.2,t,1.6,t,80,t,0.91,t,88,f,,other,-,861104043,otro
75,,f,f,f,f,f,f,f,f,f,f,f,f,f,f,t,1.3,f,,t,118,t,0.91,t,130,f,,SVHC,-,861104044,otro
49,F,t,f,f,f,f,f,f,f,f,f,f,f,f,f,t,3.5,t,1.2,t,144,t,0.88,t,164,f,,SVI,-,861104045,otro
65,F,f,f,f,f,f,f,f,f,f,f,f,f,f,f,t,0.035,t,2.4,t,152,t,0.7,t,217,f,,SVI,AK,861104046,hipertiroidismo
67,F,f,f,f,f,f,f,f,f,f,f,f,f,f,f,t,8.099999,f,,t,110,t,0.91,t,121,f,,SVI,G,861104048,hipotiroidismo
79,F,t,f,f,f,f,f,f,f,f,f,f,f,f,f,t,1.1,f,,t,137,t,1.05,t,131,f,,other,-,861104060,otro
35,F,f,f,f,f,f,f,f,f,f,f,f,f,f,f,f,,f,,t,226,t,0.93,t,243,f,,other,A,861104061,hipertiroidismo
67,F,f,f,f,f,f,f,f,f,f,f,f,f,f,f,t,1,t,2.2,t,204,t,1.46,t,140,f,,other,I,861104069,otro
60,F,f,f,f,t,f,f,f,f,f,f,f,f,f,f,t,0.81,t,1.6,t,99,f,,f,,f,,SVHD,-,861105013,otro
69,F,t,f,f,f,f,f,f,f,f,f,f,f,f,f,t,0.02,f,,t,102,t,0.77,t,133,f,,other,-,861105026,otro
69,F,f,f,f,f,f,f,f,f,f,f,f,f,f,f,t,3.1,f,,t,97,t,1.02,t,95,f,,other,-,861105044,otro
78,F,f,f,f,f,f,f,f,f,f,f,f,f,f,f,t,2.4,f,,t,108,t,1.09,t,99,f,,SVI,-,861105045,otro
73,F,f,f,f,f,f,f,f,f,f,f,f,f,f,f,t,0.02,f,,t,143,t,1,t,143,f,,SVI,-,861105047,otro
85,F,f,f,f,f,f,f,f,f,t,f,f,f,f,f,t,13,f,,t,120,t,0.88,t,136,f,,other,G,861105048,hipotiroidismo
74,F,f,f,f,f,f,f,f,f,f,f,f,f,f,f,t,1.1,t,1.7,t,102,t,0.98,t,104,f,,other,-,861105049,otro
65,F,f,f,f,f,f,f,f,f,f,f,f,f,f,f,t,14,f,,t,57,t,0.83,t,69,f,,SVI,-,861105050,otro
82,F,t,f,f,t,f,f,f,f,f,f,f,f,f,f,t,4.7,t,1.4,t,98,t,0.91,t,108,f,,other,-,861105051,otro
68,F,f,f,f,f,f,f,f,f,t,f,f,f,f,f,t,0.8,t,1.8,t,69,t,0.85,t,82,f,,other,-,861105056,otro
47,M,t,f,f,f,f,f,f,f,f,f,f,f,f,f,t,0.5,t,1.3,t,92,t,0.78,t,118,f,,other,-,861105057,otro
68,F,f,f,f,f,f,f,f,f,f,f,f,f,f,f,t,1.9,f,,t,140,t,0.96,t,146,f,,other,-,861106002,otro
76,F,f,f,f,f,f,f,f,f,f,f,f,f,f,f,t,6.5,t,1.2,t,169,t,0.99,t,171,f,,other,R,861106003,otro
82,F,f,f,f,f,f,f,f,f,f,f,f,f,f,f,t,1.6,t,0.83,t,104,t,0.77,t,135,f,,SVI,K,861106004,otro
67,M,f,f,f,f,f,f,f,f,f,f,f,f,f,f,t,7.6,f,,t,107,t,1.02,t,105,f,,other,G,861106005,hipotiroidismo
67,F,f,f,f,f,f,f,f,f,f,f,f,f,f,f,t,10,f,,t,155,t,1.5,t,103,f,,other,-,861106006,otro
67,,f,f,f,f,f,f,f,f,f,f,f,f,f,f,t,2.1,t,2.3,t,138,t,1.24,t,111,t,39,other,-,861106016,otro
65,F,f,f,f,f,f,f,f,f,f,f,f,f,f,f,t,0.02,f,,t,161,t,1.02,t,158,f,,other,A,861106018,hipertiroidismo
48,,t,f,f,f,f,f,f,f,f,f,f,f,f,f,t,1.9,t,0.69,t,115,t,0.8,t,144,f,,other,-,861106020,otro
56,F,t,f,f,f,f,f,f,f,f,f,f,f,f,f,t,0.02,t,1.9,t,98,t,0.65,t,151,f,,other,-,861106021,otro
43,M,f,f,f,f,f,f,f,f,f,f,f,f,f,f,f,,t,1.4,t,66,t,0.78,t,85,f,,other,-,861106024,otro
55,M,f,f,f,f,f,f,f,f,f,f,f,f,f,f,t,1.8,t,0.93,t,89,t,0.66,t,135,f,,SVI,K,861106053,otro
74,F,f,f,f,f,f,f,f,f,f,f,f,f,f,f,t,1.3,f,,t,86,t,1.01,t,85,f,,other,-,861106054,otro
53,M,f,f,f,f,f,f,f,f,f,f,f,f,f,f,t,1.6,f,,t,97,t,1.05,t,93,f,,other,-,861106057,otro
62,F,t,f,f,f,f,f,f,f,f,f,f,f,f,f,t,0.4,t,2.5,t,129,t,1.04,t,124,f,,other,-,861106071,otro
44,F,t,f,f,f,f,f,f,f,f,f,f,f,f,f,t,1.8,t,2.1,t,163,t,1.2,t,136,f,,other,-,861106085,otro
46,F,f,f,f,f,f,f,f,f,f,f,f,f,f,f,t,2.6,f,,t,101,t,1.04,t,97,f,,other,-,861106090,otro
45,M,t,f,f,f,f,f,f,f,f,f,f,f,f,f,t,1.1,f,,t,106,t,0.96,t,110,f,,other,-,861106091,otro
67,F,f,f,f,f,f,t,f,f,f,f,f,f,f,f,t,2.5,f,,t,103,t,0.74,t,139,f,,SVI,-,861107002,otro
54,M,f,f,f,f,f,f,f,f,f,f,f,t,f,f,t,3.2,t,2.2,t,107,t,1,t,107,f,,other,-,861107003,otro
62,F,f,f,f,f,f,f,f,f,f,f,f,f,f,f,t,1,t,1.3,t,79,t,0.76,t,104,f,,SVI,-,861107013,otro
58,M,f,f,f,f,f,f,f,f,f,f,f,f,f,f,t,1.1,f,,t,65,t,0.96,t,68,f,,other,-,861107015,otro
60,M,f,f,f,f,f,f,f,f,f,f,f,f,f,f,t,3.4,t,1.2,t,106,t,1.1,t,96,f,,SVI,-,861107016,otro
38,F,f,f,t,f,f,f,f,f,f,f,f,f,f,f,t,0.02,t,2.1,t,144,t,1.06,t,136,f,,other,-,861107030,otro
18,F,t,f,f,f,f,f,f,f,t,f,f,f,f,f,t,1.3,t,3.3,t,163,t,1.53,t,107,f,,other,-,861107032,otro
63,F,t,f,f,f,f,f,f,f,f,f,f,t,f,f,t,0.02,t,1.6,t,183,t,1.03,t,178,f,,other,N,861107034,otro
57,F,t,f,f,f,f,f,f,f,f,f,f,f,f,f,t,2.8,f,,t,110,t,0.94,t,117,f,,other,-,861107035,otro
30,F,f,f,f,f,f,f,f,f,f,f,f,f,f,t,t,0.25,f,,t,102,t,0.76,t,134,f,,SVHC,-,861107057,otro
52,M,f,f,f,f,f,f,f,f,f,f,f,f,f,f,t,2.2,t,1.9,t,88,t,1.04,t,85,f,,other,-,861107058,otro
64,F,f,f,f,f,f,f,f,f,f,f,f,f,f,f,t,1.3,f,,t,115,t,0.7,t,164,f,,SVHC,-,861107059,otro
25,F,f,f,f,f,f,f,f,f,f,f,f,f,f,f,f,,f,,t,83,t,0.83,t,100,f,,other,-,861107075,otro
75,M,f,f,f,f,f,f,f,f,f,f,f,f,f,f,t,0.69,f,,t,117,t,1,t,117,f,,SVI,-,861110002,otro
28,F,f,f,f,f,t,f,f,f,t,f,f,f,f,f,t,0.02,f,,t,106,t,1.23,t,86,f,,STMW,-,861110009,otro
50,F,f,f,f,f,f,f,f,f,t,f,f,f,f,f,t,0.5,t,0.8,t,123,t,1.17,t,105,f,,SVI,K,861110013,otro
23,F,f,f,f,f,f,f,f,f,f,f,f,f,f,f,t,0.41,f,,t,197,t,1.76,t,112,f,,STMW,I,861110019,otro
59,F,t,f,f,f,f,f,t,f,f,f,f,f,f,f,t,0.59,t,1.9,t,143,f,,f,,f,,other,-,861110020,otro
34,F,f,f,t,f,f,f,f,f,t,f,f,f,f,f,t,2.5,t,2.3,t,113,t,1.06,t,107,f,,other,-,861110021,otro
67,M,f,f,f,f,f,f,f,f,f,f,f,f,f,f,t,0.77,f,,t,135,t,1.16,t,116,f,,SVI,-,861110023,otro
67,F,t,f,f,f,f,f,f,f,f,f,f,f,f,f,t,1.3,f,,t,131,t,0.97,t,135,f,,other,-,861110038,otro
33,F,f,f,f,f,f,f,f,f,f,f,f,f,f,f,t,6.6,f,,t,114,t,0.93,t,123,f,,other,G,861110061,hipotiroidismo
66,M,f,f,f,f,f,f,f,f,f,f,f,f,f,f,t,8.299999,f,,t,94,t,0.95,t,99,f,,SVI,G,861110062,hipotiroidismo
35,F,f,f,f,f,f,f,f,f,f,f,f,f,f,f,t,1.7,f,,t,90,t,0.84,t,107,f,,other,-,861110063,otro
35,M,t,f,f,f,f,f,f,f,f,t,f,f,f,t,t,1.7,f,,t,83,t,1.12,t,74,f,,SVI,-,861110065,otro
17,M,f,f,f,f,f,f,f,f,f,f,f,f,f,t,t,1,t,1.5,t,103,t,0.88,t,117,f,,SVHC,-,861110066,otro
59,F,f,f,f,f,f,f,f,f,f,f,f,f,f,t,t,1.7,t,2.1,t,142,t,1.28,t,111,f,,SVHC,-,861110068,otro
39,F,t,f,f,f,f,f,f,f,f,f,f,f,f,f,t,2.1,t,1.1,t,84,t,0.98,t,86,f,,other,-,861110071,otro
54,M,f,t,f,f,f,f,f,f,f,f,f,f,f,f,f,,f,,t,85,t,0.89,t,96,f,,other,-,861110072,otro
27,F,f,f,f,f,f,t,f,f,f,f,f,f,f,f,t,0.01,t,3.2,t,163,t,1.1,t,148,f,,other,-,861110075,otro
27,F,f,f,f,f,f,f,f,f,f,f,f,f,f,f,t,0.52,t,2.3,t,102,t,0.94,t,109,f,,other,-,861110078,otro
27,F,t,f,f,f,f,f,f,f,f,f,f,f,f,f,t,1.3,t,1.8,t,160,t,1.12,t,143,f,,other,-,861111004,otro
39,M,f,f,f,f,f,f,f,f,f,f,f,f,f,f,t,0.01,f,,t,98,t,0.75,t,131,f,,other,-,861111005,otro
48,M,f,f,f,f,f,f,f,f,f,f,f,f,f,f,t,0.04,t,1.5,t,81,t,1.01,t,80,f,,other,-,861111006,otro
17,M,f,f,f,f,f,f,f,f,f,f,f,f,f,f,t,0.8,f,,t,77,t,0.91,t,85,f,,SVI,-,861111011,otro
62,M,f,f,f,f,f,f,f,f,f,f,f,f,f,f,t,1.6,f,,t,74,t,0.73,t,101,f,,SVI,-,861111012,otro
63,F,f,f,f,f,f,f,f,f,f,f,f,f,f,f,t,5.4,f,,t,88,t,1.01,t,87,f,,other,-,861111013,otro
30,F,t,f,f,f,f,f,f,f,f,f,f,f,f,f,t,3.3,f,,t,176,t,1.57,t,112,f,,other,-,861111019,otro
46,F,t,f,f,f,f,f,f,f,f,f,f,f,f,f,t,0.06,f,,t,161,t,0.99,t,163,f,,other,L,861111032,otro
15,M,f,f,f,f,f,f,f,f,f,f,f,f,f,f,t,1.5,f,,t,99,t,1.05,t,94,f,,other,-,861111057,otro
75,F,f,f,f,f,f,f,f,f,f,f,f,f,f,f,t,11,t,1,t,99,t,0.92,t,108,f,,other,GK,861111058,hipotiroidismo
19,M,f,f,f,f,f,f,f,f,f,f,f,f,f,f,t,0.56,f,,t,82,t,0.59,t,139,f,,SVI,-,861111060,otro
48,F,f,f,f,f,f,f,f,f,f,f,f,f,f,f,t,1.1,f,,t,91,t,1.04,t,88,f,,other,-,861111061,otro
78,F,f,f,f,f,f,f,f,f,f,f,f,f,f,f,t,3.7,f,,t,114,t,0.92,t,124,f,,SVI,-,861111062,otro
42,F,f,f,f,f,f,f,f,t,f,f,f,f,f,f,t,1.7,f,,t,95,t,0.86,t,110,f,,other,-,861111063,otro
46,F,f,f,f,f,f,f,f,f,f,f,f,f,f,f,t,2.7,f,,t,91,t,0.96,t,95,f,,other,-,861112006,otro
37,F,f,f,f,f,f,f,f,f,f,f,f,f,f,f,t,1.9,f,,t,108,t,0.93,t,116,f,,other,-,861112007,otro
37,,f,f,f,f,f,f,f,f,f,f,f,f,f,f,t,2.7,t,3.5,t,207,f,,f,,f,,other,I,861112008,otro
71,M,f,f,f,f,f,f,f,f,f,f,f,f,f,t,t,2.4,t,2.5,t,93,t,1.07,t,87,f,,SVHC,-,861112009,otro
56,F,f,f,f,f,f,f,f,f,t,f,f,f,f,f,t,65,f,,t,49,t,0.95,t,52,f,,other,F,861112010,hipotiroidismo
75,F,f,f,f,t,f,f,f,f,t,f,f,f,f,f,t,1.1,t,1.7,t,103,t,0.77,t,134,f,,SVHD,-,861112012,otro
64,,f,f,f,f,f,f,f,f,f,t,f,f,f,f,t,1.3,f,,t,125,t,0.94,t,133,f,,SVHC,-,861112013,otro
47,M,f,f,f,f,f,f,f,f,f,f,f,f,f,f,t,3.2,f,,t,119,t,1.04,t,114,f,,other,-,861112014,otro
74,F,f,f,f,f,f,f,f,f,f,f,f,f,f,f,t,1.8,t,2.3,t,114,t,1.1,t,104,f,,SVI,-,861112041,otro
83,M,f,f,f,f,f,f,f,f,f,f,f,f,f,f,t,3.5,t,1.8,t,131,t,1.22,t,107,f,,SVI,-,861112042,otro
69,F,f,f,f,f,f,f,f,f,f,f,f,f,f,f,t,1.3,t,2.5,t,147,t,0.89,t,165,f,,SVI,R,861112043,otro
63,M,f,f,f,f,f,f,f,f,f,f,f,f,f,f,t,0.88,f,,t,139,t,0.95,t,146,f,,other,-,861112044,otro
67,M,f,f,f,f,f,f,f,f,f,f,f,f,f,f,t,5.6,f,,t,85,t,0.94,t,90,f,,SVI,-,861112045,otro
60,M,f,f,f,f,f,f,f,f,f,f,f,f,f,f,t,7,f,,t,96,t,0.93,t,103,f,,SVI,G,861112046,hipotiroidismo
75,M,f,f,f,f,f,f,f,f,f,f,f,f,f,f,t,1.5,t,0.5,t,53,t,1.25,t,42,f,,SVI,K,861112047,otro
44,F,t,f,f,f,f,f,f,t,f,f,f,f,f,f,t,2.6,t,1.4,t,88,t,0.79,t,111,f,,other,-,861112049,otro
71,F,f,f,f,t,f,f,f,f,f,f,f,f,f,f,t,1.5,t,2,t,141,t,1.03,t,137,f,,other,-,861112054,otro
71,F,f,f,f,f,f,f,f,f,f,f,f,f,f,f,t,0.86,t,1.5,t,150,t,0.93,t,161,f,,SVI,R,861112055,otro
86,F,f,f,f,f,f,f,f,f,f,f,f,f,f,f,t,6.7,t,1.6,t,121,t,0.88,t,138,f,,other,G,861112056,hipotiroidismo
86,F,f,f,f,f,f,f,f,f,f,f,f,f,f,f,t,1.5,t,2.1,t,64,t,0.7,t,91,f,,SVHC,-,861113001,otro
24,M,f,f,f,f,f,f,f,f,f,f,f,f,f,t,t,2.7,t,2.4,t,139,t,0.98,t,142,f,,SVHC,-,861113003,otro
48,F,f,f,f,t,f,f,f,f,f,f,f,f,f,t,t,2.9,t,2.8,t,122,t,1.19,t,103,f,,SVHC,-,861113004,otro
65,M,f,f,f,t,f,f,f,f,f,f,f,f,f,f,t,23,f,,t,78,t,0.92,t,85,f,,other,G,861113005,hipotiroidismo
77,F,f,f,f,f,f,f,f,f,f,f,f,f,f,f,t,1.1,t,2.1,t,84,t,0.9,t,93,f,,SVHC,-,861113007,otro
77,M,f,f,f,f,f,f,f,f,f,f,f,f,f,f,t,2.5,t,0.4,t,99,t,0.8,t,124,f,,other,-,861113008,otro
50,F,f,f,f,f,f,f,f,f,f,f,f,f,f,t,t,1.8,t,2.4,t,116,t,0.97,t,120,f,,SVHC,-,861113009,otro
68,M,f,f,f,f,f,f,f,f,f,f,f,f,f,t,t,0.06,t,2.4,t,152,t,1.16,t,131,f,,SVHC,-,861113010,otro
70,,f,f,f,f,f,f,f,f,f,f,f,f,f,f,t,3.1,f,,t,124,t,1.1,t,113,f,,other,-,861113011,otro
64,F,f,f,f,f,f,f,t,f,f,f,f,f,f,f,t,1.8,t,2.1,t,97,t,1.04,t,93,f,,other,-,861113014,otro
70,F,t,f,f,f,f,f,t,t,f,f,f,f,f,f,t,4,t,1.8,t,109,t,0.82,t,133,f,,other,-,861113016,otro
67,F,f,f,t,f,f,f,t,f,t,f,f,f,f,f,t,0.035,t,2.4,t,137,t,0.85,t,161,f,,other,R,861113017,otro
74,F,t,f,f,f,f,f,f,f,f,f,f,f,f,f,t,0.37,f,,t,131,t,0.84,t,156,f,,other,-,861113018,otro
24,M,f,f,f,f,f,f,f,f,f,f,f,f,f,f,t,0.92,t,2.5,t,99,t,0.97,t,102,f,,SVHC,-,861113026,otro
69,M,f,f,f,f,f,f,f,f,f,f,f,f,f,f,t,2.3,t,1.8,t,84,t,1.24,t,68,f,,SVI,-,861113027,otro
42,F,t,f,f,f,f,f,f,f,f,f,f,f,f,f,t,2.2,t,1.7,t,105,t,0.91,t,115,f,,other,-,861113029,otro
50,F,t,f,f,f,f,f,f,f,f,f,f,f,f,f,t,0.17,f,,t,152,t,1.3,t,117,f,,other,-,861113037,otro
45,M,f,f,f,t,f,f,f,f,f,f,f,f,f,f,f,,f,,t,131,t,1.04,t,126,f,,other,-,861113052,otro
72,M,f,f,f,f,f,f,f,f,f,f,f,f,f,f,t,0.56,f,,t,94,t,0.61,t,154,f,,SVI,-,861114014,otro
69,F,f,f,f,f,f,f,f,f,t,f,f,f,f,f,t,0.95,t,2.2,t,134,t,0.9,t,149,f,,SVI,-,861114017,otro
51,F,f,f,f,f,f,f,f,f,f,t,f,f,f,f,t,1.4,f,,t,148,t,1.07,t,138,f,,SVHC,-,861114027,otro
45,F,f,f,f,f,f,f,f,f,f,f,f,f,f,f,t,4.1,f,,t,125,t,1.05,t,119,f,,other,-,861114028,otro
61,F,f,f,f,f,f,f,f,f,f,f,f,f,f,f,t,1,f,,t,173,t,1.62,t,107,f,,other,I,861114039,otro
72,F,f,f,f,f,f,f,f,f,f,f,f,f,f,f,t,3.2,f,,t,97,t,0.95,t,102,f,,other,-,861114042,otro
19,F,f,f,f,f,f,f,f,f,f,f,f,f,f,f,t,2.5,t,2.7,t,137,t,1.14,t,120,f,,other,-,861114055,otro
55,F,f,f,f,f,f,f,f,f,f,f,f,f,f,f,f,,f,,t,91,t,1.05,t,87,f,,other,-,861114062,otro
22,F,f,f,f,f,t,f,f,f,t,f,f,f,f,f,t,1.9,f,,t,182,t,1.95,t,93,f,,STMW,I,861114072,otro
2,F,t,f,f,f,f,f,f,t,f,f,f,f,f,f,t,4.1,f,,t,155,t,1.04,t,149,f,,STMW,-,861114073,otro
57,F,f,f,f,f,f,f,f,f,f,f,f,f,f,f,f,,f,,t,160,t,1.05,t,152,f,,other,-,861114078,otro
42,F,f,f,f,f,f,f,f,f,t,f,f,f,f,f,f,,t,2.3,f,,f,,f,,f,,other,-,861114081,otro
42,F,f,f,f,f,f,f,f,f,f,f,f,f,f,f,t,0.005,f,,t,178,t,0.71,t,251,f,,other,A,861114085,hipertiroidismo
42,F,f,f,f,f,f,f,f,f,t,f,f,f,f,f,t,3.5,t,1.5,t,83,t,0.92,t,90,f,,other,-,861114086,otro
26,M,f,f,f,f,f,f,t,f,f,f,f,f,f,f,t,198,f,,t,5,t,0.95,t,5.5,f,,other,F,861117002,hipotiroidismo
26,M,f,f,f,f,f,f,t,f,f,f,f,f,f,f,f,,t,1.8,f,,f,,f,,f,,other,-,861117003,otro
81,F,f,f,f,f,f,f,f,f,t,f,f,f,f,f,t,8.2,t,0.9,t,128,t,0.91,t,141,f,,other,GK,861117006,hipotiroidismo
64,F,f,f,f,f,f,f,f,f,t,f,f,f,f,f,t,0.09,t,2.3,t,114,t,0.93,t,123,f,,other,-,861117007,otro
20,F,f,f,f,f,f,f,f,f,f,f,f,f,f,f,t,1.4,f,,t,121,t,1.29,t,94,f,,other,I,861117010,otro
32,M,f,f,f,f,f,f,f,f,f,f,f,f,f,f,f,,f,,f,,f,,f,,t,15,other,-,861117018,otro
49,F,f,f,f,f,f,f,f,f,t,f,f,f,f,f,t,6,t,2.6,t,128,t,1.25,t,102,f,,SVI,-,861117020,otro
65,F,f,f,f,f,f,f,f,f,f,f,f,f,f,f,t,1,t,1.4,t,129,t,1,t,129,f,,SVI,-,861117025,otro
65,M,f,f,f,f,f,f,f,f,f,f,f,f,f,f,t,1,f,,t,101,t,0.83,t,122,f,,other,-,861117026,otro
49,F,f,f,f,f,f,f,f,t,t,f,f,f,f,f,f,,t,3.9,t,240,t,1.25,t,192,f,,other,A,861117027,hipertiroidismo
83,F,f,f,f,f,f,f,f,f,f,f,f,f,f,f,t,0.09,f,,t,102,t,0.93,t,110,f,,other,-,861117033,otro
83,F,f,f,f,f,f,f,f,f,f,f,f,f,f,f,t,1.7,f,,t,123,t,0.97,t,127,f,,other,-,861117034,otro
64,F,f,f,f,f,f,f,f,t,f,f,f,f,f,f,t,38,t,1.2,t,60,t,1.03,t,58,f,,SVI,F,861117035,hipotiroidismo
84,F,f,f,f,t,f,f,f,f,f,f,f,f,f,f,t,2.8,t,0.2,t,94,t,0.81,t,116,f,,other,K,861117036,otro
79,F,f,f,f,t,f,f,f,f,f,f,f,f,f,f,t,4.8,t,0.7,t,77,f,,f,,f,,other,K,861117037,otro
79,F,f,f,f,f,f,f,f,f,f,f,f,f,f,f,t,1.2,f,,t,140,t,1.17,t,120,f,,other,-,861117038,otro
21,F,f,f,f,f,f,f,f,f,f,f,f,f,f,f,t,9.5,t,2.1,t,140,t,1.49,t,94,f,,other,G,861117039,hipotiroidismo
21,,f,f,f,f,f,f,f,f,f,f,f,f,f,f,t,1.4,t,1.6,t,63,t,0.85,t,74,t,22,other,-,861117041,otro
49,F,f,f,f,f,f,f,f,f,f,f,f,f,f,f,f,,f,,t,118,t,0.88,t,134,f,,other,-,861117049,otro
54,F,t,f,f,f,f,f,f,f,f,f,f,f,f,f,t,0.09,f,,t,134,t,0.99,t,135,f,,other,-,861117051,otro
60,F,t,f,f,f,f,f,f,f,f,f,f,f,f,f,t,0.09,t,1.9,t,142,t,0.98,t,145,f,,other,-,861117052,otro
60,M,f,f,f,f,f,f,f,f,f,f,f,f,f,f,t,1.9,f,,t,121,t,1.03,t,117,f,,other,-,861117062,otro
74,F,f,f,f,f,f,f,f,f,f,f,f,f,f,f,t,5.5,f,,t,126,t,1.16,t,109,f,,SVI,-,861117063,otro
50,M,f,f,f,f,f,f,f,t,f,f,f,f,f,f,t,3.5,t,2.1,t,177,t,1,t,177,f,,SVI,R,861117064,otro
48,M,f,f,f,f,f,f,f,f,f,f,f,f,f,f,t,4.3,t,1.8,t,72,t,0.9,t,80,f,,other,-,861117070,otro
48,,f,f,f,f,f,f,f,f,f,f,f,f,f,f,f,,f,,t,207,t,1.66,t,125,f,,other,I,861118002,otro
48,,f,f,f,f,f,f,f,f,f,f,f,f,f,f,t,2.4,f,,t,111,t,0.99,t,112,f,,other,-,861118005,otro
41,F,f,f,f,f,f,f,f,f,f,f,f,f,f,f,t,1.2,f,,t,110,t,1,t,110,f,,other,-,861118006,otro
41,,f,f,f,f,f,f,f,f,f,f,f,f,f,t,t,1,f,,t,78,t,0.75,t,104,f,,SVHC,-,861118007,otro
47,F,f,f,f,f,f,f,f,f,f,f,f,f,f,f,t,1.4,t,1.4,t,96,t,0.87,t,110,f,,other,-,861118008,otro
25,F,f,f,f,f,f,f,f,f,f,f,f,f,f,t,t,2.1,f,,t,117,t,0.88,t,133,f,,SVHC,-,861118009,otro
67,M,f,f,f,f,f,f,f,f,f,f,f,f,f,t,t,2.4,f,,t,127,t,1.09,t,117,f,,SVHC,-,861118010,otro
28,F,f,f,f,f,f,f,f,f,f,f,f,f,f,f,t,1.3,f,,t,75,t,0.68,t,110,f,,STMW,-,861118022,otro
30,F,f,f,f,f,f,f,f,f,f,f,f,f,f,f,t,0.47,f,,t,185,t,1.7,t,109,f,,STMW,I,861118023,otro
45,F,f,f,f,f,f,f,f,f,f,f,f,f,f,f,f,,f,,f,,f,,f,,t,26,other,-,861118029,otro
61,F,f,f,f,f,f,f,f,f,f,f,f,f,f,f,f,,t,3.2,t,198,t,1.55,t,128,f,,other,I,861118044,otro
18,M,t,f,f,f,f,f,f,f,f,f,f,f,f,f,t,0.33,f,,t,154,t,0.86,t,179,f,,other,L,861118046,otro
41,F,f,f,f,f,f,f,f,f,f,f,f,f,f,f,t,7.3,f,,t,127,t,0.9,t,141,f,,other,G,861118066,hipotiroidismo
54,M,f,f,f,f,f,f,f,f,f,f,f,f,f,f,t,1.6,f,,t,96,t,0.86,t,112,f,,other,-,861118067,otro
48,M,f,f,f,f,f,f,f,f,f,f,f,f,f,f,t,1.5,f,,t,81,t,0.74,t,109,f,,other,-,861118068,otro
69,M,f,f,f,f,f,f,f,t,f,f,f,f,f,f,t,24,f,,t,75,t,0.84,t,89,f,,SVI,G,861118069,hipotiroidismo
62,F,f,f,f,t,f,f,f,f,f,f,f,f,f,f,t,2.1,f,,t,137,t,0.89,t,154,f,,other,-,861118070,otro
62,,f,f,f,f,f,f,f,f,f,f,f,t,f,f,t,3.3,f,,t,149,t,1.33,t,112,f,,other,I,861118071,otro
46,M,f,f,f,f,f,f,f,t,f,f,f,f,f,f,t,1.8,f,,t,116,t,0.94,t,123,f,,SVI,-,861118072,otro
75,F,f,f,f,f,f,f,f,f,f,f,f,f,f,f,f,,t,1.4,t,102,t,0.84,t,121,f,,SVI,-,861118073,otro
41,,f,f,f,f,f,f,f,f,f,f,f,f,f,t,t,1.4,f,,t,101,t,1.01,t,100,f,,SVHC,-,861118074,otro
58,F,f,f,f,t,f,f,f,f,t,f,f,f,f,f,t,1,t,1.8,t,112,t,0.72,t,156,f,,other,R,861119003,otro
60,F,f,f,f,f,f,f,f,f,f,f,f,f,f,t,t,3.1,t,1.8,t,95,t,0.91,t,104,f,,other,-,861119004,otro
72,M,f,f,f,f,f,f,f,f,f,f,f,f,f,f,t,1.3,f,,t,96,t,0.66,t,145,f,,other,-,861119013,otro
51,F,f,f,f,f,f,f,f,f,f,f,f,f,f,f,t,0.31,t,3.6,t,175,t,0.99,t,177,f,,other,I,861119038,otro
59,F,t,f,f,f,f,f,f,f,f,f,f,f,f,f,t,2.6,f,,t,93,t,0.8,t,116,f,,other,-,861119039,otro
76,F,t,f,f,f,f,t,f,f,f,f,f,f,f,f,t,0.35,t,1.4,t,139,t,0.92,t,151,f,,other,-,861119041,otro
64,F,t,f,f,f,f,f,f,f,f,f,f,f,f,f,t,0.49,t,1.6,t,97,t,0.79,t,123,f,,other,-,861119042,otro
36,F,f,f,f,f,f,f,f,f,f,f,f,f,f,t,t,1.5,f,,t,131,t,1.01,t,130,f,,SVHC,-,861119044,otro
67,M,f,f,f,f,f,f,f,f,f,f,f,f,f,f,t,1.2,t,1.2,t,123,t,0.9,t,137,f,,SVI,-,861119045,otro
56,F,t,f,f,f,f,f,f,f,f,f,f,f,f,f,t,0.025,t,1.5,t,114,t,0.7,t,163,f,,other,L,861119047,otro
70,M,f,f,f,f,f,f,f,f,f,f,f,f,f,f,t,1.8,t,1.5,t,59,t,0.79,t,75,f,,SVI,-,861119051,otro
61,F,f,f,f,f,f,f,f,f,f,f,f,f,f,f,t,4.8,f,,t,93,t,0.85,t,109,f,,SVI,-,861119052,otro
20,F,f,f,f,f,f,f,f,f,f,f,f,f,f,f,t,1.9,f,,t,173,t,1.32,t,131,f,,other,I,861119053,otro
72,F,f,f,f,f,f,f,f,f,f,f,f,f,f,f,t,0.9,f,,t,153,t,0.99,t,155,f,,SVI,-,861119054,otro
69,M,f,f,f,f,f,f,f,f,f,f,f,f,f,f,t,1.7,t,2,t,154,t,1.31,t,118,f,,other,-,861119055,otro
69,M,f,f,f,f,f,f,f,f,f,f,f,f,f,f,t,2.1,f,,t,102,t,0.66,t,155,f,,other,-,861119056,otro
69,F,f,f,f,f,f,f,f,f,f,f,f,f,f,f,t,1.8,t,2,t,78,f,,f,,f,,other,-,861119062,otro
53,M,f,f,f,f,f,f,f,f,f,f,f,f,f,f,t,0.025,t,2.5,t,134,t,0.88,t,152,f,,SVI,-,861120002,otro
68,F,f,f,f,f,f,f,f,f,f,f,f,f,f,f,t,2.3,t,1.4,t,85,t,0.87,t,98,f,,other,-,861120003,otro
42,M,t,f,f,f,f,f,f,t,f,t,f,f,f,f,t,0.82,t,2.1,t,121,t,0.77,t,157,f,,SVHC,-,861120004,otro
56,M,f,f,f,f,f,f,f,f,f,f,f,f,f,f,f,,f,,t,113,t,0.93,t,122,f,,other,-,861120007,otro
59,F,f,f,f,f,f,f,f,f,f,f,f,f,f,f,t,73,f,,t,43,t,0.85,t,51,f,,other,F,861120010,hipotiroidismo
52,F,t,t,f,f,f,f,f,f,f,f,f,f,f,f,f,,f,,t,105,t,0.83,t,127,f,,other,-,861120013,otro
21,M,t,f,f,f,f,f,f,f,f,f,f,f,f,f,t,0.025,t,2.3,t,119,t,0.79,t,151,f,,other,-,861120018,otro
43,F,t,f,f,f,f,f,f,f,f,f,f,f,f,f,f,,f,,f,,f,,f,,t,116,other,S,861120020,otro
60,F,f,f,f,f,f,f,f,f,f,f,f,f,f,f,t,3,f,,t,100,t,0.76,t,132,f,,SVI,-,861120036,otro
68,F,f,f,f,f,f,f,f,f,f,f,f,f,f,f,t,1.7,f,,t,95,t,0.83,t,114,f,,SVI,-,861120037,otro
67,M,f,f,f,f,f,f,f,f,f,f,f,f,f,f,t,1.2,f,,t,100,t,0.87,t,115,f,,other,-,861120038,otro
58,M,f,f,f,f,f,f,f,f,f,f,f,f,f,f,t,5.3,f,,t,120,t,0.95,t,126,f,,SVI,-,861120039,otro
66,M,f,f,f,f,f,f,f,f,f,f,f,f,f,f,t,0.38,f,,t,60,t,0.72,t,83,f,,SVI,-,861120040,otro
66,F,f,f,f,f,f,f,f,f,f,f,f,f,f,f,t,2,f,,t,89,t,0.95,t,94,f,,other,-,861120041,otro
62,F,f,f,f,f,f,f,f,t,f,f,f,f,f,f,t,0.025,f,,t,149,t,0.98,t,152,f,,SVI,-,861120043,otro
85,M,f,f,f,f,f,f,f,f,f,f,f,f,f,t,t,1.1,f,,t,84,t,0.8,t,105,f,,SVHC,-,861120044,otro
57,M,f,f,f,f,f,f,f,f,f,f,f,f,f,f,t,2,t,2,t,152,t,0.95,t,160,f,,SVI,R,861120045,otro
76,F,f,f,f,f,f,f,f,f,f,f,f,f,f,f,t,0.48,t,0.8,t,62,t,0.76,t,82,f,,SVI,K,861120046,otro
33,F,t,f,f,f,f,f,f,f,f,f,f,f,f,f,t,0.015,t,2.4,t,139,t,0.96,t,145,f,,other,-,861120054,otro
45,F,f,f,f,f,f,f,f,f,t,f,f,f,f,f,f,,f,,f,,f,,f,,t,44,other,S,861120059,otro
40,F,f,f,f,f,f,f,f,f,f,f,f,f,f,f,t,0.05,t,1.5,t,135,t,1.06,t,127,f,,other,-,861120062,otro
23,F,f,f,f,f,f,f,f,f,f,f,f,f,f,f,t,2.7,f,,t,107,t,1.13,t,95,f,,other,-,861120063,otro
80,F,f,f,f,f,f,f,f,f,f,f,f,f,f,f,t,5.4,f,,t,104,t,0.68,t,153,f,,SVHC,-,861121003,otro
53,M,f,f,f,f,f,f,f,f,f,f,f,f,f,f,t,0.03,t,2.2,t,132,t,0.88,t,150,f,,SVI,-,861121004,otro
74,F,f,f,f,f,f,f,f,f,f,f,f,f,f,f,t,1.8,f,,t,104,t,1.01,t,103,f,,other,-,861121006,otro
30,F,t,f,f,f,f,f,f,t,f,f,f,f,f,f,t,31,t,1.3,t,66,t,0.88,t,75,f,,other,M,861121019,otro
67,F,f,f,f,f,f,f,f,f,f,f,f,f,f,f,t,3.1,t,1.5,t,108,t,0.94,t,115,f,,SVI,-,861121021,otro
56,F,t,f,f,f,f,f,f,f,f,f,f,f,f,f,t,1.7,t,0.6,t,121,t,1.19,t,102,f,,other,-,861121022,otro
56,F,f,f,f,f,f,f,f,t,f,f,f,f,f,f,t,2.4,f,,t,96,t,0.87,t,110,f,,SVI,-,861121023,otro
70,M,f,f,f,f,f,f,f,f,f,f,f,f,f,f,t,3.6,t,2.2,t,94,t,0.81,t,116,f,,SVI,-,861121024,otro
74,F,f,f,f,t,f,f,f,f,f,f,f,f,f,f,t,3,t,1.3,t,96,t,1.01,t,95,f,,other,-,861121055,otro
67,M,f,f,f,f,f,f,f,f,f,f,f,f,f,f,t,0.07,f,,t,138,t,0.99,t,139,f,,SVHC,-,861121056,otro
64,F,f,f,f,f,f,f,f,f,f,f,f,f,f,f,t,4.1,f,,t,80,t,0.93,t,86,f,,SVI,-,861121057,otro
64,F,f,f,f,f,f,f,f,f,f,f,f,f,f,f,t,1.2,f,,t,138,t,0.93,t,148,f,,SVI,-,861121058,otro
64,M,f,f,f,f,f,f,f,f,f,f,f,f,f,f,t,1.9,f,,t,100,f,,f,,f,,SVHC,-,861121059,otro
57,F,t,f,f,f,f,f,f,f,f,f,f,f,f,f,t,2.3,t,0.1,t,56,t,0.78,t,72,f,,SVI,K,861121060,otro
27,F,f,f,f,f,f,f,f,f,f,f,f,f,f,f,t,3.6,t,1.7,t,115,t,1.1,t,105,f,,other,-,861121062,otro
24,F,f,f,t,f,f,f,f,f,f,f,f,f,f,f,t,0.03,t,2.3,t,42,t,0.92,t,46,f,,other,O,861121063,otro
27,F,t,f,f,f,f,f,f,f,f,f,f,f,f,f,f,,f,,t,106,t,0.79,t,134,f,,other,-,861121069,otro
60,M,f,f,t,f,f,f,f,f,f,f,f,f,f,f,t,0.015,t,2.3,t,116,t,0.94,t,123,f,,other,-,861121083,otro
62,F,f,f,f,f,f,f,f,t,f,f,f,f,f,f,t,7.5,f,,t,81,t,1.03,t,79,f,,other,G,861124001,hipotiroidismo
51,F,f,f,f,f,f,f,f,f,f,f,f,f,f,f,t,0.06,t,1,t,146,t,0.98,t,149,f,,other,-,861124003,otro
82,F,f,f,f,f,f,f,f,f,f,f,f,f,f,f,t,4.4,f,,t,105,t,0.92,t,114,f,,other,-,861124004,otro
75,F,f,f,f,f,f,f,t,f,f,f,f,f,f,f,t,1.5,t,1.2,t,91,t,0.97,t,94,f,,other,-,861124005,otro
71,F,f,f,f,f,f,f,f,f,f,f,f,f,f,f,t,0.83,f,,t,104,t,0.87,t,120,f,,SVI,-,861124006,otro
57,F,f,f,f,t,f,f,f,f,f,f,f,f,f,f,t,2.8,f,,t,116,t,1.2,t,97,f,,SVI,-,861124007,otro
70,M,f,f,f,f,f,f,f,f,f,f,f,f,f,f,t,1.1,f,,t,67,t,0.83,t,81,f,,other,-,861124009,otro
59,M,f,f,f,f,f,f,f,f,f,f,f,f,f,f,f,,f,,t,70,t,0.77,t,91,f,,other,-,861124014,otro
59,F,f,f,f,f,f,f,f,f,f,f,f,f,f,f,t,0.67,f,,t,118,t,1.22,t,97,f,,other,-,861124020,otro
91,M,f,f,f,f,f,f,f,f,f,f,f,f,f,f,t,1.01,f,,t,104,t,0.89,t,117,f,,SVI,-,861124024,otro
62,F,f,f,f,f,f,f,f,f,t,f,f,f,f,f,t,0.64,t,1.4,t,130,t,0.91,t,143,f,,other,-,861124027,otro
76,F,t,f,f,f,f,f,f,f,f,f,f,f,f,f,t,4.6,f,,t,65,t,0.91,t,71,f,,other,-,861124035,otro
49,F,t,f,f,f,f,f,f,f,f,f,f,f,f,f,t,0.4,f,,t,148,t,0.98,t,151,f,,other,-,861124036,otro
63,F,f,f,f,t,f,f,f,f,f,f,f,f,f,f,t,22,f,,t,88,t,1.1,t,80,f,,other,G,861125001,hipotiroidismo
64,F,f,f,f,t,f,f,f,f,f,t,f,f,f,f,t,0.84,f,,t,121,t,0.89,t,136,f,,other,-,861125005,otro
64,F,f,f,f,f,f,f,f,f,f,f,f,f,f,f,t,2.1,f,,t,80,t,0.88,t,91,f,,other,-,861125006,otro
64,M,f,f,f,f,f,f,f,f,f,f,f,f,f,f,t,0.91,f,,t,133,t,1.06,t,125,f,,SVHC,-,861125008,otro
64,M,f,f,f,f,f,f,f,f,f,f,f,f,f,f,t,2.3,f,,t,130,t,0.87,t,149,f,,SVHC,-,861125009,otro
64,F,t,f,f,f,f,f,f,f,f,f,f,f,f,f,t,2.2,f,,t,111,t,0.97,t,114,f,,other,-,861125016,otro
51,F,f,f,f,f,f,f,f,f,f,f,f,f,f,f,t,1.6,t,1.9,t,96,t,1,t,96,f,,other,-,861125017,otro
44,M,f,f,f,f,f,f,f,f,f,f,f,f,f,f,t,0.49,t,1.8,t,109,t,0.82,t,133,f,,other,-,861125026,otro
18,M,f,f,f,f,f,f,f,f,f,f,f,f,f,f,t,1.6,t,2.1,t,63,t,0.78,t,81,f,,other,-,861125028,otro
18,F,f,f,f,f,f,t,f,f,f,f,f,f,f,f,t,1.1,f,,t,71,t,0.61,t,116,f,,other,-,861125031,otro
78,M,f,f,f,t,f,f,f,f,f,f,f,f,f,f,t,1.6,t,1,t,86,t,0.79,t,109,f,,other,K,861125032,otro
91,F,f,f,f,f,f,f,f,f,f,f,f,f,f,f,t,3.1,t,1.2,t,84,t,0.91,t,92,f,,other,-,861125033,otro
45,F,t,f,f,f,f,f,f,f,f,f,t,f,f,f,t,1.3,t,1.3,t,73,t,1.04,t,70,f,,SVI,-,861125036,otro
39,F,f,f,f,f,f,f,f,t,t,f,f,f,f,f,t,0.83,f,,t,90,t,1.02,t,88,f,,other,-,861125056,otro
36,F,f,f,f,f,f,f,f,f,f,f,f,f,f,f,t,4,f,,t,80,t,0.82,t,98,f,,other,-,861125057,otro
37,F,f,f,f,f,f,f,f,f,f,f,f,f,f,f,t,2.3,f,,t,126,t,1.18,t,107,f,,SVHC,-,861125077,otro
39,M,f,f,f,f,f,f,f,f,f,t,f,f,f,f,t,1.1,t,1.8,t,77,t,0.62,t,124,f,,SVHC,-,861125080,otro
62,F,t,f,f,f,f,f,f,f,f,f,f,t,f,f,t,0.18,t,0.2,t,94,t,0.79,t,119,f,,SVI,K,861125081,otro
69,F,f,f,f,f,f,f,f,f,f,f,f,f,f,f,t,2.4,f,,t,139,t,0.91,t,153,f,,SVI,-,861126001,otro
36,F,f,f,f,f,f,f,f,f,f,f,f,f,f,f,t,1.3,t,2,t,123,f,,f,,f,,STMW,-,861126007,otro
51,F,f,f,f,f,f,f,f,f,f,f,f,f,f,f,t,4.1,f,,t,93,t,0.98,t,95,f,,other,-,861126010,otro
54,F,f,f,f,f,f,f,f,f,t,f,f,f,f,f,t,0.06,t,1.4,t,108,t,0.97,t,111,f,,other,-,861126013,otro
22,M,f,t,f,f,f,f,f,f,f,f,f,f,f,f,t,1.9,f,,t,155,t,0.97,t,160,f,,other,L,861126041,otro
59,F,f,f,f,f,f,f,f,f,f,f,f,f,f,f,t,13,f,,t,64,t,0.97,t,66,f,,other,G,861126042,hipotiroidismo
59,M,f,f,f,f,f,f,f,f,f,f,f,f,f,f,t,1.1,f,,t,104,t,0.93,t,112,f,,other,-,861126043,otro
62,F,f,f,f,t,f,f,f,f,t,f,f,f,f,f,t,1.1,t,1.4,t,103,t,0.89,t,115,f,,SVI,-,861126045,otro
62,F,f,f,f,f,f,f,f,f,f,f,f,f,f,f,t,2.1,f,,t,90,t,0.87,t,103,f,,other,-,861127001,otro
75,F,f,f,f,f,f,f,f,f,f,f,f,f,f,f,t,4.2,f,,t,81,t,0.86,t,94,f,,other,-,861127002,otro
75,F,f,f,f,t,f,f,f,f,t,f,f,f,f,f,t,0.7,f,,t,146,t,0.96,t,152,f,,other,-,861127013,otro
50,M,t,f,f,f,f,f,f,f,f,f,f,f,f,f,f,,f,,t,108,t,0.88,t,123,f,,other,-,861127014,otro
42,M,f,f,f,f,f,f,f,f,f,f,f,f,f,f,t,3.9,f,,t,102,t,1.01,t,101,f,,other,-,861127015,otro
62,M,f,f,f,f,f,f,f,f,f,f,f,f,f,f,t,0.94,f,,t,94,t,0.95,t,99,f,,other,-,861127022,otro
46,F,f,f,f,f,f,f,f,f,f,f,f,f,f,f,t,1.4,f,,t,147,t,1.09,t,135,f,,SVI,-,861127023,otro
61,F,f,f,f,f,f,f,f,f,f,f,f,t,f,f,f,,t,0.9,t,63,t,0.65,t,97,f,,SVI,K,861127024,otro
30,M,f,f,f,f,f,f,f,f,f,f,f,f,f,f,t,0.99,f,,t,111,t,0.76,t,146,f,,SVHC,-,861127025,otro
56,F,f,f,f,f,f,f,f,f,f,f,f,f,f,f,t,4.8,f,,t,83,t,0.84,t,99,f,,SVI,-,861127026,otro
34,F,f,f,f,f,f,t,f,f,f,f,f,f,f,f,t,7.9,f,,t,88,t,0.83,t,106,f,,other,-,861127038,otro
63,M,t,f,f,f,f,f,f,f,f,f,t,f,f,f,t,0.005,t,1.3,t,96,t,0.92,t,104,f,,other,-,861127039,otro
60,F,f,f,t,f,f,f,f,f,f,f,f,f,f,f,t,0.005,t,1.7,t,158,t,1.04,t,152,f,,other,-,861127048,otro
20,M,f,f,f,f,f,f,f,f,f,f,f,f,f,f,t,1.6,f,,t,133,t,1,t,133,f,,SVHC,-,861127059,otro
24,F,t,f,f,f,f,f,f,f,f,f,f,f,f,f,t,0.37,f,,t,149,t,0.84,t,177,f,,other,-,861127062,otro
60,F,t,f,f,f,f,f,f,f,f,f,f,f,f,f,t,0.01,t,1.8,t,130,t,0.86,t,151,f,,other,-,861127065,otro
58,F,f,f,f,f,f,f,f,f,f,f,f,f,f,f,t,3.2,t,1.5,t,73,t,0.82,t,89,f,,other,-,861128003,otro
62,F,f,f,f,f,f,f,f,f,f,f,f,f,f,f,t,2.3,f,,t,91,t,0.83,t,110,f,,other,-,861128005,otro
70,M,t,f,f,f,f,f,f,t,f,f,f,f,f,f,t,2.9,t,1.1,t,94,t,0.62,t,152,f,,SVI,K,861128010,otro
33,F,f,f,f,f,f,f,f,t,t,f,f,f,f,f,t,1.1,t,1.6,t,104,t,0.79,t,132,f,,other,-,861128023,otro
71,F,f,f,f,f,f,f,f,f,f,f,f,f,f,f,t,3,t,1.2,t,92,t,0.69,t,133,f,,SVI,-,861128026,otro
63,M,f,f,f,f,f,f,f,f,t,f,f,f,f,f,t,2.9,f,,t,82,t,0.67,t,122,f,,SVI,-,861128027,otro
47,F,f,f,f,f,f,f,f,t,f,f,f,f,f,f,t,0.75,t,1,t,141,t,0.95,t,148,f,,SVI,K,861128031,otro
76,M,f,f,f,f,f,f,f,f,f,f,f,f,f,f,t,0.64,t,1.4,t,101,t,0.84,t,120,f,,other,-,861128032,otro
54,M,f,f,f,f,f,f,f,f,f,f,f,f,f,t,t,2.7,f,,t,139,t,1.08,t,129,f,,SVHC,-,861128052,otro
54,M,f,f,f,f,f,f,f,f,f,f,f,f,f,f,t,3.4,f,,t,72,f,,f,,f,,SVHC,-,861128053,otro
72,F,t,f,f,f,f,f,f,f,t,f,f,f,f,f,t,0.04,t,3.2,t,239,t,0.83,t,288,f,,other,-,861128054,otro
72,,f,f,f,f,f,f,f,f,f,f,f,f,f,f,t,2.6,t,5,t,160,t,0.87,t,184,t,21,other,I,861201009,otro
70,F,f,f,f,f,f,f,f,f,f,f,f,f,f,f,t,1,t,1.9,t,100,t,0.92,t,109,f,,other,-,861201014,otro
21,M,f,f,f,f,f,f,f,f,f,f,f,f,f,f,t,2.1,f,,t,129,f,,f,,f,,SVHC,-,861201015,otro
61,M,f,f,f,f,f,f,f,f,f,f,f,f,f,f,t,2.2,f,,t,94,t,0.86,t,109,f,,SVHC,-,861201016,otro
75,F,f,f,f,f,f,f,f,f,f,f,f,f,f,f,t,1.1,f,,t,94,t,0.88,t,107,f,,other,-,861201017,otro
81,F,f,f,f,f,f,f,f,t,f,f,f,f,f,f,t,0.02,t,2.2,t,153,t,1.09,t,140,f,,other,-,861201018,otro
72,F,f,f,f,f,f,f,f,f,t,f,f,f,f,f,t,13.7,f,,t,67,t,0.75,t,89,f,,SVI,G,861201019,hipotiroidismo
64,F,t,f,f,f,f,f,f,f,f,f,f,f,f,f,t,1.5,t,1.5,t,89,t,0.97,t,92,f,,SVI,-,861201020,otro
64,,t,f,f,f,f,f,f,t,f,f,f,f,f,f,t,0.56,t,1.8,t,90,t,0.79,t,114,f,,other,-,861201026,otro
83,M,f,f,f,f,f,f,f,f,f,f,f,f,f,f,t,0.84,f,,t,102,t,0.85,t,120,f,,SVI,-,861201027,otro
70,F,t,f,f,f,f,f,f,f,f,f,f,f,f,f,t,0.57,t,2.1,t,101,t,0.78,t,129,f,,other,-,861201035,otro
70,M,f,f,f,f,f,f,f,f,f,f,f,f,f,f,t,0.86,f,,t,97,t,1.01,t,96,f,,other,-,861201040,otro
31,F,f,f,f,f,f,f,f,f,f,f,f,f,f,f,t,20,t,2.5,t,58,t,1.07,t,54,f,,other,F,861201045,hipotiroidismo
21,F,t,f,t,f,f,f,f,f,f,f,f,f,f,f,t,1.1,t,2.3,t,60,t,0.98,t,61,f,,other,-,861201046,otro
25,F,f,f,f,f,f,f,f,f,f,f,f,f,f,f,t,0.67,f,,t,153,t,1.07,t,143,f,,SVI,-,861201049,otro
79,F,f,f,f,f,f,f,f,f,f,f,f,f,f,f,t,2.7,f,,t,83,t,0.84,t,99,f,,SVI,-,861201050,otro
63,M,f,f,f,f,f,f,f,f,f,f,f,f,f,f,t,2,f,,t,87,t,0.73,t,119,f,,SVI,-,861201051,otro
78,F,t,f,f,f,f,f,f,f,f,f,f,f,f,f,t,0.21,f,,t,214,t,1.23,t,174,f,,other,L,861201052,otro
66,F,f,f,f,f,f,f,f,f,f,f,f,f,f,f,t,4.5,f,,t,115,t,1.25,t,92,f,,SVI,-,861201053,otro
85,F,f,f,f,f,f,f,f,f,f,f,f,f,f,f,t,0.65,t,2.1,t,160,t,0.98,t,163,f,,other,R,861201054,otro
80,F,f,f,f,f,f,f,f,f,f,f,f,f,f,f,t,18,t,2,t,76,t,1.08,t,70,f,,SVI,G,861201055,hipotiroidismo
43,F,f,f,f,f,f,f,f,f,t,f,f,f,f,f,f,,t,1.9,t,92,t,0.76,t,121,f,,other,-,861202006,otro
55,F,f,f,f,f,f,f,f,f,f,f,f,f,f,f,t,0.82,f,,t,80,t,0.86,t,93,f,,STMW,-,861202009,otro
72,F,f,f,f,f,f,f,f,f,f,f,f,f,f,f,t,1,f,,t,96,t,0.9,t,107,f,,other,-,861202011,otro
72,F,f,f,f,f,f,f,f,f,f,f,f,f,f,f,t,0.69,f,,t,108,t,0.87,t,124,f,,SVHC,-,861202012,otro
72,M,t,f,f,f,f,f,f,f,t,f,f,f,f,f,t,0.41,t,1.9,t,108,t,0.72,t,150,f,,other,-,861202013,otro
19,F,f,f,f,f,f,f,f,t,t,f,f,f,f,f,t,0.02,f,,t,171,t,0.97,t,176,f,,other,A,861202022,hipertiroidismo
77,F,f,f,f,f,f,f,f,f,t,f,f,t,f,f,t,26,t,3,t,61,t,0.88,t,69,f,,other,-,861202023,otro
37,F,f,f,f,f,f,f,f,f,f,f,f,f,f,f,t,0.02,t,2,t,126,t,0.85,t,148,f,,other,-,861202024,otro
69,M,f,f,f,f,f,f,f,f,f,f,f,f,f,f,t,1.2,f,,t,64,t,0.53,t,121,f,,other,-,861202029,otro
57,M,f,f,f,f,f,f,f,f,f,f,f,f,f,f,t,0.02,t,2.1,t,97,t,0.72,t,135,f,,other,-,861202031,otro
59,M,f,f,f,f,f,f,f,f,f,f,f,f,f,f,t,2.2,t,1.3,t,78,t,0.76,t,103,f,,other,-,861202033,otro
67,F,f,f,f,f,f,f,f,f,f,f,f,f,f,f,t,1.1,t,1.5,t,87,t,0.89,t,98,f,,SVI,-,861202034,otro
67,M,t,f,f,f,f,f,f,f,f,f,f,f,f,f,f,,t,2.1,f,,f,,f,,f,,SVHC,-,861202053,otro
44,F,f,f,f,f,f,f,f,f,f,f,f,f,f,f,t,1.4,t,2.9,t,100,t,0.97,t,103,f,,other,I,861202055,otro
59,F,f,f,f,f,f,f,f,f,f,f,f,f,f,f,t,0.96,f,,t,97,t,0.94,t,103,f,,SVHC,-,861202056,otro
37,F,f,f,f,t,f,f,f,f,f,f,f,f,f,f,t,2.8,f,,t,44,t,0.64,t,69,f,,SVHD,J,861203002,otro
35,F,f,f,f,f,f,f,f,f,f,f,f,f,f,f,t,1.1,f,,t,90,t,0.77,t,117,f,,other,-,861203003,otro
31,F,f,f,f,f,f,f,f,f,f,f,f,t,f,f,t,0.05,f,,t,117,t,0.78,t,150,f,,other,-,861203006,otro
31,F,t,f,f,f,f,f,f,f,f,f,f,f,f,f,t,49,f,,t,87,t,1.35,t,64,f,,other,F,861203010,hipotiroidismo
40,M,t,f,f,f,f,f,f,f,f,f,f,f,f,f,t,0.64,t,2,t,57,t,0.68,t,84,f,,other,-,861203011,otro
54,F,f,f,f,f,f,f,f,t,f,f,f,f,f,f,t,22,t,1.5,t,52,t,0.84,t,62,f,,SVHD,F,861203018,hipotiroidismo
54,M,t,f,f,f,f,f,f,t,f,f,f,f,f,f,t,3.5,t,1.7,t,113,f,,f,,f,,other,-,861203023,otro
39,M,f,f,f,f,f,f,f,f,t,f,f,f,f,f,t,1.5,t,1.6,t,66,t,1.15,t,57,f,,other,-,861203024,otro
30,F,f,f,f,f,f,t,f,f,t,f,f,f,f,f,t,3.3,f,,t,87,t,1.17,t,74,f,,other,-,861203027,otro
76,M,f,f,f,f,f,f,t,f,f,f,f,f,f,f,t,1.5,f,,t,101,t,0.82,t,123,f,,other,-,861203045,otro
42,F,t,f,f,f,f,f,f,f,f,t,f,f,f,f,t,2.3,t,2.3,t,93,t,1.27,t,73,f,,other,-,861203046,otro
74,F,f,f,f,f,f,f,f,f,f,f,f,f,f,f,t,2,f,,t,88,t,0.77,t,114,f,,other,-,861203047,otro
74,F,t,f,f,f,f,f,f,t,f,t,f,f,f,f,t,1.1,t,1.9,t,106,t,1.17,t,91,f,,SVHC,-,861203052,otro
13,F,f,f,f,f,f,f,f,f,f,f,f,f,f,f,t,4,f,,t,102,t,0.8,t,128,f,,other,-,861204003,otro
51,F,f,f,f,f,f,f,f,f,f,f,f,f,f,f,t,4,t,1.7,t,70,t,0.9,t,78,f,,SVI,-,861204004,otro
5,F,t,f,f,f,f,f,f,f,f,f,f,f,f,f,t,0.02,f,,t,206,t,1.41,t,146,f,,other,-,861204005,otro
59,F,f,f,f,f,f,f,f,f,f,f,f,f,f,f,f,,f,,f,,f,,f,,t,26,other,-,861204007,otro
29,M,f,f,f,f,f,f,f,f,t,f,f,f,f,f,t,0.02,t,5.7,t,172,t,0.86,t,200,f,,other,A,861204008,hipertiroidismo
79,F,f,f,f,f,f,f,f,f,f,f,f,f,f,f,t,1.3,t,1.7,t,102,t,0.9,t,113,f,,other,-,861204010,otro
25,,f,f,f,f,f,f,f,f,f,f,f,f,f,f,t,1.9,f,,t,91,t,1.24,t,73,f,,STMW,-,861204014,otro
54,F,f,f,t,f,f,f,f,f,f,f,f,f,f,f,t,1.8,t,2.3,t,77,t,0.9,t,86,f,,other,-,861204016,otro
61,F,t,f,f,f,f,f,f,f,f,f,f,f,f,f,t,0.04,t,1.1,t,82,t,0.94,t,87,f,,other,-,861204017,otro
61,F,t,f,f,f,f,f,f,f,f,f,f,f,f,f,t,1,t,1.6,t,130,t,1,t,130,f,,other,-,861204018,otro
40,F,t,f,f,f,f,f,f,f,f,f,f,f,f,f,t,4.2,t,1.7,t,93,t,0.91,t,102,f,,other,-,861204019,otro
76,F,f,f,f,f,f,f,t,f,f,f,f,f,f,f,t,1.4,t,2.1,t,80,t,1.13,t,71,f,,other,-,861204037,otro
53,M,f,f,f,f,f,f,t,f,t,f,f,f,f,f,t,0.72,t,1.6,t,65,t,0.65,t,100,f,,SVI,-,861204038,otro
28,M,f,f,f,f,f,f,f,f,f,f,f,f,f,f,t,0.02,t,5.9,t,183,t,0.82,t,223,f,,other,A,861204039,hipertiroidismo
43,M,f,f,f,f,f,f,f,f,t,f,f,f,f,f,t,0.02,t,2.9,t,130,t,0.8,t,163,f,,other,A,861204041,hipertiroidismo
55,M,f,f,f,f,f,f,f,f,f,f,f,f,f,f,t,1.8,f,,t,64,t,0.66,t,97,f,,SVI,-,861204044,otro
45,F,f,f,f,f,f,f,f,f,f,f,f,f,f,t,t,1.3,f,,t,82,t,0.67,t,122,f,,SVHC,-,861204045,otro
31,F,f,f,f,f,f,f,f,f,f,f,f,f,f,t,t,1.2,f,,t,122,t,0.84,t,145,f,,SVHC,-,861204046,otro
62,F,f,f,f,f,f,f,f,f,f,f,f,f,f,f,t,0.53,f,,t,118,t,0.9,t,131,f,,other,-,861204047,otro
62,M,f,f,f,f,f,f,f,f,f,f,f,f,f,f,t,1.1,f,,t,86,f,,f,,f,,SVHC,-,861204048,otro
23,M,f,f,f,f,f,f,f,f,f,f,f,f,f,t,f,,f,,t,59,t,0.77,t,77,f,,SVHC,-,861204049,otro
52,F,t,f,f,f,f,f,f,f,f,f,f,f,f,f,t,2.4,f,,t,121,t,0.88,t,138,f,,other,-,861204063,otro
20,M,f,f,f,f,f,f,f,t,f,t,f,f,f,f,t,0.4,t,2.3,t,132,t,0.83,t,159,f,,other,R,861204064,otro
20,F,f,f,f,f,f,f,f,t,f,f,f,f,f,f,t,0.54,f,,t,75,t,0.71,t,106,f,,other,-,861204066,otro
66,F,t,f,f,f,f,f,f,f,f,f,f,f,f,f,t,0.02,t,1.7,t,150,t,0.87,t,172,f,,other,L,861204068,otro
43,F,t,f,f,f,f,f,f,f,t,f,f,f,f,f,t,0.02,t,2,t,183,t,1.05,t,174,f,,other,N,861204069,otro
78,F,f,f,f,f,f,f,f,f,f,f,f,f,f,f,t,1.6,t,0.9,t,102,t,0.71,t,144,f,,SVI,K,861204070,otro
68,M,f,f,f,f,f,f,f,f,f,f,f,f,f,f,t,9.4,f,,t,34,t,0.63,t,54,f,,other,F,861204071,hipotiroidismo
63,M,f,f,f,f,f,f,f,f,f,f,f,f,f,f,t,1.8,t,1.7,t,90,t,0.79,t,114,f,,SVI,-,861204072,otro
27,F,f,f,f,f,f,f,f,f,f,f,f,f,f,f,t,1.5,f,,t,64,t,0.89,t,72,f,,other,-,861204073,otro
30,M,f,t,f,f,f,f,f,f,f,f,f,f,f,f,t,1.5,t,1.7,t,106,t,0.92,t,115,f,,SVI,-,861204081,otro
13,M,f,f,f,f,f,f,f,f,f,f,f,f,f,f,t,1.4,f,,t,82,t,0.95,t,86,f,,other,-,861204088,otro
35,F,t,f,f,f,f,f,f,f,f,f,f,f,f,f,t,0.02,f,,t,120,t,0.8,t,150,f,,other,-,861204090,otro
44,F,t,f,f,f,f,f,f,f,f,f,f,f,f,f,t,0.02,f,,t,154,t,1.04,t,148,f,,other,-,861204091,otro
47,M,t,f,f,f,f,f,f,f,f,f,f,f,f,f,t,2.8,t,1.5,t,91,t,0.92,t,99,f,,other,-,861204092,otro
30,F,f,f,f,f,f,f,f,f,t,f,f,f,f,f,t,2.6,t,2.2,t,140,t,1.33,t,105,f,,other,-,861204093,otro
14,M,t,f,f,f,f,f,f,f,f,f,f,f,f,f,t,0.02,t,2.5,t,119,t,0.73,t,163,f,,other,L,861204098,otro
17,F,t,f,f,f,f,f,f,f,f,f,f,f,f,f,t,0.98,t,1.6,t,138,t,0.84,t,164,f,,other,-,861204099,otro
79,F,f,f,f,t,f,f,f,f,f,f,f,f,f,f,t,2.9,t,0.8,t,74,t,0.72,t,103,f,,SVI,K,861205002,otro
79,F,f,f,f,f,f,f,f,f,f,f,f,f,f,f,t,4,f,,t,102,t,0.8,t,128,f,,other,-,861205003,otro
57,F,f,f,t,f,f,f,f,f,f,f,f,f,f,f,t,16.799999,t,1.7,t,34,t,0.97,t,35,f,,other,O,861205015,otro
65,F,f,f,f,f,f,f,f,f,t,f,f,f,f,f,t,0.15,t,2.4,t,137,t,0.99,t,138,f,,SVI,-,861205016,otro
55,F,f,f,f,f,f,f,f,f,f,f,f,f,f,f,t,1.3,f,,t,134,t,1.01,t,133,f,,other,-,861205020,otro
66,M,t,f,f,f,f,f,f,f,f,f,f,f,f,f,t,5.9,t,1.5,t,108,t,0.89,t,121,f,,other,-,861205036,otro
78,F,f,f,f,f,f,f,f,t,f,f,f,f,f,f,t,1,t,1,t,102,t,0.69,t,148,f,,SVI,K,861205039,otro
38,F,f,f,f,f,f,f,f,f,f,f,f,f,f,f,t,0.8,f,,t,91,t,1.04,t,88,f,,SVHC,-,861205042,otro
38,M,f,f,f,f,f,f,f,f,f,f,f,f,f,f,t,0.35,f,,t,132,t,1.04,t,127,f,,SVHC,-,861205043,otro
58,M,f,f,f,f,f,f,f,f,f,f,f,f,f,f,f,,f,,t,77,t,0.89,t,87,f,,SVHC,-,861205044,otro
28,F,f,f,f,f,f,f,f,f,f,f,f,f,f,f,t,2.6,f,,t,115,t,0.97,t,119,f,,SVHC,-,861205045,otro
48,F,f,f,f,f,f,f,t,f,f,f,f,f,f,f,t,2.9,f,,t,109,t,0.99,t,110,f,,other,-,861205060,otro
60,M,t,f,f,f,f,f,t,f,f,f,f,f,f,f,t,5.5,f,,t,105,t,0.81,t,130,f,,other,-,861205061,otro
60,F,t,f,f,f,f,f,f,f,f,f,f,f,f,f,t,0.12,f,,t,138,t,0.8,t,173,f,,other,-,861205066,otro
52,M,f,f,f,f,f,f,f,f,f,f,f,f,f,f,f,,t,2.2,t,71,t,0.78,t,91,f,,other,-,861208003,otro
56,M,f,f,f,f,f,f,f,f,f,f,f,f,f,f,t,74,t,0.5,t,5,t,0.93,t,5.5,f,,other,F,861208004,hipotiroidismo
25,F,f,f,f,f,f,f,f,f,f,f,f,f,f,f,t,0.72,f,,t,128,t,1.03,t,124,f,,STMW,-,861208005,otro
21,F,f,f,f,f,f,f,f,f,f,f,f,f,f,f,t,1.3,f,,t,153,t,1.56,t,98,f,,STMW,I,861208006,otro
26,F,f,f,f,f,f,f,f,f,f,f,f,f,f,f,t,1,f,,t,116,t,1.73,t,67,f,,STMW,I,861208007,otro
79,F,f,f,f,f,f,f,f,t,f,f,f,f,f,f,t,3.3,t,0.8,t,83,t,0.67,t,124,f,,SVI,K,861208014,otro
82,F,f,f,f,f,f,f,f,f,t,f,f,f,f,f,t,0.93,t,1.1,t,77,f,,f,,f,,other,K,861208015,otro
76,F,f,f,f,f,f,f,f,f,t,f,f,f,f,f,t,1.3,t,3.6,t,204,t,1.79,t,114,f,,other,I,861208017,otro
47,F,f,f,f,f,f,f,f,f,f,f,f,f,f,f,t,1.5,f,,t,97,t,0.83,t,117,f,,other,-,861208018,otro
47,F,f,f,f,f,f,f,f,f,f,f,f,f,f,f,t,2.1,f,,t,97,t,0.66,t,147,f,,other,-,861208021,otro
9,M,f,f,f,f,f,f,f,f,f,f,f,f,f,f,t,1.7,t,3.2,t,125,t,0.85,t,147,f,,other,R,861208025,otro
66,M,t,f,f,f,f,f,f,t,f,f,f,f,f,f,t,5,t,2,t,106,t,1.05,t,101,f,,SVI,-,861208026,otro
35,F,f,f,f,f,f,f,f,f,t,f,f,f,f,f,t,0.47,t,1.4,t,42,t,0.73,t,58,f,,other,O,861208030,otro
33,F,f,f,f,f,f,f,f,t,f,f,f,f,f,f,f,,f,,f,,f,,f,,t,22,other,-,861208037,otro
42,F,f,f,f,f,f,f,f,f,f,f,f,f,f,f,f,,f,,t,114,t,0.9,t,127,f,,other,-,861208041,otro
32,F,t,f,f,f,f,f,f,f,f,f,f,f,f,f,t,2.1,f,,t,113,t,1.04,t,109,f,,other,-,861208042,otro
45,F,f,f,f,f,f,f,f,f,f,f,f,f,f,f,t,1.1,t,2,t,68,t,0.93,t,73,f,,other,-,861209001,otro
27,M,f,f,f,f,f,f,f,f,t,f,f,f,f,f,t,0.97,t,2.7,t,96,t,0.8,t,120,f,,other,-,861209002,otro
52,F,f,f,f,f,f,f,f,f,f,f,f,f,f,f,t,0.035,t,1.9,t,84,t,0.67,t,125,f,,other,-,861209010,otro
57,F,f,f,f,f,f,f,f,f,f,f,f,f,f,f,t,0.3,t,2.2,t,98,t,0.77,t,127,f,,other,-,861209011,otro
65,F,f,f,f,f,f,f,f,f,f,f,f,f,f,f,t,1.4,t,2.5,t,180,t,1.25,t,144,f,,other,-,861209012,otro
57,F,t,f,f,f,f,f,f,f,f,f,f,f,f,f,t,0.62,f,,t,165,t,0.99,t,167,f,,other,L,861209020,otro
57,F,f,f,f,f,f,f,f,f,f,f,f,f,f,f,t,3.4,f,,t,75,t,0.95,t,79,f,,other,-,861209022,otro
39,F,f,f,f,f,f,f,f,f,f,f,f,f,f,f,t,2.7,f,,t,100,t,1.1,t,91,f,,other,-,861209023,otro
85,F,f,f,f,f,f,f,f,f,t,f,f,f,f,f,t,32,f,,t,55,t,0.89,t,62,f,,other,F,861209024,hipotiroidismo
22,M,f,f,f,f,f,f,f,f,f,f,f,f,f,f,t,2.3,t,1.8,t,145,t,0.92,t,158,f,,other,R,861209026,otro
23,F,f,f,f,f,f,f,f,f,f,f,f,f,f,f,t,2.7,f,,t,64,t,0.8,t,80,f,,other,-,861209042,otro
52,M,f,f,f,f,f,f,f,f,f,f,f,f,f,t,t,1.5,f,,t,98,t,0.88,t,111,f,,SVHC,-,861209043,otro
76,F,f,f,f,f,f,f,f,f,f,f,f,f,f,f,t,0.85,f,,t,94,t,0.53,t,177,f,,other,-,861209044,otro
36,F,f,f,f,f,f,f,f,f,f,f,f,f,f,f,t,1.2,f,,t,117,t,1.09,t,107,f,,other,-,861209045,otro
60,F,t,f,f,f,f,f,f,t,f,f,f,f,f,f,t,3,t,1.6,t,104,t,0.98,t,106,f,,other,-,861209047,otro
30,M,f,f,f,f,f,f,f,f,f,f,f,f,f,f,t,4.3,t,2,t,154,t,1,t,154,f,,SVI,-,861209049,otro
37,F,f,f,f,f,f,f,f,f,f,f,f,t,f,f,t,1.7,t,1.8,t,72,t,0.69,t,104,f,,other,-,861209062,otro
35,F,f,f,f,f,f,f,f,f,f,f,f,f,f,f,t,1.9,f,,t,130,t,1.03,t,126,f,,other,-,861210001,otro
53,F,f,f,f,f,f,f,f,f,f,f,f,f,f,f,t,1.6,f,,t,120,t,0.96,t,125,f,,other,-,861210004,otro
39,M,f,f,f,f,f,f,f,f,f,f,f,f,f,f,t,1.3,f,,t,59,t,0.8,t,74,f,,other,-,861210011,otro
66,F,f,f,f,f,f,f,f,f,f,f,f,f,f,f,t,53,t,1.6,t,113,t,1.29,t,88,f,,other,G,861210012,hipotiroidismo
69,M,f,f,f,f,f,f,f,f,f,f,f,f,f,f,t,1.6,t,0.8,t,44,t,1.15,t,38,f,,SVI,K,861210013,otro
69,,f,f,f,f,f,f,f,f,f,f,f,f,f,f,t,1.8,t,2.4,t,132,t,1.21,t,109,t,38,other,-,861210023,otro
76,F,f,f,f,f,f,f,f,f,f,f,f,f,f,f,t,2.5,f,,t,67,t,0.99,t,68,f,,SVI,-,861210030,otro
76,F,f,f,f,f,f,f,f,f,f,f,f,f,f,f,t,2.5,f,,t,139,t,1.07,t,130,f,,other,-,861210031,otro
56,M,f,f,f,f,f,f,f,f,f,f,f,f,f,f,t,2.3,f,,t,129,t,1,t,129,f,,SVHC,-,861210032,otro
58,F,f,f,f,f,f,t,f,f,f,f,f,f,f,f,t,0.4,f,,t,77,t,0.81,t,95,f,,SVI,-,861210033,otro
37,F,f,f,f,f,f,f,f,f,f,f,f,f,f,f,t,0.89,f,,t,118,t,0.91,t,130,f,,SVI,-,861210035,otro
61,F,f,f,f,f,f,f,f,f,f,f,f,f,f,f,t,5.2,f,,t,65,t,1.07,t,61,f,,SVI,-,861210036,otro
59,M,f,f,f,t,f,f,f,f,f,t,f,f,f,t,t,4.2,t,2.5,t,90,t,1.02,t,88,f,,SVHC,-,861210048,otro
71,M,f,f,f,f,f,f,f,f,f,f,f,f,f,f,t,3.4,t,2.1,t,87,t,0.89,t,98,f,,other,-,861210049,otro
32,M,f,f,f,f,f,f,f,f,f,f,f,f,f,f,t,2,f,,t,119,t,0.88,t,135,f,,other,-,861211002,otro
80,M,f,f,f,f,f,f,f,f,f,f,f,f,f,f,t,1.2,f,,t,57,t,0.78,t,73,f,,SVI,-,861211005,otro
80,F,f,f,f,f,f,f,f,f,f,f,f,f,f,f,t,1.7,f,,t,145,t,1.13,t,128,f,,other,-,861211006,otro
45,F,f,f,f,f,f,f,f,f,f,f,f,f,f,f,t,3.9,f,,t,80,t,0.75,t,107,f,,SVHC,-,861211007,otro
70,M,f,f,f,f,f,f,f,f,f,f,f,f,f,f,t,1.3,f,,t,99,t,0.86,t,115,f,,SVHD,-,861211008,otro
58,F,f,f,f,f,f,f,f,f,f,t,f,f,f,f,t,0.95,f,,t,88,t,0.85,t,104,f,,SVHC,-,861211009,otro
55,F,f,f,f,f,f,f,f,f,f,t,f,f,f,t,t,3.1,f,,t,64,t,0.9,t,71,f,,SVHC,-,861211010,otro
49,F,f,f,t,f,f,f,f,f,f,f,f,f,f,f,t,0.035,t,2.4,t,180,t,1.25,t,144,f,,other,-,861211015,otro
72,F,t,f,f,f,f,f,f,f,f,f,f,f,f,f,t,3.5,t,1.6,t,108,t,0.83,t,130,f,,other,-,861211016,otro
51,M,t,f,f,f,f,f,f,f,f,f,f,f,f,f,t,13,t,2.1,t,82,t,1.06,t,77,f,,other,M,861211017,otro
59,F,t,f,f,f,f,f,f,f,f,f,f,f,f,f,t,30,t,1.1,t,45,t,0.91,t,49,f,,other,F,861211025,hipotiroidismo
71,F,f,f,f,f,f,f,f,f,f,f,f,f,f,f,t,1.8,f,,t,105,t,0.96,t,109,f,,SVI,-,861211039,otro
41,F,t,f,f,f,f,f,f,f,f,f,f,f,f,f,t,3.3,t,1.7,t,115,t,0.87,t,132,f,,other,-,861211041,otro
59,M,f,t,f,f,f,f,f,f,f,f,f,f,f,f,f,,f,,t,43,t,0.81,t,53,f,,other,-,861211042,otro
61,M,f,f,f,f,f,f,f,f,f,t,f,f,f,f,t,3,t,1.2,t,69,t,0.99,t,70,f,,SVHC,-,861211065,otro
34,F,f,f,f,f,f,f,f,f,t,f,f,f,f,f,t,0.09,t,2.1,t,116,t,0.98,t,118,f,,other,-,861211066,otro
57,F,f,t,f,f,f,f,f,f,f,f,f,f,f,f,f,,t,2.1,t,93,t,0.84,t,111,f,,other,-,861211075,otro
39,M,f,f,f,f,f,f,f,f,f,f,f,f,f,f,t,2.8,f,,t,89,t,0.9,t,99,f,,other,-,861212004,otro
39,M,f,f,f,f,f,f,f,f,f,f,f,f,f,t,t,6,f,,t,135,t,0.96,t,141,f,,SVHC,-,861212005,otro
21,F,f,f,f,f,f,f,f,f,f,f,f,f,f,f,t,1.2,f,,t,83,t,0.65,t,128,f,,other,-,861212006,otro
28,M,f,f,f,f,f,f,f,f,f,f,f,f,f,f,t,1.3,f,,t,80,t,0.77,t,104,f,,other,-,861212007,otro
27,F,f,f,f,f,f,f,f,f,f,f,f,f,f,f,t,3.6,f,,t,110,t,1.04,t,106,f,,SVHC,-,861212009,otro
30,M,f,f,f,f,f,f,f,f,f,f,f,f,f,f,t,0.97,t,1.7,t,51,t,0.56,t,91,f,,other,J,861212010,otro
60,F,f,f,f,f,f,f,f,f,f,f,f,f,f,f,t,2.8,f,,t,71,t,0.76,t,93,f,,other,-,861212011,otro
26,F,t,f,f,f,f,f,f,f,f,f,t,f,f,f,f,,t,3,t,189,t,1.21,t,156,f,,other,-,861212024,otro
53,M,f,f,f,f,f,f,f,f,f,f,f,f,f,f,t,1.4,t,2.2,t,91,t,0.76,t,120,f,,other,-,861212025,otro
20,F,t,f,f,f,f,f,f,f,f,f,f,f,f,f,t,0.025,f,,t,182,t,1.43,t,127,f,,other,-,861212037,otro
20,F,f,f,f,f,f,f,f,f,f,f,f,f,f,f,t,0.08,f,,t,179,t,0.98,t,183,f,,other,R,861212049,otro
37,F,t,f,f,f,f,f,f,t,f,f,f,f,f,f,t,24,t,1.6,t,95,t,0.86,t,110,f,,other,M,861212054,otro
37,F,f,f,f,f,f,f,f,f,f,f,f,f,f,f,t,1.1,f,,t,83,t,0.75,t,111,f,,other,-,861212064,otro
54,M,f,f,f,f,f,f,f,f,f,f,f,f,f,f,t,0.02,f,,t,85,t,0.85,t,100,f,,SVI,-,861212082,otro
82,F,f,f,f,f,f,f,f,f,f,f,f,f,f,f,t,1.5,f,,t,116,t,0.92,t,126,f,,other,-,861212083,otro
78,F,f,f,f,f,f,f,f,f,f,f,f,f,f,f,t,6.3,f,,t,59,t,0.98,t,60,f,,other,F,861212084,hipotiroidismo
78,F,f,f,f,f,f,f,f,f,f,f,f,f,f,f,t,2.1,f,,t,137,t,0.96,t,143,f,,SVHC,-,861212085,otro
78,M,f,f,f,f,f,f,f,f,f,f,f,f,f,f,t,1.3,f,,t,85,t,0.69,t,123,f,,SVHC,-,861212086,otro
23,F,f,f,f,f,f,f,f,f,f,f,f,f,f,f,t,1.1,f,,t,87,t,0.97,t,90,f,,other,-,861212088,otro
15,F,f,f,f,f,f,f,f,f,f,f,f,f,f,f,f,,f,,t,73,t,0.87,t,84,f,,other,-,861212092,otro
31,F,f,f,f,f,f,t,f,f,f,f,f,f,f,f,t,4.7,t,2.6,t,73,t,0.97,t,75,f,,other,-,861212095,otro
30,F,f,f,f,f,f,f,f,f,f,f,f,f,f,f,t,1.3,f,,t,136,t,1.58,t,86,f,,STMW,I,861212096,otro
58,F,f,f,f,f,f,f,f,f,f,f,f,f,f,f,t,20,f,,t,39,t,1,t,39,f,,SVI,F,861215004,hipotiroidismo
19,F,f,f,f,f,f,f,f,f,f,f,f,f,f,f,t,500,t,0.5,t,5,t,1.19,t,4,f,,other,F,861215009,hipotiroidismo
28,F,f,f,f,f,f,f,f,f,f,f,f,f,f,f,t,2.1,f,,t,85,t,0.73,t,116,f,,other,-,861215015,otro
60,F,f,f,f,f,f,f,f,t,t,f,f,f,f,f,t,0.02,t,1.4,t,90,t,0.81,t,111,f,,other,-,861215043,otro
8,M,t,f,f,f,f,f,f,f,f,f,f,f,f,f,t,9.299999,t,2.4,t,126,t,0.96,t,131,f,,other,M,861215044,otro
26,F,f,f,f,f,f,f,f,f,f,f,t,f,f,f,f,,t,2.4,t,182,t,1.01,t,180,f,,other,L,861215045,otro
77,F,t,f,f,f,f,f,f,t,f,f,f,f,f,f,t,3.6,t,1.8,t,134,t,1.02,t,131,f,,other,-,861215046,otro
61,F,f,f,f,f,f,f,f,f,f,f,f,f,f,f,t,9.099999,f,,t,82,t,0.84,t,98,f,,SVI,G,861215047,hipotiroidismo
53,F,f,f,f,f,f,f,f,f,f,f,f,f,f,f,t,0.02,f,,f,,f,,f,,f,,other,-,861215048,otro
66,F,f,f,f,f,f,f,f,t,f,f,f,f,f,f,t,6.7,f,,t,56,t,0.73,t,77,f,,other,-,861215049,otro
66,M,f,f,f,f,f,f,f,f,f,f,f,f,f,f,t,6.9,f,,t,95,t,1.05,t,90,f,,other,G,861215050,hipotiroidismo
66,M,f,f,f,f,f,f,f,f,f,f,f,f,f,f,t,1.4,f,,t,66,t,0.93,t,71,f,,SVHC,-,861215051,otro
56,M,f,f,f,f,f,f,f,f,f,f,f,f,f,f,t,2.2,t,2.2,t,90,t,0.84,t,107,f,,SVHC,-,861215052,otro
56,F,f,f,f,t,f,f,f,f,f,f,f,f,f,f,t,2.4,f,,t,67,t,0.71,t,94,f,,other,-,861215053,otro
76,F,f,f,f,f,f,f,f,f,f,f,f,f,f,f,t,3.4,f,,t,97,t,1.23,t,79,f,,SVI,-,861215054,otro
58,F,f,f,f,f,f,f,f,f,f,f,f,f,f,f,t,2.5,t,1.4,t,63,f,,f,,f,,other,-,861215055,otro
65,F,f,f,f,f,f,f,f,t,f,f,f,f,f,f,t,5.2,f,,t,103,t,1.46,t,71,f,,SVI,I,861215056,otro
51,F,t,f,f,f,f,f,f,f,f,f,f,f,f,f,t,1.5,f,,t,95,t,0.77,t,123,f,,other,-,861215060,otro
51,M,f,f,f,f,f,t,f,f,f,f,f,f,f,f,t,2.7,t,2,t,115,t,0.9,t,128,f,,other,-,861216003,otro
65,M,f,f,f,f,f,f,f,f,f,f,f,f,f,f,t,7.2,t,1.7,t,81,t,0.9,t,90,f,,other,G,861216004,hipotiroidismo
34,F,f,f,f,f,f,f,f,f,f,f,f,f,f,f,t,7.2,f,,t,234,t,0.7,t,334,f,,other,R,861216005,otro
25,F,t,f,f,f,f,f,f,f,f,f,f,f,f,f,t,4.7,f,,t,162,t,1.42,t,114,f,,STMW,I,861216009,otro
35,F,t,f,f,f,f,f,f,f,f,f,f,f,f,f,t,1.2,f,,t,93,t,0.76,t,122,f,,STMW,-,861216010,otro
28,M,t,f,f,f,f,f,f,f,f,f,f,f,f,f,t,0.1,f,,t,157,t,0.91,t,173,f,,other,L,861216019,otro
69,M,f,f,f,t,f,f,f,f,f,f,f,f,f,f,t,1.3,f,,t,109,t,0.93,t,117,f,,other,-,861216026,otro
59,M,f,f,f,f,f,f,f,f,f,f,f,f,f,f,t,6,t,1.1,t,48,t,0.62,t,77,f,,SVI,-,861216034,otro
59,F,f,f,t,f,f,f,f,f,f,f,f,f,f,f,t,3.2,t,1.8,t,106,t,1.16,t,91,f,,other,-,861216047,otro
59,F,f,f,f,f,f,f,f,f,f,f,f,f,f,f,t,0.76,f,,t,121,t,1.11,t,109,f,,other,-,861216055,otro
41,M,f,f,f,f,f,f,f,f,f,f,f,f,f,f,t,2.3,f,,t,97,t,0.96,t,101,f,,SVHC,-,861217001,otro
41,F,f,f,f,f,f,f,f,f,f,f,f,f,f,t,t,4.5,f,,t,97,t,0.85,t,114,f,,SVHC,-,861217002,otro
51,M,f,f,f,f,f,f,f,f,f,f,f,f,f,t,t,1.7,f,,t,72,t,0.92,t,78,f,,SVHC,-,861217003,otro
42,F,f,f,f,f,f,f,f,f,f,f,f,f,f,f,t,3.4,f,,t,90,t,0.93,t,97,f,,other,-,861217004,otro
26,M,f,f,f,f,f,t,f,f,f,f,f,f,f,f,t,0.56,t,2.1,t,137,t,0.91,t,151,f,,other,-,861217007,otro
52,F,f,f,f,f,f,f,f,f,f,f,f,f,f,f,t,1.9,f,,t,104,t,0.8,t,130,f,,other,-,861217011,otro
25,F,f,f,f,f,f,f,f,f,f,f,f,f,f,t,t,2.4,t,2,t,106,t,0.85,t,125,f,,SVHC,-,861217012,otro
84,F,f,f,f,t,f,f,f,f,f,f,f,f,f,f,t,0.41,t,1.1,t,148,t,1.09,t,136,f,,SVHD,K,861217013,otro
84,M,f,f,f,f,f,f,f,f,f,f,f,f,f,f,t,5,t,2.6,t,128,t,1.14,t,112,f,,other,-,861217019,otro
84,,f,f,f,f,f,f,f,f,f,f,f,f,f,f,t,14,t,6.7,t,280,t,0.85,t,329,t,22,other,D,861217037,hipertiroidismo
57,F,f,f,f,f,f,t,f,f,f,f,f,f,f,f,t,0.02,t,2.1,t,193,f,,f,,f,,other,L,861217039,otro
72,M,f,f,f,t,f,f,f,f,f,f,f,f,f,f,f,,f,,t,84,t,0.94,t,89,f,,other,-,861217041,otro
65,M,t,f,f,f,f,f,f,f,f,f,f,f,f,f,f,,f,,f,,f,,f,,t,10,other,-,861217042,otro
62,F,f,f,f,f,f,f,f,f,f,f,f,f,f,f,t,0.64,f,,t,144,t,1.15,t,125,f,,other,-,861217044,otro
62,F,f,f,f,f,f,f,f,f,f,f,f,f,f,f,t,0.7,f,,t,93,t,0.88,t,106,f,,SVHC,-,861217045,otro
62,F,f,f,f,f,t,f,f,f,f,f,f,f,f,f,t,0.62,f,,t,154,t,1.75,t,88,f,,SVHC,I,861217046,otro
80,F,f,f,f,f,f,f,f,f,f,f,f,f,f,f,t,0.54,t,2,t,112,t,1.11,t,101,f,,other,-,861218001,otro
52,M,f,f,f,f,f,f,f,f,f,f,f,f,f,f,t,9.599999,t,1.2,t,126,t,0.9,t,140,f,,other,G,861218002,hipotiroidismo
52,M,f,f,f,f,f,f,f,f,f,f,f,f,f,f,t,2.6,f,,t,91,t,0.9,t,101,f,,other,-,861218003,otro
18,F,f,f,f,f,f,f,f,f,f,f,f,f,f,f,t,2.1,f,,t,143,f,,f,,f,,SVHC,-,861218004,otro
80,F,f,f,f,f,f,f,f,f,t,f,f,f,f,f,t,0.55,t,0.4,t,90,t,0.71,t,127,f,,SVI,K,861218006,otro
74,F,f,f,f,t,f,f,f,f,f,f,f,f,f,f,t,0.99,t,1.9,t,121,t,1.09,t,111,f,,SVI,-,861218007,otro
25,F,f,f,f,f,f,f,f,f,f,f,f,f,f,f,t,1.9,f,,t,170,t,1.5,t,113,f,,STMW,I,861218015,otro
38,F,t,f,f,f,f,f,f,f,f,f,f,f,f,f,t,0.55,t,2.2,t,145,t,1.01,t,144,f,,other,-,861218019,otro
66,F,t,f,f,f,f,f,f,f,f,f,f,f,f,f,t,0.02,t,2.4,t,122,t,0.92,t,133,f,,other,-,861218020,otro
63,M,t,f,f,f,f,f,f,f,f,f,f,f,f,f,t,2.5,t,1.8,t,94,t,0.88,t,107,f,,other,-,861218021,otro
70,F,f,f,f,f,f,f,f,f,f,f,f,f,f,f,t,2,t,2,t,99,t,1.1,t,90,f,,other,-,861218026,otro
62,F,t,f,f,f,f,f,f,f,f,f,f,f,f,f,t,0.94,t,1.8,t,83,t,0.82,t,101,f,,other,-,861218028,otro
60,M,f,f,f,f,f,f,f,f,f,f,f,f,f,f,f,,f,,t,94,t,1.09,t,86,f,,other,-,861218032,otro
66,F,f,f,f,f,f,t,f,f,f,f,f,f,f,f,t,3.6,t,1.9,t,82,t,1.13,t,73,f,,other,-,861218033,otro
77,F,f,f,f,f,f,f,t,f,f,f,f,f,f,f,t,39,t,1.2,t,48,t,1.14,t,42,f,,other,P,861218035,otro
35,F,t,f,f,f,f,f,f,t,f,f,t,f,f,f,t,2.5,f,,t,144,t,1.52,t,95,f,,other,I,861218036,otro
71,F,f,f,f,f,f,f,f,t,f,f,f,f,f,f,t,23,t,1.8,t,87,t,0.96,t,91,f,,other,G,861218037,hipotiroidismo
31,M,t,f,f,f,f,f,f,f,f,f,f,f,f,f,t,1.3,t,1.6,t,124,t,0.96,t,129,f,,other,-,861218038,otro
30,M,f,f,f,f,f,f,f,f,f,f,f,t,f,f,f,,f,,f,,f,,f,,t,36,other,S,861218041,otro
69,M,f,f,f,f,f,f,f,f,t,f,f,f,f,f,t,2.2,f,,t,87,t,0.8,t,109,f,,other,-,861218047,otro
44,M,f,f,f,f,f,f,f,f,f,f,f,f,f,f,f,,t,2.7,t,101,t,1.1,t,92,f,,other,-,861218059,otro
59,M,f,f,f,f,f,f,f,f,f,f,f,f,f,f,t,0.99,f,,t,70,t,0.67,t,104,f,,other,-,861218064,otro
47,F,f,f,f,f,f,f,f,f,f,f,f,f,f,f,t,3.1,f,,t,133,t,1.07,t,124,f,,other,-,861218069,otro
67,M,f,f,f,f,f,f,f,f,f,f,f,f,f,f,t,5.4,t,1.2,t,88,t,0.69,t,128,f,,SVI,-,861218070,otro
42,F,f,f,f,f,f,f,f,t,t,f,f,f,f,f,f,,t,2.1,f,,f,,f,,f,,other,-,861218073,otro
15,F,f,f,f,f,f,f,f,f,f,f,f,f,f,f,t,4.8,f,,t,69,t,1.02,t,68,f,,other,-,861218089,otro
56,F,t,f,f,f,f,f,f,f,t,f,f,f,f,f,t,2,t,2,t,94,t,0.9,t,104,f,,other,-,861218090,otro
34,M,f,f,f,f,f,f,f,f,f,f,f,f,f,f,t,0.08,t,4.1,t,115,t,0.96,t,120,f,,other,R,861218091,otro
46,M,f,f,f,f,f,f,f,t,t,f,f,f,f,f,t,4,t,2.2,t,123,t,0.9,t,137,f,,other,-,861218093,otro
46,M,f,f,f,f,f,f,f,f,f,f,f,f,f,t,t,1.8,f,,t,123,t,0.99,t,124,f,,SVHC,-,861219002,otro
23,F,f,f,f,f,f,f,f,f,f,f,f,f,f,f,t,1.5,f,,t,121,t,1.21,t,100,f,,other,-,861219003,otro
70,F,f,f,f,f,f,f,f,f,f,f,f,f,f,f,t,1.1,t,2.6,t,117,t,1.05,t,111,f,,SVHC,-,861219004,otro
45,F,f,f,f,f,f,f,f,f,f,f,f,f,f,f,t,1.4,f,,t,66,t,0.77,t,86,f,,other,-,861219005,otro
35,F,f,f,f,f,f,f,f,f,f,f,f,f,f,f,t,0.68,t,2,t,90,t,0.8,t,113,f,,other,-,861219027,otro
57,M,f,f,f,f,f,f,f,f,f,f,f,f,f,f,t,4.8,t,2.4,t,164,t,1.12,t,146,f,,SVI,-,861219029,otro
88,F,f,f,f,f,f,f,f,f,f,f,f,f,f,f,t,1.9,t,1.3,t,110,t,0.82,t,134,f,,SVI,-,861219030,otro
49,F,f,f,f,f,f,f,f,f,f,f,f,f,f,f,t,4.6,t,2.2,t,92,t,0.83,t,111,f,,SVI,-,861219031,otro
82,M,f,f,f,f,f,f,f,f,f,f,f,f,f,f,t,3.5,f,,t,116,t,0.74,t,157,f,,SVHC,-,861219032,otro
23,F,f,f,f,f,f,f,f,f,f,f,f,f,f,f,t,2.3,f,,t,158,t,1.55,t,102,f,,other,-,861219054,otro
17,M,f,f,f,f,f,f,f,f,f,f,f,f,f,f,t,1.3,f,,t,74,t,0.77,t,96,f,,other,-,861219061,otro
36,F,f,f,f,f,f,f,f,f,f,f,f,f,f,f,f,,f,,f,,f,,f,,f,,other,-,861219079,otro
47,M,f,f,f,f,f,f,f,f,f,f,f,f,f,f,t,1,f,,t,74,t,0.59,t,125,f,,other,-,861222002,otro
74,F,f,f,f,f,f,f,f,f,t,f,f,f,f,f,t,5.1,t,2.5,t,132,t,0.97,t,136,f,,SVI,-,861222003,otro
69,M,f,f,f,f,f,f,f,f,f,f,f,f,f,t,t,0.41,f,,t,117,t,1.14,t,103,f,,SVI,-,861222004,otro
39,M,f,f,f,f,f,f,f,f,f,f,f,f,f,t,t,1.7,f,,t,90,t,0.68,t,132,f,,SVHC,-,861222005,otro
55,M,f,f,f,f,f,f,f,f,f,t,f,f,f,f,t,2.9,f,,t,143,t,0.91,t,157,f,,SVHC,-,861222006,otro
22,M,f,f,f,f,f,f,f,f,f,f,f,f,f,f,t,2.6,t,1.1,t,119,t,0.88,t,135,f,,SVI,K,861222022,otro
45,M,f,f,f,f,f,f,f,f,f,f,f,f,f,f,t,3.3,t,2,t,93,t,0.98,t,95,f,,other,-,861222023,otro
82,F,f,f,f,t,f,f,f,f,f,f,f,f,f,f,t,0.59,t,0.9,t,96,t,0.76,t,126,f,,SVI,K,861222024,otro
57,F,f,f,t,f,f,f,f,f,f,f,f,f,f,f,t,3.3,t,2.5,t,66,t,0.91,t,73,f,,other,-,861222035,otro
27,F,f,f,f,f,f,f,f,f,f,f,f,f,f,f,t,1.5,f,,t,90,t,0.82,t,110,f,,other,-,861223002,otro
26,M,f,f,f,f,f,f,f,f,f,f,f,f,f,t,t,0.5,t,1.8,t,111,t,0.83,t,134,f,,SVHC,-,861223003,otro
26,M,f,f,f,f,f,f,f,f,f,f,f,f,f,f,t,1,f,,t,80,t,0.75,t,107,f,,SVHC,-,861223004,otro
66,F,f,f,f,f,f,f,f,f,f,f,f,f,f,f,t,1.5,f,,t,78,t,0.7,t,111,f,,other,-,861223005,otro
66,M,f,f,f,f,f,f,f,f,f,f,f,f,f,t,t,3.7,f,,t,105,t,0.83,t,127,f,,SVHC,-,861223006,otro
81,F,f,f,f,f,f,f,f,f,f,f,f,f,f,f,t,5.1,t,1.7,t,98,f,,f,,f,,other,-,861223007,otro
39,F,f,f,f,f,f,f,f,f,f,f,f,f,f,f,t,4.2,t,2.4,t,102,t,1.02,t,100,f,,SVHC,-,861223009,otro
74,F,f,f,f,f,f,f,f,f,t,f,f,f,f,f,t,3.6,t,2,t,84,t,0.78,t,108,f,,SVI,-,861223028,otro
58,M,f,f,f,f,f,f,f,f,f,f,f,f,f,f,t,1.2,f,,t,98,t,0.93,t,105,f,,SVI,-,861223029,otro
95,F,f,f,f,f,f,f,f,f,f,f,f,f,f,f,t,1.6,f,,t,98,t,0.91,t,108,f,,other,-,861223030,otro
66,M,f,f,f,f,f,f,f,f,f,f,f,f,f,f,t,0.73,t,1.5,t,97,t,0.71,t,136,f,,SVI,-,861223036,otro
45,M,f,t,f,f,f,f,f,f,f,f,f,f,f,f,t,0.025,f,,t,114,t,0.81,t,141,f,,other,-,861223049,otro
33,F,f,f,f,f,f,f,f,f,f,f,f,f,f,f,t,0.96,t,2.8,t,118,t,1.17,t,101,f,,other,-,861224001,otro
65,F,t,f,f,t,f,f,f,f,f,f,f,f,f,f,t,0.03,t,2.2,t,146,t,1.06,t,138,f,,other,-,861224008,otro
39,F,f,f,f,f,f,f,f,f,f,f,f,t,f,f,t,0.8,t,2.2,t,91,t,0.79,t,115,f,,other,-,861224018,otro
36,F,f,f,f,f,f,f,f,f,f,f,f,f,f,f,t,0.97,f,,t,101,t,0.77,t,131,f,,other,-,861224032,otro
36,,f,f,f,f,f,f,f,f,f,f,f,f,f,f,t,3.4,t,4.7,t,172,t,0.87,t,198,f,,other,I,861229001,otro
60,,f,f,f,f,f,f,f,f,f,f,f,f,f,f,t,1.9,f,,t,123,t,0.97,t,127,f,,SVI,-,861229005,otro
60,M,f,f,f,t,f,f,f,f,f,f,f,f,f,f,t,1.3,f,,t,110,t,0.87,t,126,f,,SVI,-,861229006,otro
42,,f,f,f,f,f,f,f,f,f,f,f,f,f,f,t,1.9,f,,t,125,t,0.78,t,160,f,,SVHC,-,861229007,otro
46,F,f,f,f,t,f,f,f,f,f,f,f,f,f,f,t,1.7,f,,t,135,t,1.05,t,129,f,,SVI,-,861229008,otro
58,F,f,f,f,f,f,f,f,f,f,f,f,f,f,f,t,0.46,f,,t,117,t,0.9,t,130,f,,SVI,-,861229009,otro
81,M,f,f,f,f,f,f,f,f,f,f,f,f,f,f,t,1.3,t,1.3,t,107,t,0.85,t,126,f,,SVI,-,861229010,otro
59,F,f,f,f,f,f,f,f,f,t,f,f,f,f,f,t,1.8,f,,t,121,t,0.99,t,122,f,,other,-,861229011,otro
82,M,f,f,f,f,f,f,f,f,f,f,f,f,f,f,t,1.2,t,1.4,t,115,t,0.74,t,155,f,,SVI,-,861229012,otro
56,F,f,f,f,f,f,f,f,f,t,f,f,f,f,f,t,2.1,f,,t,130,t,1.12,t,116,f,,SVI,-,861229013,otro
72,F,t,f,f,f,f,t,f,f,f,f,f,f,f,f,t,1,t,1.4,t,120,t,0.94,t,128,f,,other,-,861229014,otro
72,F,f,f,f,f,f,f,f,f,f,f,f,f,f,f,t,21,f,,t,60,t,1.17,t,51,f,,SVHC,F,861229015,hipotiroidismo
33,F,f,f,f,f,f,f,f,f,f,f,f,f,f,f,t,2.3,f,,t,77,t,0.83,t,93,f,,other,-,861229016,otro
30,M,f,f,f,f,f,f,f,f,f,f,f,f,f,t,t,1.7,t,2.3,t,83,t,0.81,t,102,f,,SVHC,-,861229030,otro
69,F,f,f,f,f,f,f,f,f,f,f,f,f,f,f,t,6.9,f,,t,109,t,1.03,t,106,f,,other,G,861229031,hipotiroidismo
69,M,f,f,f,f,f,f,f,f,f,f,f,f,f,f,t,5.5,f,,t,56,t,0.86,t,65,f,,SVI,-,861229032,otro
75,F,f,f,f,f,f,f,f,f,f,f,f,f,f,f,t,0.93,f,,t,127,t,0.94,t,135,f,,other,-,861229033,otro
64,M,f,f,f,f,f,f,f,f,f,f,f,f,f,f,t,3,f,,t,96,t,0.79,t,122,f,,other,-,861229034,otro
64,,f,f,f,f,f,f,f,f,f,f,f,f,f,f,t,3.9,f,,t,106,t,0.93,t,114,f,,SVHC,-,861229035,otro
64,M,f,f,f,f,f,f,f,f,f,f,f,f,f,t,t,3.3,f,,t,113,t,0.93,t,122,f,,SVHC,-,861229036,otro
69,M,f,f,f,f,f,f,f,t,f,f,f,f,f,f,t,0.44,t,1.1,t,66,t,1,t,66,f,,SVI,K,861229037,otro
65,M,f,f,f,f,f,f,f,f,f,f,f,f,f,f,t,1.9,f,,t,86,t,0.94,t,91,f,,SVI,-,861229038,otro
65,F,f,f,f,f,f,f,f,f,f,f,f,f,f,f,t,0.65,f,,t,96,t,0.79,t,122,f,,SVHC,-,861230029,otro
73,M,f,f,f,f,f,f,f,f,f,f,f,f,f,f,t,1.7,t,1.8,t,82,t,0.93,t,88,f,,SVI,-,861230033,otro
56,F,f,f,f,t,f,f,f,t,f,f,f,f,f,f,t,0.46,t,1.9,t,103,t,1.06,t,97,f,,SVI,-,861230034,otro
45,F,f,f,f,f,f,f,f,f,f,f,f,f,f,f,t,0.77,f,,f,,f,,f,,f,,other,-,861230037,otro
70,F,f,f,f,f,f,f,f,f,f,f,f,f,f,f,t,0.9,t,1.5,t,104,t,0.95,t,109,f,,SVI,-,861230041,otro
79,F,f,f,f,f,f,f,f,f,f,f,f,f,f,f,t,4.9,f,,t,77,t,0.82,t,94,f,,other,-,861231009,otro
59,F,f,f,f,f,f,f,f,f,f,f,f,f,f,t,t,2.5,t,2.1,t,79,t,0.99,t,80,f,,other,-,861231010,otro
51,F,f,f,f,f,f,f,f,f,f,f,f,f,f,f,t,106,t,0.6,t,5,t,0.89,t,5.5,f,,SVI,F,861231011,hipotiroidismo
51,,f,f,f,f,f,f,f,f,f,f,f,f,f,t,t,0.76,f,,t,90,t,0.67,t,134,f,,SVHC,-,861231012,otro
35,M,f,f,f,f,f,f,f,f,f,f,f,f,f,f,t,2.8,f,,t,90,t,0.89,t,101,f,,SVI,-,861231013,otro
73,F,f,f,f,f,f,f,f,f,f,f,f,f,f,t,t,0.56,f,,t,81,t,0.9,t,90,f,,SVI,-,861231014,otro
65,F,f,f,f,f,f,f,f,f,f,f,f,f,f,f,t,5.9,t,2.1,t,109,t,0.89,t,122,f,,SVI,-,870102003,otro
75,M,f,f,f,f,f,f,f,f,f,f,f,f,f,f,t,1.2,f,,t,57,t,0.63,t,90,f,,SVI,-,870102004,otro
61,F,f,f,f,f,f,f,f,f,t,f,f,f,f,f,t,0.38,t,2.7,t,116,t,0.99,t,117,f,,other,-,870102007,otro
66,F,f,f,f,f,f,f,f,f,f,f,f,f,f,f,t,0.06,t,1.6,t,100,t,1.17,t,86,f,,other,-,870102016,otro
82,F,f,f,f,f,f,f,f,f,f,f,f,f,f,f,t,2.3,t,1.6,t,66,t,0.8,t,83,f,,other,-,870102017,otro
60,M,f,f,f,f,f,f,f,f,f,f,f,f,f,f,t,1.7,f,,t,87,t,0.67,t,130,f,,SVI,-,870102018,otro
60,M,f,f,f,f,f,f,f,f,f,f,f,f,f,f,t,1.5,f,,t,71,t,0.83,t,86,f,,SVHC,-,870102019,otro
65,M,f,f,f,f,f,f,f,f,f,f,f,f,f,f,t,4.8,f,,t,65,t,0.91,t,71,f,,SVI,-,870102021,otro
62,F,f,f,f,f,f,f,f,f,f,f,f,f,f,f,t,2.7,f,,t,95,t,0.93,t,102,f,,other,-,870105001,otro
49,F,f,f,f,f,f,f,f,f,t,f,f,f,f,f,t,1.5,f,,t,105,t,0.99,t,106,f,,other,-,870105016,otro
57,M,f,f,f,f,f,f,f,f,f,f,f,f,f,f,t,0.72,f,,t,108,t,0.77,t,140,f,,SVI,-,870105023,otro
47,M,f,f,f,f,f,f,f,f,f,f,f,f,f,f,t,1.6,f,,t,133,t,0.92,t,145,f,,SVHC,-,870105024,otro
51,F,f,f,f,f,f,f,f,f,f,f,f,f,f,f,f,,t,2.2,t,76,t,0.98,t,78,f,,other,-,870105025,otro
48,F,f,f,f,f,f,f,f,f,f,f,f,f,f,f,t,4.7,f,,t,119,t,0.9,t,132,f,,SVI,-,870105026,otro
22,M,f,f,f,f,f,f,f,f,f,f,f,f,f,f,t,1.8,t,1.7,t,104,t,0.89,t,117,f,,SVI,-,870105027,otro
76,M,f,f,f,f,f,f,f,f,f,f,f,f,f,f,t,1.1,f,,t,87,t,0.81,t,107,f,,other,-,870105028,otro
61,F,f,f,f,f,f,f,f,f,t,f,f,f,f,f,t,0.025,t,8,t,202,f,,f,,f,,other,A,870106001,hipertiroidismo
61,F,f,f,f,t,f,f,f,f,f,f,f,f,f,f,t,2.3,f,,t,93,t,0.95,t,98,f,,other,-,870106002,otro
64,M,f,f,f,f,f,f,f,f,f,f,f,f,f,f,t,3.8,f,,t,133,t,0.91,t,146,f,,SVI,-,870106003,otro
80,M,t,f,f,f,f,f,f,t,f,f,f,f,f,f,t,0.045,t,0.9,t,127,t,0.64,t,198,f,,other,L,870106004,otro
34,M,f,f,f,f,f,f,f,f,f,f,f,f,f,f,t,2.3,t,2.2,t,81,t,0.78,t,104,f,,SVI,-,870106019,otro
53,F,f,f,f,f,f,f,f,f,f,f,f,f,f,f,t,0.87,t,2.1,t,122,t,0.97,t,126,f,,SVI,-,870106020,otro
57,M,f,f,f,f,f,f,f,f,f,f,f,f,f,f,t,1.1,t,1.6,t,120,t,0.87,t,138,f,,SVI,-,870106021,otro
57,M,f,f,f,f,f,f,f,f,f,f,f,f,f,f,t,2.1,f,,t,82,t,0.69,t,119,f,,SVI,-,870106027,otro
69,M,f,f,f,f,f,f,f,f,f,f,f,f,f,f,f,,t,1.4,t,118,t,0.87,t,136,f,,SVI,-,870106028,otro
65,M,f,f,f,f,f,f,f,f,f,f,f,f,f,t,t,1.1,t,2.5,t,95,t,0.98,t,97,f,,SVHC,-,870106030,otro
64,M,f,f,f,f,f,f,f,f,f,f,f,f,f,f,t,1.5,t,1.7,t,81,f,,f,,f,,other,-,870106031,otro
25,F,t,f,f,f,f,f,f,f,f,f,f,f,f,f,t,0.97,f,,t,153,t,1.1,t,139,f,,other,-,870106033,otro
31,M,f,f,f,f,f,f,f,f,f,f,f,f,f,f,t,1.4,f,,t,117,t,1.05,t,111,f,,SVI,-,870107002,otro
63,M,f,f,f,f,f,f,f,f,f,f,f,f,f,f,f,,f,,t,105,t,0.95,t,111,f,,other,-,870107006,otro
83,F,f,f,f,f,f,f,f,f,f,f,f,f,f,f,t,1.8,f,,t,147,t,0.92,t,160,f,,SVI,-,870107012,otro
51,M,f,f,f,f,f,f,f,f,f,f,f,f,f,f,t,1.9,t,1.8,t,85,t,0.78,t,109,f,,SVI,-,870107013,otro
73,F,f,f,f,f,f,f,f,t,f,f,f,f,f,f,t,3.3,f,,t,109,t,0.76,t,143,f,,SVI,-,870107014,otro
73,F,t,f,f,f,f,f,f,f,f,f,f,f,f,f,t,2.3,t,1.3,t,100,t,0.88,t,114,f,,other,-,870107015,otro
63,F,f,f,f,f,f,f,f,f,f,f,f,f,f,f,t,0.34,f,,t,112,t,0.98,t,114,f,,SVI,-,870107016,otro
17,M,f,f,f,f,f,f,f,f,f,f,f,f,f,f,t,2.6,t,3,t,89,t,0.99,t,90,f,,other,-,870107031,otro
57,F,f,f,f,f,f,f,f,f,f,f,f,f,f,f,t,0.82,f,,t,131,t,1.06,t,124,f,,other,-,870107037,otro
66,F,f,f,f,f,f,f,f,f,f,f,f,f,f,f,t,85,t,1.8,t,118,t,1.27,t,93,f,,SVI,G,870108001,hipotiroidismo
69,F,f,f,f,f,f,f,f,f,f,f,f,f,f,f,t,0.41,t,2.3,t,160,t,1.06,t,151,f,,SVI,-,870108003,otro
43,M,f,f,f,f,f,f,f,f,f,f,f,f,f,f,t,0.79,f,,t,103,t,0.83,t,124,f,,other,-,870108004,otro
51,M,f,f,f,f,f,f,f,f,f,f,f,f,f,f,t,3.1,f,,t,91,t,0.84,t,108,f,,SVHC,-,870108005,otro
29,F,f,f,f,f,f,f,f,f,f,f,f,f,f,f,t,0.63,t,2.3,t,158,f,,f,,f,,SVI,R,870108006,otro
51,F,f,f,f,f,f,f,f,f,f,f,f,f,f,f,t,59,t,0.2,t,13,f,,f,,f,,SVI,F,870108008,hipotiroidismo
39,M,f,f,f,f,f,f,f,f,f,f,f,f,f,f,t,2.4,f,,t,93,t,0.99,t,94,f,,other,-,870108010,otro
30,F,f,f,f,f,t,f,f,f,f,f,f,f,f,f,t,5.3,t,3.3,t,120,t,1.5,t,80,f,,other,I,870108013,otro
55,F,f,f,f,f,f,f,f,t,f,f,f,f,f,f,t,1.6,t,1.8,t,101,t,1.02,t,99,f,,other,-,870108017,otro
94,F,f,f,f,f,f,f,f,f,f,f,f,f,f,f,t,0.99,t,0.9,t,109,t,0.92,t,119,f,,SVI,K,870108034,otro
58,M,f,f,f,f,f,f,f,f,f,f,f,f,f,f,t,1.4,f,,t,91,t,0.94,t,97,f,,other,-,870108048,otro
87,M,f,f,f,f,f,f,f,f,f,f,f,f,f,f,t,1.1,f,,t,77,t,0.75,t,103,f,,SVI,-,870108049,otro
27,F,f,f,f,f,f,f,f,f,f,f,f,f,f,f,t,0.82,f,,t,105,t,1.08,t,97,f,,other,-,870108053,otro
41,F,t,f,f,f,f,f,f,f,f,f,f,f,f,f,t,0.36,t,1.9,t,154,t,1.04,t,148,f,,other,-,870108056,otro
54,F,f,f,f,f,f,f,f,f,f,f,f,f,f,f,t,4.01,t,1.4,t,69,t,0.94,t,73,f,,other,-,870108062,otro
54,,f,f,f,f,f,f,f,f,f,f,f,f,f,f,t,1.7,t,3,t,141,t,1.2,t,118,f,,other,-,870109001,otro
38,F,t,f,f,f,f,f,f,f,f,f,f,f,f,f,f,,f,,f,,f,,f,,f,,other,-,870109006,otro
76,F,f,f,f,f,f,f,f,f,f,f,f,f,f,f,t,2.8,t,2.4,t,86,t,0.79,t,109,f,,other,-,870109027,otro
41,F,f,f,f,f,f,f,f,f,f,f,f,f,f,t,t,1.1,f,,t,97,t,0.79,t,123,f,,SVHC,-,870109028,otro
68,M,f,f,f,f,f,f,f,f,f,f,f,f,f,f,t,1.5,f,,t,81,t,0.77,t,105,f,,other,-,870109029,otro
73,F,f,f,f,f,f,f,f,t,f,f,f,f,f,f,t,78,f,,t,57,t,0.97,t,59,f,,other,F,870109037,hipotiroidismo
79,M,f,f,f,t,f,f,f,f,f,f,f,f,f,f,t,1.7,f,,t,90,t,0.98,t,92,f,,SVI,-,870109039,otro
84,M,f,f,f,f,f,f,f,f,f,f,f,t,f,f,t,0.48,f,,t,60,t,0.8,t,75,f,,SVI,-,870109040,otro
80,F,f,f,f,f,f,f,f,f,f,f,f,f,f,f,t,0.62,f,,t,86,t,0.58,t,148,f,,other,-,870109041,otro
80,F,f,f,f,t,f,f,f,f,f,f,f,f,f,f,t,0.08,t,2.5,t,68,t,0.83,t,82,f,,SVI,-,870109042,otro
80,M,f,f,f,f,f,f,f,f,f,f,f,f,f,f,t,1.2,t,1.1,t,88,t,0.83,t,106,f,,SVI,K,870109043,otro
73,F,f,f,f,f,f,f,f,t,f,f,f,f,f,f,t,2,t,2.2,t,119,t,1.06,t,112,f,,SVI,-,870109056,otro
73,F,f,f,f,f,f,f,f,f,t,f,f,f,f,f,t,2.3,f,,t,94,t,0.91,t,103,f,,SVHC,-,870109063,otro
73,F,f,f,f,f,f,f,f,f,t,f,f,f,f,t,t,1.4,f,,t,136,t,1.07,t,127,f,,SVHC,-,870109064,otro
68,F,f,f,f,f,f,f,f,f,f,f,f,f,f,f,t,20,f,,t,63,t,1.01,t,62,f,,SVHC,F,870109067,hipotiroidismo
30,M,f,f,f,f,f,f,f,f,f,f,f,f,f,t,t,2.5,f,,t,126,t,0.87,t,145,f,,SVHC,-,870109068,otro
54,F,f,f,f,f,f,f,f,f,f,f,f,f,f,f,t,1.2,t,2.4,t,91,t,0.95,t,96,f,,other,-,870112001,otro
23,M,f,f,f,f,f,f,f,f,f,f,f,f,f,f,t,1.2,f,,t,100,t,0.72,t,139,f,,SVI,-,870112002,otro
67,M,f,f,f,f,f,f,f,f,f,f,f,f,f,f,t,4.7,f,,t,70,t,0.95,t,74,f,,SVHC,-,870112005,otro
61,F,t,f,f,f,f,f,f,f,f,f,f,f,f,f,t,0.04,f,,t,151,t,0.85,t,178,f,,other,N,870112011,otro
84,M,f,f,f,f,f,f,f,f,t,f,f,t,f,f,t,0.54,f,,t,72,t,0.7,t,103,f,,SVI,-,870112012,otro
27,F,f,f,f,f,t,f,f,f,f,f,f,f,f,f,t,1.4,f,,t,106,t,1.79,t,59,f,,STMW,I,870112013,otro
43,F,t,f,f,f,f,f,f,f,f,f,f,f,f,f,t,2.1,f,,t,90,t,1.11,t,81,f,,other,-,870112023,otro
69,M,f,f,f,f,f,f,f,f,f,f,f,f,f,f,t,0.26,t,1.1,t,99,t,1.23,t,81,f,,SVI,K,870112024,otro
36,M,f,f,f,f,f,f,f,f,f,f,f,f,f,f,t,0.93,f,,t,78,t,0.79,t,99,f,,SVI,-,870112025,otro
80,F,f,f,f,f,f,f,f,f,f,f,f,f,f,f,t,3.4,f,,t,101,t,0.66,t,153,f,,SVI,-,870112027,otro
79,M,f,f,f,t,f,f,f,f,f,f,f,f,f,f,t,2,t,1.8,t,103,t,1,t,103,f,,SVI,-,870112028,otro
44,M,t,f,f,f,f,f,f,f,f,t,f,f,f,t,t,1.4,f,,t,70,t,0.7,t,100,f,,SVHC,-,870112030,otro
44,,f,f,f,f,f,f,t,t,f,f,f,f,f,f,t,0.12,f,,t,106,t,0.93,t,114,f,,other,-,870112031,otro
37,M,f,f,f,f,f,f,f,f,f,f,f,f,f,f,t,1.7,f,,t,76,f,,f,,f,,other,-,870112032,otro
75,F,f,f,f,f,f,f,f,t,f,f,f,f,f,f,t,1.2,t,1.2,t,77,t,0.65,t,118,f,,SVI,-,870112033,otro
30,F,f,f,f,f,f,f,f,f,f,f,f,f,f,f,t,1.4,f,,t,92,t,0.85,t,108,f,,other,-,870112035,otro
30,F,f,f,f,f,f,f,f,f,f,f,f,f,f,t,t,3.5,f,,t,69,t,0.86,t,80,f,,SVHC,-,870112037,otro
60,M,f,f,f,f,f,f,f,f,f,f,f,f,f,f,t,0.45,t,2.5,t,153,t,1.05,t,146,f,,SVHC,-,870112038,otro
24,M,f,f,f,f,f,f,f,f,f,f,f,f,f,f,t,2.1,f,,t,116,t,0.8,t,145,f,,SVHC,-,870112039,otro
43,M,f,f,f,f,f,f,f,f,f,f,f,f,f,f,t,0.29,f,,t,46,t,0.64,t,72,f,,other,J,870112040,otro
15,F,f,f,f,f,f,f,f,f,f,f,f,f,f,f,t,3.1,f,,t,64,t,0.78,t,82,f,,other,-,870112041,otro
15,F,f,f,f,f,f,f,f,f,f,f,f,f,f,f,t,28,f,,t,208,t,2.03,t,102,f,,other,I,870113001,otro
64,M,t,f,f,f,f,f,f,t,f,f,f,f,f,f,t,3.3,f,,t,89,t,0.65,t,137,f,,other,-,870113003,otro
54,M,f,f,f,f,f,f,f,f,f,f,f,f,f,f,t,0.96,f,,t,128,t,0.8,t,160,f,,SVI,-,870113011,otro
56,F,f,f,f,f,f,f,f,f,t,f,f,f,f,f,t,4.4,t,1.9,t,88,t,0.83,t,106,f,,SVI,-,870113013,otro
40,F,t,f,f,f,f,f,f,f,f,f,f,t,f,f,t,0.05,f,,t,146,t,1.04,t,140,f,,other,-,870113027,otro
48,F,f,f,f,f,f,f,f,f,f,f,f,f,f,f,t,2.1,f,,t,62,t,0.9,t,69,f,,SVI,-,870113028,otro
57,M,f,f,f,f,f,f,f,f,f,f,f,f,f,f,t,0.78,f,,t,134,t,0.94,t,143,f,,SVHC,-,870113029,otro
51,F,f,f,f,f,f,f,f,t,f,f,f,f,f,f,t,1.4,t,1.5,t,37,t,0.71,t,52,f,,SVI,K,870113030,otro
56,M,f,f,f,f,f,f,f,f,f,f,f,f,f,f,t,0.53,f,,t,107,t,0.97,t,109,f,,SVI,-,870113032,otro
71,,f,f,f,f,f,f,f,f,f,f,f,f,f,f,t,3.8,f,,t,83,t,0.77,t,108,f,,SVI,-,870113033,otro
69,M,f,f,f,f,f,f,f,f,f,f,t,f,f,f,t,0.16,t,1,t,106,t,1.24,t,86,f,,SVI,K,870113034,otro
70,M,f,f,f,f,f,f,f,f,f,f,f,f,f,f,t,2.1,t,0.7,t,81,t,0.57,t,142,f,,SVI,K,870113036,otro
63,F,t,f,f,f,f,f,f,f,f,f,f,f,f,f,t,11,f,,t,57,t,1,t,57,f,,other,F,870113038,hipotiroidismo
57,F,f,f,f,f,f,f,f,f,f,f,f,f,f,f,t,2.2,t,1.9,t,94,t,0.9,t,104,f,,other,-,870113042,otro
10,M,f,f,f,f,f,f,f,f,f,f,f,f,f,f,t,2.5,f,,t,109,t,1,t,109,f,,other,-,870113047,otro
22,F,f,f,f,f,f,f,f,f,f,f,f,f,f,f,f,,f,,f,,f,,f,,f,,other,-,870114007,otro
41,F,f,f,f,f,f,f,f,f,f,f,f,f,f,f,f,,f,,f,,f,,f,,f,,other,-,870114015,otro
52,M,f,f,f,f,f,f,f,f,f,f,f,f,f,f,t,1.4,f,,t,97,t,0.87,t,112,f,,SVI,-,870114023,otro
67,M,f,f,f,f,f,f,f,f,t,f,f,f,f,f,t,1.7,f,,t,86,t,0.82,t,105,f,,other,-,870114024,otro
40,F,f,f,f,f,f,f,f,f,f,f,f,f,f,f,t,2.1,f,,t,134,t,1.17,t,115,f,,other,-,870114025,otro
42,F,f,f,f,f,f,f,f,f,f,f,f,f,f,f,f,,t,3.2,t,174,f,,f,,f,,SVI,A,870114026,hipertiroidismo
63,F,f,f,f,f,f,f,f,f,t,f,f,f,f,f,t,2.1,t,3.1,t,126,t,1.66,t,76,f,,other,I,870114027,otro
80,F,f,f,f,f,f,f,f,f,f,f,f,f,f,f,t,0.06,f,,t,101,t,0.58,t,174,f,,other,-,870114028,otro
80,F,f,f,f,f,f,f,f,f,f,f,f,f,f,f,t,3.9,t,2.1,t,101,t,0.92,t,110,f,,other,-,870114029,otro
79,F,f,f,f,f,f,f,f,f,f,f,f,f,f,f,t,1.6,f,,t,57,t,0.66,t,86,f,,SVI,-,870114032,otro
15,M,f,f,f,f,f,f,f,f,f,f,f,f,f,f,t,1.5,f,,t,71,t,0.82,t,87,f,,other,-,870114033,otro
75,F,f,f,f,f,f,f,f,f,f,f,f,f,f,f,t,17,t,1.4,t,104,t,1.15,t,90,f,,SVI,G,870114034,hipotiroidismo
43,F,f,f,f,f,f,f,f,f,f,f,f,f,f,f,t,1.4,f,,t,82,t,0.88,t,93,f,,SVI,-,870114035,otro
62,F,t,f,f,f,f,f,f,f,t,f,f,f,f,f,t,3.9,f,,t,84,t,1.02,t,82,f,,other,-,870114037,otro
62,M,f,f,f,f,f,f,f,f,f,f,f,f,f,f,t,2.6,f,,t,78,t,0.7,t,111,f,,other,-,870114038,otro
75,F,f,f,f,f,f,f,f,f,f,f,f,f,f,f,t,0.12,f,,t,115,t,0.91,t,126,f,,other,-,870114039,otro
42,F,f,f,f,f,f,f,f,f,f,f,f,f,f,f,t,0.89,t,2.1,t,114,t,1.04,t,110,f,,other,-,870114040,otro
65,M,f,f,f,f,f,f,f,f,f,f,f,f,f,f,t,0.73,t,1.8,t,85,t,0.9,t,94,f,,other,-,870114044,otro
65,F,t,f,f,f,f,f,t,t,f,f,f,f,f,f,t,4.1,t,2.1,t,135,t,1.19,t,113,f,,other,-,870114045,otro
31,F,f,f,f,f,f,f,f,f,f,f,f,f,f,f,f,,t,1.5,t,71,t,0.73,t,97,f,,other,-,870114047,otro
31,M,f,f,f,f,f,f,f,f,f,f,f,f,f,f,f,,f,,f,,f,,f,,f,,other,-,870114057,otro
57,M,f,f,f,f,f,f,f,f,f,f,f,f,f,f,t,1.4,f,,t,79,t,0.85,t,92,f,,other,-,870115001,otro
74,F,f,f,f,t,f,f,f,f,f,f,f,f,f,f,t,53,t,1,t,49,t,1.25,t,39,f,,SVI,F,870115016,hipotiroidismo
47,F,f,f,f,f,f,f,f,f,f,f,f,f,f,f,t,5.8,f,,t,71,t,0.71,t,100,f,,other,-,870115027,otro
26,F,f,f,f,f,f,f,f,f,f,f,f,f,f,f,t,0.06,f,,t,118,t,0.65,t,182,f,,other,-,870115032,otro
42,F,t,f,f,f,f,f,f,t,f,f,f,f,f,f,t,2.3,t,1.3,t,59,t,0.73,t,81,f,,other,-,870115033,otro
76,M,f,f,f,f,f,f,f,f,f,f,f,f,f,f,t,7.4,f,,t,122,t,0.94,t,130,f,,SVI,G,870115042,hipotiroidismo
69,F,f,f,f,f,f,f,f,f,f,f,f,t,f,f,t,3.6,f,,t,68,t,0.8,t,85,f,,SVI,-,870115049,otro
63,F,t,f,f,f,f,f,f,t,f,f,f,f,f,f,t,3.4,f,,t,111,t,0.88,t,126,f,,other,-,870115057,otro
42,F,f,f,t,f,f,f,f,f,f,f,f,f,f,f,t,2.4,t,1.8,t,102,t,0.95,t,107,f,,other,-,870115061,otro
15,F,f,f,f,f,f,f,f,f,t,f,f,f,f,f,t,12,f,,t,92,t,0.96,t,96,f,,other,G,870116005,hipotiroidismo
48,F,f,f,f,f,f,f,f,f,f,f,f,f,f,f,t,1.4,f,,t,104,t,1.09,t,95,f,,other,-,870116006,otro
63,F,f,f,f,f,f,f,f,f,f,f,f,f,f,f,t,1.3,f,,t,62,t,0.77,t,81,f,,other,-,870116009,otro
80,M,f,f,f,f,f,f,f,f,f,f,f,f,f,f,t,0.74,f,,t,94,t,0.84,t,112,f,,SVI,-,870116010,otro
40,F,f,f,f,f,f,f,f,f,f,f,f,f,f,f,t,1.1,f,,t,113,t,1.1,t,103,f,,STMW,-,870116013,otro
16,M,f,f,f,f,f,f,f,f,f,f,f,f,f,f,f,,f,,t,124,t,0.82,t,151,f,,SVHC,-,870116036,otro
35,F,f,f,f,f,f,f,f,f,f,f,f,f,f,f,f,,f,,f,,f,,f,,f,,other,-,870116037,otro
75,F,t,f,f,f,f,f,f,t,f,f,f,f,f,f,t,18,f,,t,54,t,1.03,t,53,f,,SVI,F,870116038,hipotiroidismo
62,M,f,f,f,f,f,f,f,f,f,f,f,f,f,f,t,1.1,f,,t,81,t,0.78,t,104,f,,SVI,-,870116039,otro
84,F,f,f,f,f,f,f,f,f,f,f,f,f,f,f,t,0.34,f,,t,105,t,0.93,t,113,f,,SVI,-,870116040,otro
80,M,f,f,f,f,f,f,f,f,f,f,f,f,f,f,t,3.3,f,,t,111,t,0.92,t,121,f,,SVI,-,870116041,otro
64,M,f,f,f,f,f,f,f,f,f,f,f,f,f,f,t,0.81,f,,t,31,t,0.55,t,56,f,,SVI,K,870116043,otro
16,M,f,f,f,f,f,f,f,f,f,f,f,f,f,f,t,2.6,f,,t,122,t,0.86,t,142,f,,SVHC,-,870116044,otro
54,M,f,f,f,f,f,f,f,f,f,f,f,f,f,f,t,1.1,f,,t,105,t,0.82,t,128,f,,SVHC,-,870116045,otro
78,M,f,f,f,f,f,f,f,f,f,f,f,f,f,f,t,0.97,f,,t,97,t,0.73,t,133,f,,SVI,-,870116046,otro
60,M,f,f,t,f,f,f,f,f,f,f,f,f,f,f,t,0.18,f,,t,28,t,0.87,t,32,f,,other,K,870116053,otro
64,M,f,f,f,f,f,f,f,t,f,f,f,f,f,f,f,,f,,t,44,t,0.53,t,83,f,,other,J,870119002,otro
72,F,f,f,f,f,f,f,f,f,f,f,f,f,f,f,f,,f,,t,125,t,1.05,t,119,f,,SVI,-,870119003,otro
72,F,f,f,f,f,f,f,f,f,t,f,f,f,f,f,f,,f,,t,93,t,1,t,93,f,,other,-,870119005,otro
46,F,f,f,f,f,f,f,f,f,f,t,f,f,f,t,f,,f,,t,70,t,0.75,t,93,f,,SVHC,-,870119007,otro
36,F,f,f,f,f,f,f,f,f,f,f,f,f,f,f,f,,f,,t,84,t,1.26,t,67,f,,other,I,870119008,otro
69,F,t,f,f,f,f,f,f,f,f,f,f,t,f,f,f,,f,,t,94,t,0.94,t,100,f,,SVI,-,870119009,otro
40,F,f,f,f,f,f,f,f,f,f,f,f,f,f,f,f,,f,,t,67,t,0.79,t,85,f,,other,-,870119019,otro
33,F,f,f,f,f,f,f,f,f,f,f,f,f,f,f,f,,f,,t,76,t,0.66,t,115,f,,other,-,870119020,otro
70,F,f,f,f,f,f,f,f,f,f,f,f,f,f,f,f,,f,,t,88,t,0.74,t,119,f,,SVI,-,870119021,otro
56,M,f,f,f,f,f,f,f,f,t,f,f,f,f,f,f,,f,,t,64,t,0.83,t,77,f,,SVI,-,870119022,otro
22,M,f,f,f,f,f,f,f,f,f,f,f,f,f,f,f,,f,,t,91,t,0.92,t,99,f,,SVI,-,870119023,otro
69,M,f,f,f,f,f,f,f,f,f,f,f,f,f,f,f,,f,,t,113,t,1.27,t,89,f,,SVI,I,870119025,otro
47,F,f,f,f,f,f,f,f,f,f,f,f,f,f,f,f,,f,,t,75,t,0.85,t,88,f,,other,-,870119027,otro
31,M,f,f,f,f,f,f,f,t,f,f,f,f,f,f,f,,f,,t,66,t,1.02,t,65,f,,other,-,870119035,otro
